8210,RWD,PT-IronHearts,PT,2114739,alexdts,44,448,1,0
8210,RWD,PT-IronHearts,PT,2097532,DeathFoundry,67,49,1,0
8210,RWD,PT-Penguins,PT,365236,Porco,99,7497,1,0
8210,RWD,PT-Penguins,PT,1682299,EmperorGarm,90,7497,1,0
8210,RWD,PT-Penguins,PT,112147,Maikye,96,7497,1,0
8210,RWD,PT-Penguins,PT,117259,Ranf,90,7497,1,0
8210,RWD,PT-Penguins,PT,1654931,thestud,98,7497,1,0
8210,RWD,PT-Penguins,PT,62172,johndoe3rd,88,7046,1,0
8210,RWD,PT-Penguins,PT,34298,Butters,85,2113,1,0
8210,RWD,PT-Penguins,PT,1613023,Broly,16,587,1,0
8210,RWD,PT-Penguins,PT,42111,Beer_Bear,96,142,1,0
8212,VVD,Unrelenting,R*1,1553363,Blistig,92,65780,15,19
8212,VVD,Unrelenting,C.R,1955477,Rowdy_Rebel357,86,42069,3,19
8212,VVD,Unrelenting,R*1,958018,uLtraZ,100,41633,2,1
8212,VVD,Unrelenting,LS,1673331,Marshmalllow,92,39433,7,2
8212,VVD,Unrelenting,C.R,360957,CaptainBiceps,99,36911,1,4
8212,VVD,Unrelenting,~WP~,1865614,MissMary,84,36772,6,3
8212,VVD,Unrelenting,C.R,148961,Thrie,100,32156,2,0
8212,VVD,Unrelenting,IBB,917218,Bones,100,30465,2,7
8212,VVD,Unrelenting,~WP~,208206,TranQuilizer,99,30392,1,1
8212,VVD,Unrelenting,~SA~,204836,Slork,100,30264,1,0
8212,VVD,Unrelenting,R*1,1793493,Rocmann,92,30064,2,5
8212,VVD,Unrelenting,UR,4309,Buzz,95,27972,4,9
8212,VVD,Unrelenting,R*1,429874,Rumple4skinz,97,26708,1,0
8212,VVD,Unrelenting,ELTI,1537436,JrPacman,82,25262,1,0
8212,VVD,Unrelenting,~WP~,1978428,Yautja,83,24995,6,0
8212,VVD,Unrelenting,R*1,1629756,Lord_Gorgen,100,24594,1,5
8212,VVD,Unrelenting,UR,2075246,EwokVillage,58,24245,62,1
8212,VVD,Unrelenting,R*1,442254,Montana,100,22890,2,5
8212,VVD,Unrelenting,~WP~,2003190,kittenaround,85,20111,4,1
8212,VVD,Unrelenting,R*1,194822,Illusions,99,19150,1,0
8212,VVD,Unrelenting,C.R,1805217,Devoid,84,18438,4,1
8212,VVD,Unrelenting,R*1,900534,Dekloren,100,16768,2,0
8212,VVD,Unrelenting,R*1,1811936,madbuns,100,15175,3,0
8212,VVD,Unrelenting,C.R,1601768,Mundo,90,15156,7,1
8212,VVD,Unrelenting,~SA~,482424,Nabisco,94,14921,2,0
8212,VVD,Unrelenting,C.R,1288134,Browe,99,14864,3,0
8212,VVD,Unrelenting,C.R,1264011,Kraft,90,14692,4,1
8212,VVD,Unrelenting,UR,420862,Rico_,86,14539,1,0
8212,VVD,Unrelenting,R*1,1626270,mortisult,98,13511,1,0
8212,VVD,Unrelenting,ELTI,1977555,sharpener,56,13111,9,0
8212,VVD,Unrelenting,-LG-,270923,shaz1,77,13044,2,0
8212,VVD,Unrelenting,C.R,2021279,Raynie_,84,12777,3,0
8212,VVD,Unrelenting,FTW,1815556,Nesa,100,12757,1,2
8212,VVD,Unrelenting,C.R,118943,_Big_GuNz_,100,12740,3,0
8212,VVD,Unrelenting,UR,1900654,ItsZahid,65,11282,40,5
8212,VVD,Unrelenting,UR,2031027,Woytech,39,10706,8,0
8212,VVD,Unrelenting,UR,2049768,Haiku,64,10632,22,2
8212,VVD,Unrelenting,R*1,1713565,Yeezy,89,10625,2,0
8212,VVD,Unrelenting,UR,1992877,Zakara,37,10381,1,0
8212,VVD,Unrelenting,UR,2072034,MolonLabe,58,9442,16,0
8212,VVD,Unrelenting,R*1,1547659,Ubique,99,9374,1,0
8212,VVD,Unrelenting,C.R,1967332,MBX,90,9239,1,1
8212,VVD,Unrelenting,UR,1724255,BigBoyKhan,62,9215,15,1
8212,VVD,Unrelenting,SWAN,1425903,RaverBaloo,60,9101,17,1
8212,VVD,Unrelenting,URM,115716,ScroogeMcDuck,78,8887,1,2
8212,VVD,Unrelenting,UR,2075264,JinHoshi,60,8729,15,2
8212,VVD,Unrelenting,ELTI,2096222,TheGTrain,50,8718,17,15
8212,VVD,Unrelenting,UR,1980309,gustapo,65,8642,6,2
8212,VVD,Unrelenting,UR,1980299,Tanne,56,7101,1,1
8212,VVD,Unrelenting,R*1,38031,Pascal,100,6597,2,1
8212,VVD,Unrelenting,UR,2082068,NevilleHuffy,39,6225,8,0
8212,VVD,Unrelenting,UR,2192470,EvenOdds_,32,5982,15,11
8212,VVD,Unrelenting,R*1,1832759,CrookedPaper,93,5630,2,0
8212,VVD,Unrelenting,UR,2066685,Pachico,61,5141,31,14
8212,VVD,Unrelenting,UR,2102067,Lilith137,37,4360,9,0
8212,VVD,Unrelenting,UR,420413,DrWEEDKILLA,65,4112,10,0
8212,VVD,Unrelenting,UR,586394,Cynical,52,3974,2,1
8212,VVD,Unrelenting,UR,1040269,Uncle_D,61,3778,3,1
8212,VVD,Unrelenting,FTW,843586,Majsan,85,2888,1,0
8212,VVD,Unrelenting,UR,2203961,Red-Rabbit,23,2848,4,0
8212,VVD,Unrelenting,UR,2114845,Jedlin,25,2385,3,0
8212,VVD,Unrelenting,~WP~,1716970,loveu2,94,2237,4,0
8212,VVD,Unrelenting,UR,10163,xXSupraXx,40,2211,4,0
8212,VVD,Unrelenting,C.R,1420465,Mujera,82,2205,2,0
8212,VVD,Unrelenting,UR,1236433,ChuYuyan,51,2016,4,1
8212,VVD,Unrelenting,UR,2161724,CaptainGreen,25,2004,7,0
8212,VVD,Unrelenting,C.R,1352251,ChristmasBazaar,100,1942,2,0
8212,VVD,Unrelenting,UR,2116074,xHageneeSx,40,1896,4,1
8212,VVD,Unrelenting,UR,1776756,Cxurtney,39,1763,4,0
8212,VVD,Unrelenting,R*1,1025410,Pops,99,1698,8,0
8212,VVD,Unrelenting,UR,1815363,Wing-Zero,65,1607,3,2
8212,VVD,Unrelenting,UR,1383932,Seedman123,45,1509,1,0
8212,VVD,Unrelenting,UR,111337,PxKSnowball,68,1503,6,3
8212,VVD,Unrelenting,UR,1179551,holman76,57,1382,1,0
8212,VVD,Unrelenting,UR,1850088,Yellow,33,1208,6,0
8212,VVD,Unrelenting,UR,2097950,biltre,23,1172,2,0
8212,VVD,Unrelenting,UR,1784533,ametropia,61,1172,14,1
8212,VVD,Unrelenting,UR,1670030,Bernzzzie,49,1075,1,0
8212,VVD,Unrelenting,UR,920743,aftershock,66,833,2,0
8212,VVD,Unrelenting,UR,2040977,k3ryck,32,675,1,0
8212,VVD,Unrelenting,UR,2107926,Wompyyy,42,502,5,5
8212,VVD,Unrelenting,UR,2150607,Blakeness,30,477,3,0
8212,VVD,Unrelenting,UR,2127863,OpenSeason,34,474,4,0
8212,VVD,Unrelenting,UR,2110470,DeathToAmerica,35,436,4,0
8212,VVD,Unrelenting,UR,21666,Mix,98,379,2,1
8212,VVD,Unrelenting,UR,1044045,WasteItOnMe,42,182,2,0
8212,VVD,Unrelenting,C.R,1712182,Muttley,86,178,1,0
8212,VVD,Unrelenting,UR,1190859,Ultimate-Ace,29,58,1,0
8212,VVD,Unrelenting,UR,1927822,Hisame,41,47,1,1
8212,VVD,Unrelenting,UR,2037803,Sarcasmboy,57,30,1,0
8212,VVD,Unrelenting,UR,1754417,MRDON,17,2,1,0
8212,VVD,Unrelenting,UR,1662528,Lucretia,45,0,0,1
8212,VVD,Unrelenting,~WP~,574812,Kamster,84,0,0,2
8212,VVD,Unrelenting,UR,1924816,Prometheus,62,0,0,1
8212,VVD,PT-IronHearts,PT,1923258,Josephine,20,48978,44,3
8212,VVD,PT-IronHearts,PT,812448,QuimBarreiros,88,33005,10,0
8212,VVD,PT-IronHearts,PT,112147,Maikye,96,28305,3,0
8212,VVD,PT-IronHearts,PT,1905958,Queenie,67,27010,19,0
8212,VVD,PT-IronHearts,PT,1024935,deVona,89,18239,2,0
8212,VVD,PT-IronHearts,PT,2057764,FlyingPotato,79,18165,11,0
8212,VVD,PT-IronHearts,PT,1633697,4llsopp,84,16678,7,0
8212,VVD,PT-IronHearts,PT,37524,aurigus,55,16667,32,11
8212,VVD,PT-IronHearts,PT,2062714,-Grey-,15,12697,16,0
8212,VVD,PT-IronHearts,PT,2100546,Legaci,60,12642,66,3
8212,VVD,PT-IronHearts,PT,2074333,Ish_Joker,75,12495,22,3
8212,VVD,PT-IronHearts,PT,1770001,Kamatez,15,11618,49,0
8212,VVD,PT-IronHearts,PT,2097454,Dr-Strangelove,55,11411,39,7
8212,VVD,PT-IronHearts,PT,1066552,Steam,50,10227,24,1
8212,VVD,PT-IronHearts,PT,2104152,Cain,43,9822,32,1
8212,VVD,PT-IronHearts,PT,2143412,RedHaZe,20,7653,24,0
8212,VVD,PT-IronHearts,PT,2095668,Doclone,15,7525,9,3
8212,VVD,PT-IronHearts,PT,2197102,Inochi,25,7241,25,0
8212,VVD,PT-IronHearts,PT,2078249,Yonsink,35,6136,22,2
8212,VVD,PT-IronHearts,PT,1772426,blindwaves,54,5983,37,0
8212,VVD,PT-IronHearts,PT,1524338,OmegaNoob,20,5868,5,0
8212,VVD,PT-IronHearts,PT,2040750,Ishtar,40,5747,4,0
8212,VVD,PT-IronHearts,undefined,2192246,Bexy,26,5569,33,0
8212,VVD,PT-IronHearts,PT,2161353,Frankieboy,23,4287,1,0
8212,VVD,PT-IronHearts,PT,2243653,Barry90,15,4210,9,0
8212,VVD,PT-IronHearts,PT,1658676,Trippn,35,3876,11,0
8212,VVD,PT-IronHearts,PT,876657,Cheb,38,3583,11,0
8212,VVD,PT-IronHearts,PT,2160404,xJoKer,40,3559,4,0
8212,VVD,PT-IronHearts,PT,2104143,Smartaq,31,3450,24,0
8212,VVD,PT-IronHearts,PT,1862221,Shaon,31,3435,19,0
8212,VVD,PT-IronHearts,PT,968436,IKNUCKLESI,33,2949,7,0
8212,VVD,PT-IronHearts,PT,2097532,DeathFoundry,67,2901,7,0
8212,VVD,PT-IronHearts,undefined,2148539,Piccolo_Latte,28,2522,13,0
8212,VVD,PT-IronHearts,PT,2076337,Blunt,41,2420,5,1
8212,VVD,PT-IronHearts,PT,1575998,Siege,32,2355,9,0
8212,VVD,PT-IronHearts,PT,2162593,EpicEr1c,40,2190,1,0
8212,VVD,PT-IronHearts,PT,1968660,DavetheWanderer,21,1689,8,1
8212,VVD,PT-IronHearts,PT,1310886,Boxxy,85,1583,2,0
8212,VVD,PT-IronHearts,undefined,2255206,Blowingsmoke420,3,1557,2,0
8212,VVD,PT-IronHearts,PT,1008616,Infamouspt,35,1461,4,2
8212,VVD,PT-IronHearts,PT,1879936,Corvidae,73,1448,3,0
8212,VVD,PT-IronHearts,GnM,2100412,Anis,31,1344,5,0
8212,VVD,PT-IronHearts,PT,1962806,Prized,15,1335,1,0
8212,VVD,PT-IronHearts,-LG-,2245726,-Azrael,15,1334,10,0
8212,VVD,PT-IronHearts,PT,2148162,Hivey,20,1297,4,0
8212,VVD,PT-IronHearts,PT,2112641,Lazerpent,32,1238,4,0
8212,VVD,PT-IronHearts,PT,2040019,RandomGuy_,40,1237,3,0
8212,VVD,PT-IronHearts,PT,2147182,Arindom,23,1202,7,0
8212,VVD,PT-IronHearts,PT,2113557,DOM,15,1134,4,0
8212,VVD,PT-IronHearts,undefined,2066557,Valentine,36,1030,2,0
8212,VVD,PT-IronHearts,PT,2161155,Suicidewoody,33,907,8,0
8212,VVD,PT-IronHearts,PT,2162372,LeiHua,34,902,10,0
8212,VVD,PT-IronHearts,PT,2234445,-Jay-,15,769,2,0
8212,VVD,PT-IronHearts,PT,1367392,Ase,35,643,2,0
8212,VVD,PT-IronHearts,PT,1044317,misanthrope,65,635,9,4
8212,VVD,PT-IronHearts,PT,2229735,stormgiant,16,568,4,0
8212,VVD,PT-IronHearts,PT,2157640,mkmarq,37,448,7,0
8212,VVD,PT-IronHearts,PT,2099489,Valir,31,445,3,0
8212,VVD,PT-IronHearts,PT,1071220,pat2008,83,421,5,0
8212,VVD,PT-IronHearts,PT,2246740,BigMilo,16,372,4,0
8212,VVD,PT-IronHearts,PT,2159812,AlphaFrog,42,361,4,0
8212,VVD,PT-IronHearts,PT,2113465,Drizella,15,307,7,0
8212,VVD,PT-IronHearts,undefined,2251793,Fatal76,5,276,1,0
8212,VVD,PT-IronHearts,PT,448872,Massarelli,89,265,2,0
8212,VVD,PT-IronHearts,PT,1875583,BulumicRainbows,42,261,8,0
8212,VVD,PT-IronHearts,PT,2197220,GoAwayNavi,23,261,2,0
8212,VVD,PT-IronHearts,PT,2016129,bcla7,57,252,3,4
8212,VVD,PT-IronHearts,PT,1163749,2nd_Skin,86,238,1,0
8212,VVD,PT-IronHearts,PT,2114739,alexdts,44,215,2,0
8212,VVD,PT-IronHearts,PT,1613023,Broly,16,191,1,1
8212,VVD,PT-IronHearts,PT,527397,cooljoew,62,167,2,0
8212,VVD,PT-IronHearts,PT,330973,Hogfather,78,121,1,0
8212,VVD,PT-IronHearts,PT,1476472,paddybhoy1,85,115,1,0
8212,VVD,PT-IronHearts,PT,2157944,Mhanz,23,60,1,0
8212,VVD,PT-IronHearts,PT,532553,Asuran,31,56,1,0
8212,VVD,PT-IronHearts,BS,2074167,Blazescorch,40,41,1,0
8212,VVD,PT-IronHearts,PT,949262,MeRocks,69,31,2,1
8212,VVD,PT-IronHearts,KMA,2185985,JonnyCase,25,11,1,0
8212,VVD,PT-IronHearts,PT,1867085,Recidivist,40,0,0,3
8214,UUD,PT-IronHearts,undefined,2254886,CaptainRedBear,5,3056,1,0
8214,UUD,PT-IronHearts,undefined,2192246,Bexy,26,600,3,0
8214,UUD,PT-IronHearts,PT,1613023,Broly,16,61,1,0
8214,UUD,PT-Calculated,PT,1480701,-mad,82,12021,1,0
8214,UUD,PT-Calculated,undefined,1503919,Valaskjalf,95,12021,1,0
8214,UUD,PT-Calculated,PT,1544514,Murd0Maniak,97,12021,1,0
8214,UUD,PT-Calculated,PT,882958,Grif,95,12021,1,0
8214,UUD,PT-Calculated,PT,761776,I_Am_BaZaaR,72,12021,1,0
8214,UUD,PT-Calculated,PT,1565387,WWG1WGA,75,12021,1,0
8214,UUD,PT-Calculated,PT,1609138,_AJ_,74,12021,1,0
8214,UUD,PT-Calculated,PT,67441,Destroys,100,12021,1,0
8214,UUD,PT-Calculated,PT,65635,bangster,91,12021,1,0
8214,UUD,PT-Calculated,PT,1434914,Zwixxx,83,9778,1,0
8214,UUD,PT-Calculated,undefined,1263800,0zero7,55,9714,1,0
8214,UUD,PT-Calculated,PT,2078209,PissinLizard,48,9168,1,0
8214,UUD,PT-Calculated,PT,1686809,lifu,65,7075,1,0
8214,UUD,PT-Calculated,JFK™,27478,HellR4iser,100,4587,1,0
8214,UUD,PT-Calculated,PT,155541,MasterOfSex,93,3977,1,0
8214,UUD,PT-Calculated,PT,887880,Devils-Advocate,88,3325,1,0
8214,UUD,PT-Calculated,PT,940584,ruler,100,3237,1,0
8214,UUD,PT-Calculated,PT,1899687,ralucakiss84,96,2996,1,0
8214,UUD,PT-Calculated,PT,470426,Mins,81,2988,1,0
8214,UUD,PT-Calculated,PT,387520,Yuki_kuran,36,2919,1,0
8214,UUD,PT-Calculated,PT,1183240,Rua,71,1833,1,0
8214,UUD,PT-Calculated,PT,2046131,Sub,89,645,1,0
8214,UUD,PT-Calculated,PT,2027126,Saf36,50,455,1,0
8214,UUD,PT-Calculated,PT,42111,Beer_Bear,96,435,1,0
8214,UUD,PT-Calculated,PT,1710839,Gatusso,37,183,1,0
8216,RSC,Subversive Alliance,~SA~,23707,Hate_Train,99,58353,1,2
8216,RSC,Subversive Alliance,~SA~,557912,All_in_Ken,100,58264,1,4
8216,RSC,Subversive Alliance,~SA~,482424,Nabisco,94,58184,1,2
8216,RSC,Subversive Alliance,~SA~,621230,MassiveWeapon,97,58181,3,1
8216,RSC,Subversive Alliance,~SA~,1474127,Stylin,100,57849,1,0
8216,RSC,Subversive Alliance,~SA~,131289,Mia,99,54171,3,0
8216,RSC,Subversive Alliance,~SA~,41035,neo-twister,98,47949,1,0
8216,RSC,Subversive Alliance,~SA~,256222,MmM,97,40920,1,0
8216,RSC,Subversive Alliance,~SA~,1729682,Shady_Lady,96,39682,1,0
8216,RSC,Subversive Alliance,C.R,239119,Veins,96,39064,1,0
8216,RSC,Subversive Alliance,~SA~,983221,Nath,100,37195,2,2
8216,RSC,Subversive Alliance,~SA~,1689701,miro,100,37029,2,0
8216,RSC,Subversive Alliance,FTW,1315845,Billiken,97,34224,2,0
8216,RSC,Subversive Alliance,~SA~,622539,gintux,87,33235,2,0
8216,RSC,Subversive Alliance,~SA~,208701,njprops,96,28688,1,0
8216,RSC,Subversive Alliance,~SA~,420062,flumpster,97,27087,1,0
8216,RSC,Subversive Alliance,FTW,915279,glados,98,26951,1,0
8216,RSC,Subversive Alliance,~SA~,30264,TongLung,95,23091,1,0
8216,RSC,Subversive Alliance,~SA~,198056,uncle-chu,100,20926,1,0
8216,RSC,Subversive Alliance,~SA~,1639350,Rockem,92,19776,2,1
8216,RSC,Subversive Alliance,R*1,108922,HT-Supermikk,100,19763,2,3
8216,RSC,Subversive Alliance,~SA~,1373916,icedogg,90,18049,1,0
8216,RSC,Subversive Alliance,~SA~,424299,WindDancer,92,17641,1,0
8216,RSC,Subversive Alliance,~SA~,332505,Midknight,100,17288,2,5
8216,RSC,Subversive Alliance,~SA~,250998,StickEmUp,100,15537,1,0
8216,RSC,Subversive Alliance,R*1,1034523,Tezwar,100,14270,1,0
8216,RSC,Subversive Alliance,FTW,1632988,N3m,100,13427,1,0
8216,RSC,Subversive Alliance,~SA~,1602158,Queequeg,95,11735,1,0
8216,RSC,Subversive Alliance,39th,120362,WarAndPeace,86,9834,1,0
8216,RSC,Subversive Alliance,R*1,812478,MightyGoober,100,9168,2,0
8216,RSC,Subversive Alliance,~SA~,72335,Leviathan,96,7467,1,0
8216,RSC,Subversive Alliance,~SA~,234103,Morcha,93,3579,2,0
8216,RSC,Subversive Alliance,~SA~,424017,Ohadik,99,3392,1,0
8216,RSC,Subversive Alliance,~SA~,1910082,LoveFaithHope,86,3204,1,0
8216,RSC,Subversive Alliance,~SA~,227744,RumbLE,100,2900,1,0
8216,RSC,Subversive Alliance,~SA~,176898,SaliD,100,2878,1,2
8216,RSC,Subversive Alliance,[ÐA],970946,Silje,99,2732,1,0
8216,RSC,Subversive Alliance,~SA~,1486772,Smiles,100,2464,1,1
8216,RSC,Subversive Alliance,FTW,1033180,JS_Rep,95,593,1,1
8216,RSC,Subversive Alliance,~SA~,453122,-Ordinary-,86,408,1,0
8216,RSC,Subversive Alliance,~SA~,779368,ShuKa,100,64,2,1
8216,RSC,Subversive Alliance,~SA~,56492,RaNkOr,97,0,0,1
8216,RSC,JFA,JFA,1517799,Penicillin,100,48031,2,6
8216,RSC,JFA,Bird,979003,deft,100,18869,1,3
8216,RSC,JFA,JFA,1512694,Donandres,95,364,2,1
8216,RSC,JFA,JFA,1183749,Baka,100,335,2,0
8216,RSC,JFA,JFK™,206758,Thief,100,332,1,0
8216,RSC,JFA,JFA,1635353,Knuckles,89,329,2,1
8216,RSC,JFA, JFR,1261819,g_ho,93,284,1,0
8216,RSC,JFA,JFA,1617496,Intimidator,100,278,1,0
8216,RSC,JFA,JFA,1461513,twak,99,277,1,0
8216,RSC,JFA,JFA,343124,M3G47HR0N,100,247,1,0
8216,RSC,JFA,JFA,1558437,test90,91,213,1,0
8216,RSC,JFA,JFA,1591396,Blaze,100,210,1,0
8216,RSC,JFA,JFA,1321910,Ceberix,90,200,1,0
8216,RSC,JFA,JFK™,78403,CHunger,100,195,1,0
8216,RSC,JFA,JFA,980873,Turtlobenzene,90,191,1,0
8216,RSC,JFA,JFA,1311397,wc_how,97,181,1,0
8216,RSC,JFA,JFA,1863998,ofgortens,96,177,2,3
8216,RSC,JFA,JFA,1185073,Sergeant_Major,92,167,1,0
8216,RSC,JFA,JFA,376991,MrsMojoMofo,100,149,1,0
8216,RSC,JFA,JFK™,1570883,Nova,100,149,1,0
8216,RSC,JFA,JFA,1392638,SparkyMarky,100,146,2,2
8216,RSC,JFA,JFA,1632322,HTTR,98,102,1,0
8216,RSC,JFA,JFA,1966136,Armag3ddoN,83,20,1,0
8216,RSC,JFA,JFK™,1939283,Saberwulf,75,10,1,0
8216,RSC,JFA,JFA,119434,Clifford,91,4,1,0
8219,PGE,PT-Calculated,JFK™,27478,HellR4iser,100,111756,89,92
8219,PGE,PT-Calculated,PT,940584,ruler,100,98179,37,83
8219,PGE,PT-Calculated,PT,1899687,ralucakiss84,96,84231,37,6
8219,PGE,PT-Calculated,PT,169777,daCampa,100,82708,21,58
8219,PGE,PT-Calculated,PT,42111,Beer_Bear,96,70310,153,82
8219,PGE,PT-Calculated,PT,954364,ENO,92,64728,167,94
8219,PGE,PT-Calculated,PT,336112,Akagami,90,64265,30,78
8219,PGE,PT-Calculated,PT,2046131,Sub,89,60005,182,42
8219,PGE,PT-Calculated,PT,1169571,xanty,90,51557,116,58
8219,PGE,PT-Calculated,PT,155541,MasterOfSex,93,49027,36,23
8219,PGE,PT-Calculated,PT,882958,Grif,95,48574,17,29
8219,PGE,PT-Calculated,PT,60666,alguem,100,45515,9,13
8219,PGE,PT-Calculated,PT,281934,pt99,86,43190,117,39
8219,PGE,PT-Calculated,PT,1846544,JaFosteHaha,15,39831,204,13
8219,PGE,PT-Calculated,PT,1579225,logiet,80,38788,100,29
8219,PGE,PT-Calculated,PT,123295,hwachong,87,38138,38,23
8219,PGE,PT-Calculated,PT,949262,MeRocks,69,37905,269,72
8219,PGE,PT-Calculated,PT,1544514,Murd0Maniak,97,36381,38,61
8219,PGE,PT-Calculated,PT,1613023,Broly,16,35705,36,16
8219,PGE,PT-Calculated,PT,330973,Hogfather,78,32252,82,66
8219,PGE,PT-Calculated,undefined,900338,PopadaPill,83,32017,95,29
8219,PGE,PT-Calculated,MnC,2011298,Sanidade,60,31729,119,42
8219,PGE,PT-Calculated,PT,2095726,The_Swag,51,30269,152,29
8219,PGE,PT-Calculated,PT,1044317,misanthrope,65,27156,92,47
8219,PGE,PT-Calculated,PT,1183240,Rua,71,27036,51,78
8219,PGE,PT-Calculated,PT,1976145,Maching,80,26263,50,0
8219,PGE,PT-Calculated,PT,2091318,tyrech,49,26119,97,63
8219,PGE,PT-Calculated,PT,2023175,-Cahaya-,48,24820,139,42
8219,PGE,PT-Calculated,PT,2059567,WagwanG,17,23516,52,44
8219,PGE,PT-Calculated,PT,1730561,TheDaredVermin,75,23477,101,59
8219,PGE,PT-Calculated,PT,997655,evilf9,99,22656,22,16
8219,PGE,PT-Calculated,PT,955237,Yellowman,93,22436,44,34
8219,PGE,PT-Calculated,PT,2109263,Vanq,36,21743,148,31
8219,PGE,PT-Calculated,PT,465395,The_Stab,69,20956,40,22
8219,PGE,PT-Calculated,PT,190066,Peryton,70,20680,85,24
8219,PGE,PT-Calculated,PT,2113465,Drizella,15,20613,168,18
8219,PGE,PT-Calculated,PT,222784,mave,81,20480,46,31
8219,PGE,PT-Calculated,PT,930499,MsJollyRancher,76,20298,76,89
8219,PGE,PT-Calculated,PT,1867085,Recidivist,40,18957,63,65
8219,PGE,PT-Calculated,PT,1923258,Josephine,20,18638,42,27
8219,PGE,PT-Calculated,PT,2016129,bcla7,57,17409,60,46
8219,PGE,PT-Calculated,PT,470785,DieselMack,85,17027,44,16
8219,PGE,PT-Calculated,GnM,2047313,kirkham,30,16908,137,16
8219,PGE,PT-Calculated,PT,177606,malamen,100,16197,12,33
8219,PGE,PT-Calculated,PT,83210,Nino,90,16196,14,1
8219,PGE,PT-Calculated,PT,67340,Mickey,95,15384,8,7
8219,PGE,PT-Calculated,PT,1755293,Greenbastard,50,15226,44,19
8219,PGE,PT-Calculated,PT,2000828,The_Dave,76,14190,42,12
8219,PGE,PT-Calculated,PT,1778539,Milutin_K,76,14178,31,76
8219,PGE,PT-Calculated,PT,1609138,_AJ_,74,14080,48,53
8219,PGE,PT-Calculated,PT,838134,Limonada,69,13861,36,37
8219,PGE,PT-Calculated,PT,1612601,Gooding,67,13306,54,51
8219,PGE,PT-Calculated,PT,2031378,CubanMamba,58,12480,33,0
8219,PGE,PT-Calculated,PT,761776,I_Am_BaZaaR,72,12299,30,21
8219,PGE,PT-Calculated,PT,1441788,Plunkett,28,11798,28,0
8219,PGE,PT-Calculated,PT,235408,RonSwanson,68,11739,29,31
8219,PGE,PT-Calculated,PT,2224763,Crudak,15,11652,117,0
8219,PGE,PT-Calculated,PT,2062714,-Grey-,15,11495,48,1
8219,PGE,PT-Calculated,PT,1686809,lifu,65,11413,14,10
8219,PGE,PT-Calculated,PT,2088902,Wevie,32,10785,63,1
8219,PGE,PT-Calculated,PT,2010418,Krakatok,30,10641,26,16
8219,PGE,PT-Calculated,M&C,74099,ttyper,100,10298,17,27
8219,PGE,PT-Calculated,PT,1565387,WWG1WGA,75,9738,5,1
8219,PGE,PT-Calculated,PT,1625061,Medikation,35,9727,71,2
8219,PGE,PT-Calculated,PT,949287,--ccman2215--,81,9713,4,0
8219,PGE,PT-Calculated,PT,35198,Boxcar182,91,9171,28,0
8219,PGE,PT-Calculated,PT,2113557,DOM,15,9028,52,0
8219,PGE,PT-Calculated,PT,2189331,Hotshot,26,8784,56,20
8219,PGE,PT-Calculated,PT,887880,Devils-Advocate,88,8566,5,1
8219,PGE,PT-Calculated,PT,1996403,Hinotori,25,8565,67,8
8219,PGE,PT-Calculated,PT,1946702,Stratiotis,73,8561,48,32
8219,PGE,PT-Calculated,PT,506807,Mathik,60,8556,21,25
8219,PGE,PT-Calculated,PT,112080,rupe13,65,8369,32,28
8219,PGE,PT-Calculated,PT,112147,Maikye,96,8367,6,12
8219,PGE,PT-Calculated,UNT,2090451,MissHavisham,66,8292,24,15
8219,PGE,PT-Calculated,SE,1878984,Veru,49,8211,32,0
8219,PGE,PT-Calculated,PT,1833585,DR4ZTIC,72,8172,11,0
8219,PGE,PT-Calculated,PT,34298,Butters,85,8131,5,4
8219,PGE,PT-Calculated,PT,1771266,rocinante,60,7801,38,68
8219,PGE,PT-Calculated,PT,958941,FnWinner,71,7746,43,43
8219,PGE,PT-Calculated,PT,527397,cooljoew,62,7663,34,24
8219,PGE,PT-Calculated,PT,593790,ieatthekids1st,69,7486,26,54
8219,PGE,PT-Calculated,PT,1770001,Kamatez,15,7328,47,0
8219,PGE,PT-Calculated,PT,1631069,Mathematics,85,7186,15,23
8219,PGE,PT-Calculated,HB1,2013634,Jesus,1,7160,36,11
8219,PGE,PT-Calculated,PT,273372,ATO,63,6609,13,30
8219,PGE,PT-Calculated,PT,541847,Eltan,35,5957,41,0
8219,PGE,PT-Calculated,PT,1132337,LumbricuS,90,5892,15,14
8219,PGE,PT-Calculated,undefined,1915577,Mlkey,72,5821,11,15
8219,PGE,PT-Calculated,PT,2100546,Legaci,60,5413,35,30
8219,PGE,PT-Calculated,PT,2172201,Kanyto,31,5354,54,0
8219,PGE,PT-Calculated,PT,229072,Sykor,40,5131,15,28
8219,PGE,PT-Calculated,MnC,272283,Slavi_w,85,5047,17,7
8219,PGE,PT-Calculated,PT,2076337,Blunt,41,4778,19,0
8219,PGE,PT-Calculated,PT,2114739,alexdts,44,4768,38,2
8219,PGE,PT-Calculated,PT,2159812,AlphaFrog,42,4721,54,0
8219,PGE,PT-Calculated,PT,2091861,Sulla_Khan,42,4495,52,4
8219,PGE,PT-Calculated,PT,1875583,BulumicRainbows,42,4347,21,0
8219,PGE,PT-Calculated,PT,876657,Cheb,38,4238,32,3
8219,PGE,PT-Calculated,PT,2027126,Saf36,50,3822,12,1
8219,PGE,PT-Calculated,PT,1520657,TomSawyer,80,3623,14,23
8219,PGE,PT-Calculated,PT,470426,Mins,81,3542,41,17
8219,PGE,PT-Calculated,PT,387520,Yuki_kuran,36,3530,6,1
8219,PGE,PT-Calculated,PT,163143,Mentalist,99,3322,4,34
8219,PGE,PT-Calculated,PT,2078209,PissinLizard,48,3308,16,0
8219,PGE,PT-Calculated,PT,1955080,AzureFlameGod,52,3181,15,16
8219,PGE,PT-Calculated,VIP,2037780,Dr_V,70,3047,1,1
8219,PGE,PT-Calculated,PT,2140025,BeerDrinker,15,2822,22,12
8219,PGE,PT-Calculated,PT,2240656,Harold420,12,2659,32,0
8219,PGE,PT-Calculated,BS,1562784,bblake17,93,2649,27,10
8219,PGE,PT-Calculated,PT,2098829,Samurai,37,2583,15,12
8219,PGE,PT-Calculated,PT,2196978,LILHUCK43,25,2580,32,0
8219,PGE,PT-Calculated,PT,79649,regulator906,67,2570,9,3
8219,PGE,PT-Calculated,PT,2152236,Reaperzx,37,2439,21,0
8219,PGE,PT-Calculated,DE,2084119,Revenant,55,2434,30,32
8219,PGE,PT-Calculated,PT,2112641,Lazerpent,32,2249,25,0
8219,PGE,PT-Calculated,M&C,1841988,razzaonpc,99,2234,26,29
8219,PGE,PT-Calculated,PT,1434914,Zwixxx,83,2164,8,1
8219,PGE,PT-Calculated,undefined,1263800,0zero7,55,1927,2,8
8219,PGE,PT-Calculated,undefined,495689,Manners,80,1891,14,21
8219,PGE,PT-Calculated,PT,2241959,-SS-Spoons,11,1878,10,0
8219,PGE,PT-Calculated,PT,2159903,Blake,15,1838,13,0
8219,PGE,PT-Calculated,JFA2,2157516,AlexSosa,28,1834,25,0
8219,PGE,PT-Calculated,PT,2084361,Neddd,21,1700,19,0
8219,PGE,PT-Calculated,BS,2052302,jukka,58,1588,34,6
8219,PGE,PT-Calculated,PT,2060014,The_Stardust,36,1573,8,1
8219,PGE,PT-Calculated,PT,1534628,Hydrogen,80,1492,8,15
8219,PGE,PT-Calculated,PT,1457539,Girish09,20,1483,2,0
8219,PGE,PT-Calculated,PT,1480701,-mad,82,1467,5,3
8219,PGE,PT-Calculated,aX,2208989,Wrath_the_Don,20,1394,17,0
8219,PGE,PT-Calculated,aX,2211574,Noah07,17,1385,15,0
8219,PGE,PT-Calculated,undefined,1963956,AGP-CIEL,60,1373,5,11
8219,PGE,PT-Calculated,aX,2168680,Bankie,26,1360,17,0
8219,PGE,PT-Calculated,PT,2001645,The_Dest,40,1251,20,4
8219,PGE,PT-Calculated,PT,2234445,-Jay-,15,1012,8,0
8219,PGE,PT-Calculated,PT,1772426,blindwaves,54,840,13,3
8219,PGE,PT-Calculated,PT,2074333,Ish_Joker,75,802,11,2
8219,PGE,PT-Calculated,aX,2227662,RunningRhino,20,583,6,0
8219,PGE,PT-Calculated,PT,1905958,Queenie,67,575,11,7
8219,PGE,PT-Calculated,aX,2044213,genie27,26,524,5,0
8219,PGE,PT-Calculated,aX,2187330,Sweetiest,31,517,14,0
8219,PGE,PT-Calculated,aX,70634,LilDood,64,517,11,0
8219,PGE,PT-Calculated,GnM,2100412,Anis,31,500,14,0
8219,PGE,PT-Calculated,JFA2,2136731,AnnieGwish,45,473,3,0
8219,PGE,PT-Calculated,PT,2095668,Doclone,15,429,8,4
8219,PGE,PT-Calculated,aX,2188883,Libbiely,25,387,11,0
8219,PGE,PT-Calculated,aX,2139794,janepe,24,380,4,0
8219,PGE,PT-Calculated,aX,2193683,s0me1ne,20,355,12,0
8219,PGE,PT-Calculated,aX,2191568,funkyrake,25,336,10,0
8219,PGE,PT-Calculated,aX,2193697,justmike44,22,328,9,0
8219,PGE,PT-Calculated,aX,2248999,SentryBunny,15,313,14,0
8219,PGE,PT-Calculated,undefined,2209086,Frikeer,25,294,10,0
8219,PGE,PT-Calculated,undefined,2253838,V_Jamie_V,8,277,4,0
8219,PGE,PT-Calculated,PT,511918,BH_Sejtan,46,260,7,0
8219,PGE,PT-Calculated,PT,1066552,Steam,50,243,4,0
8219,PGE,PT-Calculated,aX,2215608,Harvey_Nobum,23,240,6,0
8219,PGE,PT-Calculated,PT,65635,bangster,91,226,1,2
8219,PGE,PT-Calculated,undefined,2148539,Piccolo_Latte,28,137,3,0
8219,PGE,PT-Calculated,PT,1024935,deVona,89,127,2,3
8219,PGE,PT-Calculated,aX,2210034,Shubes,25,111,7,0
8219,PGE,PT-Calculated,PT,2108595,Lt7046,20,22,1,0
8219,PGE,Unrelenting,R*1,1732212,Hank,100,112628,6,52
8219,PGE,Unrelenting,LS,1673331,Marshmalllow,92,85705,58,80
8219,PGE,Unrelenting,R*1,1626270,mortisult,98,73592,54,65
8219,PGE,Unrelenting,R*1,1553363,Blistig,92,69380,61,46
8219,PGE,Unrelenting,C.R,118943,_Big_GuNz_,100,68559,51,116
8219,PGE,Unrelenting,UR,4309,Buzz,95,66097,55,78
8219,PGE,Unrelenting,FTW,1815556,Nesa,100,58736,19,38
8219,PGE,Unrelenting,C.R,1352251,ChristmasBazaar,100,56375,13,28
8219,PGE,Unrelenting,R*1,1025410,Pops,99,53315,50,9
8219,PGE,Unrelenting,C.R,1967332,MBX,90,48817,35,49
8219,PGE,Unrelenting,-LG-,270923,shaz1,77,42173,43,0
8219,PGE,Unrelenting,UR,1900654,ItsZahid,65,41332,325,69
8219,PGE,Unrelenting,UR,420862,Rico_,86,40068,34,3
8219,PGE,Unrelenting,R*1,84976,Jokar,89,39229,43,45
8219,PGE,Unrelenting,CAT!,1690243,Krypton009,80,35952,102,97
8219,PGE,Unrelenting,R*1,38031,Pascal,100,34764,21,57
8219,PGE,Unrelenting,UR,21666,Mix,98,34293,14,26
8219,PGE,Unrelenting,C.R,1264011,Kraft,90,33570,18,10
8219,PGE,Unrelenting,R*1,108862,Cirice,100,30190,6,13
8219,PGE,Unrelenting,~WP~,1865614,MissMary,84,27108,30,52
8219,PGE,Unrelenting,ELTI,1977555,sharpener,56,26460,67,108
8219,PGE,Unrelenting,R*1,1785428,Td3h,99,25565,3,15
8219,PGE,Unrelenting,~WP~,1608986,HastaLaVistaBby,90,24537,28,25
8219,PGE,Unrelenting,C.R,1601768,Mundo,90,23900,33,50
8219,PGE,Unrelenting,URM,115716,ScroogeMcDuck,78,22051,35,21
8219,PGE,Unrelenting,UR,1724255,BigBoyKhan,62,21004,182,10
8219,PGE,Unrelenting,UR,2107926,Wompyyy,42,20961,207,16
8219,PGE,Unrelenting,ELTI,2096222,TheGTrain,50,20496,158,78
8219,PGE,Unrelenting,SWAN,1425903,RaverBaloo,60,20027,69,21
8219,PGE,Unrelenting,R*1,1713565,Yeezy,89,19264,13,34
8219,PGE,Unrelenting,R*1,900534,Dekloren,100,19077,4,16
8219,PGE,Unrelenting,R*1,1109901,ZaumonL,95,18720,13,8
8219,PGE,Unrelenting,UR,2066685,Pachico,61,18698,115,70
8219,PGE,Unrelenting,C.R,450820,Hydra,95,18575,3,5
8219,PGE,Unrelenting,C.R,77011,DFC,100,18167,8,0
8219,PGE,Unrelenting,~WP~,1978428,Yautja,83,17697,25,32
8219,PGE,Unrelenting,~WP~,464458,Kash,84,16958,15,19
8219,PGE,Unrelenting,UR,2075246,EwokVillage,58,16694,171,91
8219,PGE,Unrelenting,C.R,1420465,Mujera,82,16079,26,35
8219,PGE,Unrelenting,C.R,1701390,Master3z,92,15667,1,1
8219,PGE,Unrelenting,R*1,420053,Agent327,95,15603,10,11
8219,PGE,Unrelenting,UR,2049768,Haiku,64,15104,62,61
8219,PGE,Unrelenting,R*1,1832759,CrookedPaper,93,15061,1,0
8219,PGE,Unrelenting,UR,2110470,DeathToAmerica,35,15006,169,2
8219,PGE,Unrelenting,UR,1980309,gustapo,65,14847,90,33
8219,PGE,Unrelenting,C.R,2042332,jjinn,84,14534,14,17
8219,PGE,Unrelenting,R*1,1337627,Afwas,100,14383,2,4
8219,PGE,Unrelenting,~WP~,1725233,MH_2007,89,14078,4,3
8219,PGE,Unrelenting,~WP~,1716970,loveu2,94,14029,9,0
8219,PGE,Unrelenting,UR,2203961,Red-Rabbit,23,13603,75,0
8219,PGE,Unrelenting,~WP~,1554256,DoinYaMom,98,13537,10,28
8219,PGE,Unrelenting,C.R,1955477,Rowdy_Rebel357,86,13303,2,22
8219,PGE,Unrelenting,UR,1815363,Wing-Zero,65,13134,63,56
8219,PGE,Unrelenting,UR,2075264,JinHoshi,60,12844,44,3
8219,PGE,Unrelenting,UR,1662528,Lucretia,45,12547,113,7
8219,PGE,Unrelenting,UR,2192470,EvenOdds_,32,11945,172,24
8219,PGE,Unrelenting,R*1,1629756,Lord_Gorgen,100,11853,12,52
8219,PGE,Unrelenting,ELTI,856025,Forphucsake,55,11469,49,6
8219,PGE,Unrelenting,UR,1040269,Uncle_D,61,11282,56,75
8219,PGE,Unrelenting,C.R,1288134,Browe,99,11026,3,0
8219,PGE,Unrelenting,R*1,1811936,madbuns,100,10783,4,17
8219,PGE,Unrelenting,FTW,843586,Majsan,85,10761,9,3
8219,PGE,Unrelenting,R*1,194822,Illusions,99,10656,20,37
8219,PGE,Unrelenting,C.R,1553098,HV-Soldier,98,10438,7,2
8219,PGE,Unrelenting,UR,420413,DrWEEDKILLA,65,10417,49,52
8219,PGE,Unrelenting,UR,2116074,xHageneeSx,40,10384,57,11
8219,PGE,Unrelenting,UR,2114845,Jedlin,25,10174,53,2
8219,PGE,Unrelenting,~WP~,2003190,kittenaround,85,10102,3,1
8219,PGE,Unrelenting,ELTI,1858096,Senoc,75,9856,37,24
8219,PGE,Unrelenting,UR,2072034,MolonLabe,58,9521,49,42
8219,PGE,Unrelenting,~WP~,574812,Kamster,84,9383,12,19
8219,PGE,Unrelenting,UR,2102067,Lilith137,37,8644,41,2
8219,PGE,Unrelenting,UR,111337,PxKSnowball,68,8544,27,44
8219,PGE,Unrelenting,R*1,108922,HT-Supermikk,100,8301,1,10
8219,PGE,Unrelenting,UR,158322,Suinga,83,7989,1,0
8219,PGE,Unrelenting,~SA~,482424,Nabisco,94,7849,3,0
8219,PGE,Unrelenting,IBB,917218,Bones,100,7781,6,32
8219,PGE,Unrelenting,~SA~,204836,Slork,100,7379,10,27
8219,PGE,Unrelenting,UR,1236433,ChuYuyan,51,7212,29,39
8219,PGE,Unrelenting,UR,1784533,ametropia,61,6920,25,12
8219,PGE,Unrelenting,~WP~,208206,TranQuilizer,99,6682,4,4
8219,PGE,Unrelenting,C.R,1712182,Muttley,86,6569,13,2
8219,PGE,Unrelenting,C.R,1541749,Pandora,100,6365,5,18
8219,PGE,Unrelenting,C.R,2011902,CrimsonXray,89,6277,15,7
8219,PGE,Unrelenting,UR,2038635,Gadzt,51,5568,26,6
8219,PGE,Unrelenting,C.R,89581,Htr,100,5557,4,4
8219,PGE,Unrelenting,UR,2148145,-_-BIRD-_-,44,5248,12,0
8219,PGE,Unrelenting,UR,1924816,Prometheus,62,4777,11,14
8219,PGE,Unrelenting,UR,1044045,WasteItOnMe,42,4029,17,1
8219,PGE,Unrelenting,UR,2082068,NevilleHuffy,39,4019,31,1
8219,PGE,Unrelenting,UR,1980299,Tanne,56,4018,23,4
8219,PGE,Unrelenting,UR,926617,Willie_Cicci,40,3994,30,1
8219,PGE,Unrelenting,UR,2173624,PanzerFuhrer,25,3926,26,0
8219,PGE,Unrelenting,ELTI,2052685,jimillar0476,61,3862,17,9
8219,PGE,Unrelenting,UR,920743,aftershock,66,3733,22,9
8219,PGE,Unrelenting,UR,2014756,schwendy,22,3649,11,0
8219,PGE,Unrelenting,UR,2121421,nefarious_child,25,3332,5,0
8219,PGE,Unrelenting,UR,2173602,ItsSpaceOG,20,3329,23,0
8219,PGE,Unrelenting,UR,2127863,OpenSeason,34,3173,22,2
8219,PGE,Unrelenting,C.R,2021279,Raynie_,84,3045,10,8
8219,PGE,Unrelenting,UR,2161724,CaptainGreen,25,3019,34,1
8219,PGE,Unrelenting,UR,1754417,MRDON,17,2813,15,0
8219,PGE,Unrelenting,UR,10163,xXSupraXx,40,2567,20,1
8219,PGE,Unrelenting,R*1,1974874,PapaEmeritus,87,2102,16,10
8219,PGE,Unrelenting,C.R,1805217,Devoid,84,1981,6,36
8219,PGE,Unrelenting,UR,1850088,Yellow,33,1913,12,3
8219,PGE,Unrelenting,UR,791215,Aurash,86,1909,1,0
8219,PGE,Unrelenting,UR,586394,Cynical,52,1830,8,7
8219,PGE,Unrelenting,UR,1179551,holman76,57,1784,9,5
8219,PGE,Unrelenting,UR,2031027,Woytech,39,1765,16,0
8219,PGE,Unrelenting,UR,1306816,Arthelion,67,1531,4,3
8219,PGE,Unrelenting,UR,1670030,Bernzzzie,49,1519,6,1
8219,PGE,Unrelenting,R*1,1793493,Rocmann,92,1390,4,5
8219,PGE,Unrelenting,ELTI,1537436,JrPacman,82,1236,2,4
8219,PGE,Unrelenting,UR,1642528,-BV-,75,1126,1,0
8219,PGE,Unrelenting,UR,2040977,k3ryck,32,1044,7,1
8219,PGE,Unrelenting,UR,2150607,Blakeness,30,1027,8,1
8219,PGE,Unrelenting,UR,2007090,Traxi,28,1024,6,0
8219,PGE,Unrelenting,UR,1776756,Cxurtney,39,995,4,0
8219,PGE,Unrelenting,UR,1045377,schilz,64,835,3,1
8219,PGE,Unrelenting,~WP~,2065939,Wiber,50,774,22,2
8219,PGE,Unrelenting,UR,2118976,Pitka,26,605,10,0
8219,PGE,Unrelenting,R*1,1127528,Fanatic,100,591,1,0
8219,PGE,Unrelenting,UR,2082554,Blume,50,517,12,4
8219,PGE,Unrelenting,UR,1399239,Goltred,37,515,5,1
8219,PGE,Unrelenting,UR,2097950,biltre,23,498,10,0
8219,PGE,Unrelenting,UR,1927822,Hisame,41,485,7,3
8219,PGE,Unrelenting,UR,2029161,FilippaPingvin,50,338,5,3
8219,PGE,Unrelenting,UR,1992877,Zakara,37,302,7,0
8219,PGE,Unrelenting,UR,540130,Saliva,51,224,3,0
8219,PGE,Unrelenting,UR,2147852,Evolved_Theroy,36,194,3,0
8219,PGE,Unrelenting,UR,2028612,peterpingvin,48,189,1,0
8219,PGE,Unrelenting,C.R,360957,CaptainBiceps,99,141,1,0
8219,PGE,Unrelenting,R*1,442254,Montana,100,121,1,12
8219,PGE,Unrelenting,UR,1956401,Tax_Man,40,116,1,0
8219,PGE,Unrelenting,UR,1383932,Seedman123,45,98,3,0
8219,PGE,Unrelenting,C.R,148961,Thrie,100,59,1,0
8219,PGE,Unrelenting,UR,512463,Stallion,52,41,1,0
8219,PGE,Unrelenting,UR,2037803,Sarcasmboy,57,37,3,0
8219,PGE,Unrelenting,undefined,1435488,Manifest,35,9,1,0
8219,PGE,Unrelenting,R*1,1547659,Ubique,99,0,0,4
8221,QUG,Unrelenting Medical,URM,2080065,Hawk,39,4327,1,0
8221,QUG,Unrelenting Medical,URM,2041403,Auxies,31,1569,1,0
8221,QUG,Unrelenting Medical,URM,464389,deep_purple,45,956,2,0
8221,QUG,Unrelenting Medical,URM,1184292,dub12,26,629,1,0
8221,QUG,Unrelenting Medical,URM,1886235,Slut_Whisperer,48,176,1,1
8221,QUG,Unrelenting Medical,URM,2145897,thatbeast-,19,12,1,0
8221,QUG,Milk and Cookies,M&C,40876,Einstein_,99,259424,1,0
8221,QUG,Milk and Cookies,M&C,666533,Insomniak,93,259424,1,0
8221,QUG,Milk and Cookies,M&C,834584,MaxManus,100,259424,1,0
8221,QUG,Milk and Cookies,M&C,1622867,Lil_Grim_Reaper,96,259424,1,0
8221,QUG,Milk and Cookies,39th,54673,Fellatia,90,259424,1,0
8221,QUG,Milk and Cookies,M&C,543148,diggeer,93,259289,3,0
8221,QUG,Milk and Cookies,M&C,1556113,Goggeli,100,235544,2,0
8221,QUG,Milk and Cookies,M&C,1300665,Savoie,92,233901,1,0
8221,QUG,Milk and Cookies,M&C,1199649,StreetRuler,69,224038,1,0
8221,QUG,Milk and Cookies,M&C,1620443,BlindFire,89,199015,2,0
8221,QUG,Milk and Cookies,M&C,2038773,KRobert,83,181652,3,1
8221,QUG,Milk and Cookies,M&C,1202931,Fearfactor,100,157865,1,0
8221,QUG,Milk and Cookies,M&C,1318799,NightWing,72,145507,2,0
8221,QUG,Milk and Cookies,M&C,1461614,Blackbear,95,127483,2,0
8221,QUG,Milk and Cookies,M&C,356821,neozombie,99,127422,5,0
8221,QUG,Milk and Cookies,M&C,1030698,Graphite,98,124145,4,0
8221,QUG,Milk and Cookies,M&C,1857498,Admiral-Ol,45,119509,4,1
8221,QUG,Milk and Cookies,M&C,1485341,Trole,38,97195,2,1
8221,QUG,Milk and Cookies,M&C,1162351,budo_scarecrow,89,94059,1,0
8221,QUG,Milk and Cookies,M&C,1324531,McLaurens,90,89586,1,0
8221,QUG,Milk and Cookies,M&C,1791283,Vinkuun,99,88580,4,0
8221,QUG,Milk and Cookies,M&C,172806,weebl,100,85039,1,0
8221,QUG,Milk and Cookies,M&C,1944994,Enth,67,80308,3,0
8221,QUG,Milk and Cookies,undefined,477423,-SK-,92,70272,3,0
8221,QUG,Milk and Cookies,M&C,148386,eveo,95,65730,2,0
8221,QUG,Milk and Cookies,M&C,1290526,G-STAR01,92,50660,7,0
8221,QUG,Milk and Cookies,M&C,1841988,razzaonpc,99,40960,2,0
8221,QUG,Milk and Cookies,JFK™,467642,Scorpious,99,36509,1,0
8221,QUG,Milk and Cookies,MnC,1161029,slayer97,84,36182,1,0
8221,QUG,Milk and Cookies,M&C,1534025,OneTwistedKid,91,32952,2,1
8221,QUG,Milk and Cookies,M&C,1707129,Hawksmere,71,29799,2,0
8221,QUG,Milk and Cookies,M&C,1617456,Shot_Ta_Bitz,79,21010,1,0
8221,QUG,Milk and Cookies,M&C,854628,feanor,90,14200,1,0
8221,QUG,Milk and Cookies,M&C,304440,skorp,99,12742,1,0
8221,QUG,Milk and Cookies,M&C,385128,mindwar,91,11734,1,0
8221,QUG,Milk and Cookies,M&C,1014257,Painkiller_,97,11668,1,0
8221,QUG,Milk and Cookies,M&C,1307007,Divinity,89,11269,2,0
8221,QUG,Milk and Cookies,M&C,42179,A_B34R,99,8464,1,0
8221,QUG,Milk and Cookies,M&C,154044,Str_Madman,75,8183,1,0
8221,QUG,Milk and Cookies,M&C,298931,HeroponRiki,87,8091,1,0
8221,QUG,Milk and Cookies,M&C,195813,Veghard,93,7147,2,0
8221,QUG,Milk and Cookies,[ÐA],70091,Snowman,92,6962,1,0
8221,QUG,Milk and Cookies,M&C,130690,Venz,97,262,1,0
8221,QUG,Milk and Cookies,M&C,2063435,Abdullah,73,141,1,0
8221,QUG,Milk and Cookies,M&C,1458703,Blexi,100,82,1,0
8221,QUG,Milk and Cookies,M&C,1646570,JohnCKL,98,27,1,0
8221,QUG,Milk and Cookies,M&C,74099,ttyper,100,8,1,0
8227,SWE,Forged Through War,FTW,1591334,Miracle,86,52066,1,0
8227,SWE,Forged Through War,FTW,1403604,ieatcarpets,96,52046,1,2
8227,SWE,Forged Through War,FTW,843586,Majsan,85,52006,1,1
8227,SWE,Forged Through War,FTW,420120,VII,92,51970,2,4
8227,SWE,Forged Through War,FTW,1881906,GHAZAL,81,51763,1,0
8227,SWE,Forged Through War,FTW,1730012,celticfan,95,51593,1,0
8227,SWE,Forged Through War,FTW,1451572,Tango20,97,51258,2,0
8227,SWE,Forged Through War,FTW,1370503,BigD,96,51256,1,0
8227,SWE,Forged Through War,FTW,80648,Needles,93,51083,1,0
8227,SWE,Forged Through War,FTW,288576,KissedbyFire,56,50940,2,0
8227,SWE,Forged Through War,FTW,944713,malamute1,100,50866,2,0
8227,SWE,Forged Through War,FTW,1831700,Saeger,85,50783,1,0
8227,SWE,Forged Through War,FTW,453694,IseeDeadPPL,89,50774,2,0
8227,SWE,Forged Through War,FTW,473887,__Jamie-_,96,50321,1,1
8227,SWE,Forged Through War,FTW,1881017,Paul316,89,49650,3,4
8227,SWE,Forged Through War,FTW,982648,corpse-juice,90,48205,1,0
8227,SWE,Forged Through War,FTW,1881722,Scalper,90,47684,1,0
8227,SWE,Forged Through War,FTW,99177,BodyBagger,100,47208,1,1
8227,SWE,Forged Through War,FTW,1767972,Wulfric,96,44864,2,2
8227,SWE,Forged Through War,FTW,61828,Scary,90,41805,1,0
8227,SWE,Forged Through War,FTW,2039424,windy,75,40550,2,0
8227,SWE,Forged Through War,FTW,210594,Star_Blaze,93,35175,1,0
8227,SWE,Forged Through War,FTW,425082,Adofoliverbush,84,35157,1,1
8227,SWE,Forged Through War,FTW,2061662,Orca,70,34927,1,0
8227,SWE,Forged Through War,FTW,463193,Old_Fart,100,34441,1,0
8227,SWE,Forged Through War,FTW,1831767,OneBigDummy,97,33383,1,0
8227,SWE,Forged Through War,FTW,1725903,Toxic,75,25344,1,0
8227,SWE,Forged Through War,FTW,1461511,Eagle_Eye,96,24106,1,0
8227,SWE,Forged Through War,FTW,1075643,Gun_Ru,89,22061,1,0
8227,SWE,Forged Through War,FTW,340367,Kelsie,60,18859,4,0
8227,SWE,Forged Through War,C.R,1525609,RefleX_,98,18849,2,0
8227,SWE,Forged Through War,~WP~,1317237,Touch,100,18420,1,0
8227,SWE,Forged Through War,FTW,451775,Chuck_Berry,94,17228,1,0
8227,SWE,Forged Through War,FTW,986192,Janet,100,17138,1,0
8227,SWE,Forged Through War,FTW,71504,Fourty_Six,87,16841,1,1
8227,SWE,Forged Through War,FTW,1168036,Hogs4life,93,16359,1,0
8227,SWE,Forged Through War,FTW,1984831,Evil_Clown,50,14664,1,0
8227,SWE,Forged Through War,FTW,937630,consfearacy,72,13242,1,0
8227,SWE,Forged Through War,FTW,308961,ACE_,76,12997,1,0
8227,SWE,Forged Through War,FTW,1815519,BraveKath,90,12371,2,0
8227,SWE,Forged Through War,C.R,1914682,-DEL-,93,10933,1,0
8227,SWE,Forged Through War,C.R,249471,Decisive_Fire,90,10243,1,0
8227,SWE,Forged Through War,FTW,1691188,Six,76,9986,1,0
8227,SWE,Forged Through War,FTW,935631,sigas,97,8979,1,0
8227,SWE,Forged Through War,FTW,463739,DeadKennedy,90,6922,1,0
8227,SWE,Forged Through War,FLUX,479105,mOsSieFieD,78,4013,1,0
8227,SWE,Forged Through War,~WP~,1716970,loveu2,94,3634,1,1
8227,SWE,Forged Through War,FTW,997335,Oni,82,3347,2,0
8227,SWE,Forged Through War,FTW,1455847,Para,100,3174,2,9
8227,SWE,Forged Through War,FTW,1057741,wolvie,90,2564,1,0
8227,SWE,Forged Through War,FTW,507888,critch,100,1998,1,7
8227,SWE,Forged Through War,FTW,488305,bloodninja,90,1340,1,3
8227,SWE,Forged Through War,R*1,748022,Kookaburra,100,0,0,1
8227,SWE,Forged Through War,FTW,541636,Pluto,100,0,0,2
8227,SWE,JFK 2.1,JFK™,74835,Aries21,100,14339,2,2
8227,SWE,JFK 2.1,JFK™,59922,DrGonzo,100,4916,1,0
8227,SWE,JFK 2.1,2.1,424208,BoneMachine,91,537,4,4
8227,SWE,JFK 2.1,undefined,1480987,Eternal,95,505,1,0
8227,SWE,JFK 2.1,MMCP,883184,Spectre,98,489,1,0
8227,SWE,JFK 2.1,2.1,52055,Longbow,100,480,1,0
8227,SWE,JFK 2.1,JFK™,979994,Madmiketyson,100,477,1,0
8227,SWE,JFK 2.1,JFK™,422033,Esper,100,445,1,0
8227,SWE,JFK 2.1,undefined,1599856,Makod,96,404,1,0
8227,SWE,JFK 2.1,2.1,517092,Karalynn,95,380,1,0
8227,SWE,JFK 2.1,2.1,1758760,Pete,86,350,2,2
8227,SWE,JFK 2.1,NOOB,2726,T-Rex,96,320,1,0
8227,SWE,JFK 2.1,2.1,879721,sir_real,80,294,2,2
8227,SWE,JFK 2.1,JFK™,424998,UBIK,100,293,1,0
8227,SWE,JFK 2.1,undefined,1389080,Collete,100,287,1,0
8227,SWE,JFK 2.1,2.1,868716,Anolith,95,236,1,0
8227,SWE,JFK 2.1,JFK™,294501,PRichy,94,217,1,0
8227,SWE,JFK 2.1,M&C,878252,Naryus,95,215,1,0
8227,SWE,JFK 2.1,2.1,1609122,Ampsul,90,191,1,0
8227,SWE,JFK 2.1,2.1,641520,Ilmatar,94,188,1,0
8227,SWE,JFK 2.1,JFK™,1187920,XIII,98,169,1,0
8227,SWE,JFK 2.1,JFK™,1407331,Huzaifah,93,164,3,0
8227,SWE,JFK 2.1,MMCP,550363,Bayinnaung,91,140,1,0
8227,SWE,JFK 2.1,2.1,642144,oO_sniper_Oo,80,140,1,0
8227,SWE,JFK 2.1,2.1,1715986,G3n3515,87,139,1,0
8227,SWE,JFK 2.1,2.1,253041,Sinkhan,93,136,1,0
8227,SWE,JFK 2.1,2.1,807411,Everglide,88,129,1,0
8227,SWE,JFK 2.1,JFK™,132296,Pand0ra,100,119,1,0
8227,SWE,JFK 2.1,2.1,1536895,Ozz,47,84,1,0
8227,SWE,JFK 2.1,JFK™,180202,SenSational,100,74,1,0
8227,SWE,JFK 2.1,2.1,864830,Pingu4ever,15,60,1,0
8227,SWE,JFK 2.1,M&C,1307523,Drieke,100,46,1,0
8227,SWE,JFK 2.1,2.1,1097960,straya,67,30,1,0
8229,SRC,Forged Through War,R*1,1337627,Afwas,100,54039,3,8
8229,SRC,Forged Through War,FTW,507888,critch,100,53769,1,0
8229,SRC,Forged Through War,FTW,64901,Spooks,86,52808,2,0
8229,SRC,Forged Through War,FTW,1455642,BFM,100,52498,1,1
8229,SRC,Forged Through War,FTW,541636,Pluto,100,49944,1,1
8229,SRC,Forged Through War,FTW,1455847,Para,100,45380,3,6
8229,SRC,Forged Through War,FTW,1601527,wavelength,89,44211,2,0
8229,SRC,Forged Through War,R*1,748022,Kookaburra,100,39672,1,0
8229,SRC,Forged Through War,FTW,1043426,ColdDeadFingers,99,39579,1,2
8229,SRC,Forged Through War,C.R,77011,DFC,100,39512,1,0
8229,SRC,Forged Through War,~WP~,1716970,loveu2,94,39350,1,0
8229,SRC,Forged Through War,FTW,986192,Janet,100,38539,1,1
8229,SRC,Forged Through War,FTW,239285,wilko,83,38389,1,0
8229,SRC,Forged Through War,FTW,451775,Chuck_Berry,94,34870,1,0
8229,SRC,Forged Through War,FTW,1075643,Gun_Ru,89,31767,2,1
8229,SRC,Forged Through War,C.R,1525609,RefleX_,98,31686,2,0
8229,SRC,Forged Through War,FTW,1691188,Six,76,25649,1,0
8229,SRC,Forged Through War,FTW,488305,bloodninja,90,24975,4,3
8229,SRC,Forged Through War,FTW,1337407,wayyeewooo,85,24852,2,0
8229,SRC,Forged Through War,FTW,2071751,Chael_Sorrow,55,23440,1,0
8229,SRC,Forged Through War,FTW,1701802,Bullgreat,86,21972,1,0
8229,SRC,Forged Through War,C.R,202258,piney,100,18527,1,1
8229,SRC,Forged Through War,FTW,589436,queenofoctober,73,15812,1,0
8229,SRC,Forged Through War,FTW,997335,Oni,82,13887,1,0
8229,SRC,Forged Through War,FTW,1577937,Asator,85,13821,1,0
8229,SRC,Forged Through War,C.R,249471,Decisive_Fire,90,13586,1,0
8229,SRC,Forged Through War,FTW,531198,robbo2710,82,13480,1,0
8229,SRC,Forged Through War,R*1,2050558,Hildegarde,100,10796,1,0
8229,SRC,Forged Through War,FTW,210594,Star_Blaze,93,10101,1,0
8229,SRC,Forged Through War,FTW,1057741,wolvie,90,3301,1,0
8229,SRC,Forged Through War,FTW,1649855,LPA831,79,2980,1,0
8229,SRC,Forged Through War,FTW,473887,__Jamie-_,96,1236,1,0
8229,SRC,Forged Through War,FTW,457059,VeteranDemon,84,1149,1,0
8229,SRC,Forged Through War,FTW,2039424,windy,75,1103,1,1
8229,SRC,Forged Through War,FTW,340367,Kelsie,60,535,2,0
8229,SRC,Forged Through War,FTW,1959896,gotnoidea,66,71,1,0
8229,SRC,Forged Through War,FTW,347115,runekill163,86,28,1,0
8229,SRC,Forged Through War,R*1,1523811,GoldenFeel,99,7,1,0
8229,SRC,Forged Through War,FTW,463739,DeadKennedy,90,3,1,0
8229,SRC,Forged Through War,FTW,1881722,Scalper,90,0,0,1
8229,SRC,Forged Through War,FTW,1451572,Tango20,97,0,0,1
8229,SRC,Forged Through War,FTW,99177,BodyBagger,100,0,0,2
8229,SRC,Forged Through War,FTW,1815519,BraveKath,90,0,0,1
8229,SRC,JFK,JFK™,247674,Z_junior,100,19436,2,1
8229,SRC,JFK,JFK™,270517,rjkc4,100,1311,2,0
8229,SRC,JFK,JFK™,390615,Aeroroot,100,1076,1,0
8229,SRC,JFK,JFK™,1022655,Zziox,61,447,5,2
8229,SRC,JFK,JFK™,380980,Sky,100,421,1,0
8229,SRC,JFK,JFK™,345050,CindyFury,100,413,1,0
8229,SRC,JFK,JFK™,980075,Azrael,97,363,1,0
8229,SRC,JFK,JFK™,1311691,PinzNneedlz,99,363,1,0
8229,SRC,JFK,JFK™,1577993,PMV,99,308,1,0
8229,SRC,JFK,M&C,192348,Gob,100,301,1,0
8229,SRC,JFK,JFK™,1518389,MimeFaceKiller,99,284,1,0
8229,SRC,JFK,JFK™,1544641,boo,91,278,1,0
8229,SRC,JFK,JFK™,581715,Cuffs,97,272,1,0
8229,SRC,JFK,JFK™,1568669,Boxer,100,264,1,8
8229,SRC,JFK,JFK™,200267,Molson,95,249,1,0
8229,SRC,JFK,JFK™,868334,Tiller,100,231,1,0
8229,SRC,JFK,JFK™,194889,Paige,81,219,1,0
8229,SRC,JFK,undefined,654393,SlickRick,80,211,1,0
8229,SRC,JFK,2.1,1022640,Izzanods,100,199,1,0
8229,SRC,JFK,JFK™,7800,taktikz,100,161,1,0
8229,SRC,JFK,JFK™,1455047,Stagger_Lee,91,145,1,0
8229,SRC,JFK,JFK™,1465084,Subah,99,116,1,0
8229,SRC,JFK,JFK™,184337,cindy3,90,107,1,2
8229,SRC,JFK,JFK™,424998,UBIK,100,60,1,0
8229,SRC,JFK,JFK™,992219,sophie,99,40,1,0
8229,SRC,JFK,JFK™,1480425,lord,67,30,1,0
8229,SRC,JFK,LS,2024220,lostabit,55,26,2,0
8233,EPF,Subversive Alliance,~SA~,710831,Veteran,93,51463,1,2
8233,EPF,Subversive Alliance,~SA~,1014664,2dogs,99,51251,1,0
8233,EPF,Subversive Alliance,~SA~,1414372,Fortytwo,100,51166,1,6
8233,EPF,Subversive Alliance,~SA~,1159025,hookroteat,100,51050,1,7
8233,EPF,Subversive Alliance,~SA~,56492,RaNkOr,97,50979,2,1
8233,EPF,Subversive Alliance,R*1,108922,HT-Supermikk,100,50944,1,0
8233,EPF,Subversive Alliance,FTW,1033180,JS_Rep,95,50194,1,0
8233,EPF,Subversive Alliance,~SA~,15397,blyk,100,50017,1,0
8233,EPF,Subversive Alliance,~SA~,208701,njprops,96,49968,1,0
8233,EPF,Subversive Alliance,R*1,445884,sportyguy92,95,49735,2,0
8233,EPF,Subversive Alliance,~SA~,227744,RumbLE,100,49088,1,0
8233,EPF,Subversive Alliance,~SA~,85088,Brian,90,48698,1,0
8233,EPF,Subversive Alliance,~SA~,226888,snap,100,46889,1,0
8233,EPF,Subversive Alliance,~SA~,424017,Ohadik,99,40781,1,0
8233,EPF,Subversive Alliance,~SA~,1816368,NNWS,99,40285,1,0
8233,EPF,Subversive Alliance,~SA~,332505,Midknight,100,38083,4,1
8233,EPF,Subversive Alliance,~SA~,1453082,Napster-,90,36431,1,1
8233,EPF,Subversive Alliance,~SA~,95749,zekas,100,33131,1,0
8233,EPF,Subversive Alliance,~SA~,779368,ShuKa,100,30495,1,0
8233,EPF,Subversive Alliance,FTW,1542326,Krastinov,100,27592,1,0
8233,EPF,Subversive Alliance,~SA~,262602,Dexter_Morgan,94,27324,1,0
8233,EPF,Subversive Alliance,EQ3U,195437,Phatjack,99,25483,2,0
8233,EPF,Subversive Alliance,~SA~,2020322,killin,74,24805,2,2
8233,EPF,Subversive Alliance,~SA~,5918,Sephiroth,100,23961,3,0
8233,EPF,Subversive Alliance,~SA~,131289,Mia,99,22334,1,1
8233,EPF,Subversive Alliance,~SA~,315134,LESTAT,100,19976,1,0
8233,EPF,Subversive Alliance,~SA~,250998,StickEmUp,100,19692,1,0
8233,EPF,Subversive Alliance,~SA~,622539,gintux,87,18484,1,0
8233,EPF,Subversive Alliance,R*1,546989,Edge,100,15368,1,0
8233,EPF,Subversive Alliance,C.R,1592807,shak,97,14352,1,0
8233,EPF,Subversive Alliance,~SA~,1296148,Saucy_Jack,21,11670,2,1
8233,EPF,Subversive Alliance,~SA~,272331,Dave,96,9099,1,0
8233,EPF,Subversive Alliance,~SA~,1373916,icedogg,90,8922,1,1
8233,EPF,Subversive Alliance,FTW,1632988,N3m,100,7619,1,0
8233,EPF,Subversive Alliance,~SA~,234103,Morcha,93,4117,1,0
8233,EPF,Subversive Alliance,~SA~,792035,Ashanie,100,2353,1,1
8233,EPF,Subversive Alliance,~SA~,1486772,Smiles,100,759,1,0
8233,EPF,Subversive Alliance,R*1,812478,MightyGoober,100,583,1,2
8233,EPF,Subversive Alliance,39th,120362,WarAndPeace,86,73,1,0
8233,EPF,Subversive Alliance,~SA~,256222,MmM,97,50,1,0
8233,EPF,Subversive Alliance,~SA~,1689701,miro,100,0,0,3
8233,EPF,Subversive Alliance,FTW,1315845,Billiken,97,0,0,1
8233,EPF,JFR,2.1,707073,STEALTH,75,1098,10,0
8233,EPF,JFR, JFR,268095,DJ__,100,294,1,0
8233,EPF,JFR, JFR,202687,Lethal,85,260,1,0
8233,EPF,JFR, JFR,382815,YoBigDaddy,81,243,1,0
8233,EPF,JFR, JFR,329461,BjornAgain,77,229,1,0
8233,EPF,JFR, JFR,490463,halcyon,77,213,1,0
8233,EPF,JFR, JFR,1640970,forgey,89,200,1,0
8233,EPF,JFR, JFR,692719,t0ffa,91,182,1,0
8233,EPF,JFR, JFR,887289,Hotshots,90,172,1,0
8233,EPF,JFR, JFR,1414266,Wibber2959,67,165,1,0
8233,EPF,JFR, JFR,1708715,Mcdooglebrown,71,157,1,0
8233,EPF,JFR, JFR,136084,britishbulldog,75,153,1,0
8233,EPF,JFR, JFR,138635,Code0,95,149,1,0
8233,EPF,JFR, JFR,1198956,Ninja29,73,146,1,0
8233,EPF,JFR, JFR,1293957,_13_,88,146,1,0
8233,EPF,JFR, JFR,90007,Tal,72,129,1,0
8233,EPF,JFR, JFR,67769,Sarem,72,118,1,0
8233,EPF,JFR, JFR,44394,Deaf_Dog,83,108,1,0
8233,EPF,JFR, JFR,1457236,Andy_Social,85,100,1,0
8233,EPF,JFR, JFR,105083,Owyeah,71,88,1,0
8233,EPF,JFR, JFR,959750,RenegadeMsTres,65,81,1,0
8233,EPF,JFR, JFR,83808,LeukyBear,77,66,1,0
8233,EPF,JFR, JFR,122369,Slevin,77,61,1,0
8235,JNG,Relentless,R*1,1953860,RGiskard,100,50785,1,1
8235,JNG,Relentless,R*1,1900827,Bruce-LeeFFS,95,50740,1,0
8235,JNG,Relentless,R*1,108862,Cirice,100,50649,1,1
8235,JNG,Relentless,R*1,1109901,ZaumonL,95,50333,1,1
8235,JNG,Relentless,R*1,429874,Rumple4skinz,97,50074,1,0
8235,JNG,Relentless,R*1,1629756,Lord_Gorgen,100,49843,1,0
8235,JNG,Relentless,R*1,1901801,metalkarmak,88,49251,3,0
8235,JNG,Relentless,R*1,1825532,Alexstrasza,100,49051,1,1
8235,JNG,Relentless,C.R,1955477,Rowdy_Rebel357,86,48081,2,0
8235,JNG,Relentless,NUKE,36875,AzTeCsCaRfAcE,90,42668,1,0
8235,JNG,Relentless,R*1,900534,Dekloren,100,34092,2,0
8235,JNG,Relentless,R*1,705319,Scar,94,16055,1,0
8235,JNG,Relentless,R*1,1847600,Baldr,98,7500,1,0
8235,JNG,Relentless,R*1,1685702,Bezee,90,1857,1,0
8235,JNG,Relentless,R*1,1785428,Td3h,99,886,1,7
8235,JNG,Relentless,R*1,1148150,natty1066,98,717,1,0
8235,JNG,JFK 2.1,JFK™,59922,DrGonzo,100,932,1,0
8235,JNG,JFK 2.1,MMCP,883184,Spectre,98,586,1,0
8235,JNG,JFK 2.1,undefined,1599856,Makod,96,574,1,0
8235,JNG,JFK 2.1,JFK™,979994,Madmiketyson,100,568,1,0
8235,JNG,JFK 2.1,M&C,878252,Naryus,95,548,1,0
8235,JNG,JFK 2.1,JFK™,74835,Aries21,100,505,1,0
8235,JNG,JFK 2.1,M&C,1307523,Drieke,100,497,1,0
8235,JNG,JFK 2.1,2.1,52055,Longbow,100,485,1,0
8235,JNG,JFK 2.1,undefined,1480987,Eternal,95,168,1,0
8235,JNG,JFK 2.1,JFK™,180202,SenSational,100,69,1,0
8235,JNG,JFK 2.1,JFK™,132296,Pand0ra,100,29,1,0