7727,BFF,Relentless,FTW,1337627,Afwas,100,52630,1,6
7727,BFF,Relentless,FTW,1815556,Nesa,100,52510,1,3
7727,BFF,Relentless,R*1,1553363,Blistig,92,52508,1,0
7727,BFF,Relentless,R*1,900534,Dekloren,100,52483,2,1
7727,BFF,Relentless,UR,1967332,MBX,90,52361,2,0
7727,BFF,Relentless,R*1,784338,Crystalz,96,52359,2,2
7727,BFF,Relentless,R*1,38031,Pascal,100,52353,1,0
7727,BFF,Relentless,R*1,1510489,TheHoneyBadger,93,52258,1,0
7727,BFF,Relentless,C.R,1955477,Rowdy_Rebel357,86,52147,4,6
7727,BFF,Relentless,C.R,1541749,Pandora,100,52001,2,0
7727,BFF,Relentless,R*1,1602605,Joxer,100,51243,2,0
7727,BFF,Relentless,R*1,1626270,mortisult,98,51050,1,0
7727,BFF,Relentless,C.R,1264011,Kraft,90,50711,1,0
7727,BFF,Relentless,R*1,1025410,Pops,99,50368,3,0
7727,BFF,Relentless,~SA~,204836,Slork,100,50084,1,0
7727,BFF,Relentless,R*1,1127528,Fanatic,100,49989,1,0
7727,BFF,Relentless,R*1,50716,Honey-Badger,94,49013,2,0
7727,BFF,Relentless,R*1,1625417,Yurnero,91,48960,1,0
7727,BFF,Relentless,R*1,1843716,Whittlinman,92,48400,1,0
7727,BFF,Relentless,R*1,748022,Kookaburra,100,48389,1,0
7727,BFF,Relentless,R*1,295516,Navahoes,100,48175,1,0
7727,BFF,Relentless,undefined,1803901,Spaghetti360,89,47856,1,0
7727,BFF,Relentless,R*1,511272,Seth,100,47217,2,0
7727,BFF,Relentless,R*1,1109901,ZaumonL,95,46824,1,0
7727,BFF,Relentless,R*1,1832759,CrookedPaper,93,46457,1,0
7727,BFF,Relentless,R*1,1888994,Momo,96,36297,1,0
7727,BFF,Relentless,~OP~,1935090,SlaineTroyard,82,28558,1,0
7727,BFF,Relentless,FTW,2050558,Hildegarde,100,28054,1,0
7727,BFF,Relentless,C.R,329437,Teddybears,94,26385,1,0
7727,BFF,Relentless,~WP~,1514485,Stan,88,22000,1,0
7727,BFF,Relentless,R*1,1798354,KaguroX,95,17776,1,0
7727,BFF,Relentless,R*1,1503918,PhaNToM,95,14596,1,10
7727,BFF,Relentless,R*1,705319,Scar,94,13703,1,0
7727,BFF,Relentless,R*1,1974874,PapaEmeritus,87,11469,3,0
7727,BFF,Relentless,R*1,812478,MightyGoober,100,5102,1,0
7727,BFF,Relentless,R*1,1811936,madbuns,100,1548,1,0
7727,BFF,Relentless,R*1,302973,lonewolf,100,939,1,0
7727,BFF,Relentless,~WP~,1716970,loveu2,94,6,1,0
7727,BFF,Relentless,R*1,1629756,Lord_Gorgen,100,0,0,1
7727,BFF,Relentless,R*1,1793493,Rocmann,92,0,0,1
7727,BFF,PT-Penguins,PT,337147,akasha,80,343,1,0
7727,BFF,PT-Penguins,undefined,1416609,Keyalan,71,337,1,0
7727,BFF,PT-Penguins,undefined,187741,_-_SmokeY_-_,66,334,1,0
7727,BFF,PT-Penguins,PT,1638588,Tonywalker,69,333,1,0
7727,BFF,PT-Penguins,PT,470426,Mins,81,327,1,0
7727,BFF,PT-Penguins,undefined,676400,Tomas,80,305,1,0
7727,BFF,PT-Penguins,PT,467558,Rhastaman,77,277,1,0
7727,BFF,PT-Penguins,PT,294257,Benji__,82,269,1,0
7727,BFF,PT-Penguins,undefined,200179,Arkimedes,80,262,1,0
7727,BFF,PT-Penguins,PT,1953284,Xx_Deathless_xX,81,259,1,0
7727,BFF,PT-Penguins,PT,426385,Zewinha,20,239,1,0
7727,BFF,PT-Penguins,PT,117259,Ranf,90,229,1,0
7727,BFF,PT-Penguins,PT,1962522,hologram,76,211,1,0
7727,BFF,PT-Penguins,PT,1926070,warrdove,26,207,1,0
7727,BFF,PT-Penguins,PT,315131,84t0n9,82,186,1,0
7727,BFF,PT-Penguins,PT,1680893,sahir74,78,186,1,0
7727,BFF,PT-Penguins,PT,1628542,saltire,84,175,1,0
7727,BFF,PT-Penguins,undefined,473606,_Stinger_,69,172,1,0
7727,BFF,PT-Penguins,PT,1560563,Tommy_DeVito,84,159,1,0
7727,BFF,PT-Penguins,PT,205973,PitBullTerrier,83,144,1,0
7727,BFF,PT-Penguins,PT,1839549,Link,90,134,1,0
7727,BFF,PT-Penguins,undefined,40218,-h3ro-,77,134,1,0
7727,BFF,PT-Penguins,undefined,107428,DON_PYNGUYN,91,107,1,0
7727,BFF,PT-Penguins,PT,213538,SaTuRn0,91,95,1,0
7727,BFF,PT-Penguins,PT,1516155,Kaxuxo,92,72,1,0
7727,BFF,PT-Penguins,PT,62172,johndoe3rd,88,66,1,0
7727,BFF,PT-Penguins,PT,1654931,thestud,98,55,1,0
7727,BFF,PT-Penguins,PT,458560,Taberna,72,43,1,0
7727,BFF,PT-Penguins,PT,365236,Porco,99,16,1,0
7727,BFF,PT-Penguins,PT,618400,MrVillian,55,9,1,0

7728,MEF,Relentless,R*1,1825532,Alexstrasza,100,54995,1,2
7728,MEF,Relentless,FTW,1732212,Hank,100,54952,1,1
7728,MEF,Relentless,R*1,89388,hiphopsoldier,96,54921,1,4
7728,MEF,Relentless,R*1,1867608,decap101,90,54069,1,0
7728,MEF,Relentless,~WP~,1716970,loveu2,94,53980,1,0
7728,MEF,Relentless,R*1,1629756,Lord_Gorgen,100,53931,2,6
7728,MEF,Relentless,R*1,1685702,Bezee,90,53741,1,0
7728,MEF,Relentless,R*1,1953860,RGiskard,100,53186,1,0
7728,MEF,Relentless,R*1,1153517,Shutter,100,52916,1,0
7728,MEF,Relentless,C.R,118943,_Big_GuNz_,100,52557,3,2
7728,MEF,Relentless,R*1,1060365,TORN_REAPER,92,52151,1,0
7728,MEF,Relentless,R*1,1793493,Rocmann,92,51308,2,7
7728,MEF,Relentless,R*1,1882094,GeorgeCostanza,89,51229,2,0
7728,MEF,Relentless,R*1,1523811,GoldenFeel,99,50645,1,0
7728,MEF,Relentless,R*1,1970958,Echo,89,50411,1,0
7728,MEF,Relentless,R*1,429874,Rumple4skinz,97,50083,1,0
7728,MEF,Relentless,R*1,895688,Wicka,100,50027,1,0
7728,MEF,Relentless,R*1,295553,Lek,85,47495,1,0
7728,MEF,Relentless,R*1,1705890,DarkMaid,97,47321,2,0
7728,MEF,Relentless,HeLa,1889531,thelovelymoon,90,47029,2,0
7728,MEF,Relentless,R*1,1921540,keego73,88,46361,1,0
7728,MEF,Relentless,PIL1,1599136,winguard,90,46353,1,0
7728,MEF,Relentless,undefined,1962958,Dollhouse,84,46236,1,0
7728,MEF,Relentless,R*1,1900827,Bruce-LeeFFS,95,46092,3,0
7728,MEF,Relentless,R*1,1474402,CorsiPukz,85,44590,2,0
7728,MEF,Relentless,R*1,194822,Illusions,99,43214,2,0
7728,MEF,Relentless,R*1,1920048,William_Joker,83,42385,1,0
7728,MEF,Relentless,R*1,1154897,Milosh,100,33920,1,0
7728,MEF,Relentless,R*1,812478,MightyGoober,100,17622,2,0
7728,MEF,Relentless,R*1,302973,lonewolf,100,5226,1,0
7728,MEF,Relentless,R*1,1009539,kamas,99,4253,2,0
7728,MEF,Relentless,FTW,1666253,Erebus,89,3465,1,0
7728,MEF,Relentless,C.R,329437,Teddybears,94,2733,1,0
7728,MEF,Relentless,R*1,367758,Tokig,96,1177,1,0
7728,MEF,Relentless,FTW,1815556,Nesa,100,948,1,1
7728,MEF,Relentless,UR,1967332,MBX,90,820,2,0
7728,MEF,Relentless,~WP~,1514485,Stan,88,544,1,0
7728,MEF,Relentless,C.R,1264011,Kraft,90,501,1,0
7728,MEF,Relentless,R*1,50716,Honey-Badger,94,194,1,0
7728,MEF,Relentless,R*1,1025410,Pops,99,3,1,0
7728,MEF,Relentless,FTW,1337627,Afwas,100,0,0,4
7728,MEF,Relentless,R*1,784338,Crystalz,96,0,0,1
7728,MEF,PT-Calculated,PT,35198,Boxcar182,91,351,1,0
7728,MEF,PT-Calculated,PT,1457539,Girish09,20,334,1,0
7728,MEF,PT-Calculated,PT,1434914,Zwixxx,83,329,1,0
7728,MEF,PT-Calculated,*DP*,1025362,BudRose,84,314,1,0
7728,MEF,PT-Calculated,PT,229072,Sykor,40,309,1,0
7728,MEF,PT-Calculated,PT,955237,Yellowman,93,307,1,0
7728,MEF,PT-Calculated,PT,1686809,lifu,65,302,1,0
7728,MEF,PT-Calculated,PT,2027126,Saf36,50,295,1,0
7728,MEF,PT-Calculated,undefined,1889980,THE_DREAD,71,282,1,0
7728,MEF,PT-Calculated,PT,761776,I_Am_BaZaaR,72,267,1,0
7728,MEF,PT-Calculated,PT,887880,Devils-Advocate,88,259,1,0
7728,MEF,PT-Calculated,PT,1565387,WWG1WGA,75,248,1,0
7728,MEF,PT-Calculated,undefined,1878147,AllMight,60,239,1,0
7728,MEF,PT-Calculated,DE,1844003,LODIzFINEST,69,229,1,0
7728,MEF,PT-Calculated,PT,1771266,rocinante,60,208,1,0
7728,MEF,PT-Calculated,PT,67441,Destroys,100,207,1,0
7728,MEF,PT-Calculated,undefined,1263800,0zero7,55,196,1,0
7728,MEF,PT-Calculated,PT,1544514,Murd0Maniak,97,173,1,0
7728,MEF,PT-Calculated,PT,1183240,Rua,71,156,1,0
7728,MEF,PT-Calculated,PT,65635,bangster,91,148,1,0
7728,MEF,PT-Calculated,PT,1609138,_AJ_,74,123,1,0
7728,MEF,PT-Calculated,PT,882958,Grif,95,120,1,0
7728,MEF,PT-Calculated,PT,470785,DieselMack,85,119,1,0
7728,MEF,PT-Calculated,PT,1534628,Hydrogen,80,104,1,0
7728,MEF,PT-Calculated,PT,83210,Nino,90,91,1,0
7728,MEF,PT-Calculated,PT,2000828,The_Dave,76,55,1,0
7728,MEF,PT-Calculated,PT,1579225,logiet,80,53,2,0
7728,MEF,PT-Calculated,undefined,134122,The_New_Hope,100,48,1,0
7728,MEF,PT-Calculated,PT,2057764,FlyingPotato,79,8,1,0

7729,SFF,Subversive Alliance,~SA~,1689701,miro,100,51202,1,2
7729,SFF,Subversive Alliance,~SA~,983221,Nath,100,51166,2,3
7729,SFF,Subversive Alliance,C.R,424299,WindDancer,92,50992,1,1
7729,SFF,Subversive Alliance,~SA~,85088,Brian,90,50802,1,0
7729,SFF,Subversive Alliance,~SA~,250998,StickEmUp,100,50498,1,0
7729,SFF,Subversive Alliance,~SA~,30264,TongLung,95,50357,1,0
7729,SFF,Subversive Alliance,~SA~,1338102,KarateMan,93,50071,4,1
7729,SFF,Subversive Alliance,~SA~,1639350,Rockem,92,49683,1,0
7729,SFF,Subversive Alliance,~SA~,482424,Nabisco,94,48649,3,0
7729,SFF,Subversive Alliance,R*1,1197995,Euthanasia,98,47297,1,0
7729,SFF,Subversive Alliance,~SA~,621230,MassiveWeapon,97,47283,1,0
7729,SFF,Subversive Alliance,~SA~,23707,Hate_Train,99,46069,1,0
7729,SFF,Subversive Alliance,~SA~,681394,WAGABUND,75,44445,1,0
7729,SFF,Subversive Alliance,~SA~,1373916,icedogg,90,43917,2,0
7729,SFF,Subversive Alliance,~SA~,28825,Belgarath,100,43351,1,0
7729,SFF,Subversive Alliance,C.R,239119,Veins,96,42162,1,0
7729,SFF,Subversive Alliance,~SA~,5918,Sephiroth,100,41541,3,2
7729,SFF,Subversive Alliance,~SA~,927477,Oh_Dae-su,97,41142,2,0
7729,SFF,Subversive Alliance,~SA~,1014664,2dogs,99,41047,2,0
7729,SFF,Subversive Alliance,~SA~,557912,All_in_Ken,100,39939,1,0
7729,SFF,Subversive Alliance,~SA~,256222,MmM,97,39298,1,0
7729,SFF,Subversive Alliance,~SA~,226888,snap,100,39116,3,0
7729,SFF,Subversive Alliance,~SA~,1816368,NNWS,99,38979,1,0
7729,SFF,Subversive Alliance,~SA~,1469886,Chiubiz,97,36509,1,0
7729,SFF,Subversive Alliance,MMCP,919365,GreeDy,99,33981,3,0
7729,SFF,Subversive Alliance,~SA~,332505,Midknight,100,30010,2,0
7729,SFF,Subversive Alliance,FTW,302832,Duk4,51,28364,1,0
7729,SFF,Subversive Alliance,FTW,1542326,Krastinov,100,27435,2,0
7729,SFF,Subversive Alliance,~SA~,1592807,shak,97,25978,1,0
7729,SFF,Subversive Alliance,HB1,1609308,Judea,100,21594,1,0
7729,SFF,Subversive Alliance,HB1,1611194,Aitch,98,21535,1,0
7729,SFF,Subversive Alliance,~SA~,453122,-Ordinary-,86,21149,1,0
7729,SFF,Subversive Alliance,FTW,108922,HT-Supermikk,100,20655,1,0
7729,SFF,Subversive Alliance,~SA~,1414372,Fortytwo,100,18896,2,6
7729,SFF,Subversive Alliance,~SA~,424017,Ohadik,99,16452,3,2
7729,SFF,Subversive Alliance,~SA~,56492,RaNkOr,97,15125,1,0
7729,SFF,Subversive Alliance,~SA~,220641,Twigman,96,12970,2,0
7729,SFF,Subversive Alliance,~SA~,710831,Veteran,93,11485,1,1
7729,SFF,Subversive Alliance,~SA~,1729682,Shady_Lady,96,10946,1,0
7729,SFF,Subversive Alliance,FTW,1033180,JS_Rep,95,10851,3,2
7729,SFF,Subversive Alliance,~SA~,1285682,J-C,36,10538,1,4
7729,SFF,Subversive Alliance,~SA~,198056,uncle-chu,100,8177,1,0
7729,SFF,Subversive Alliance,FTW,1315845,Billiken,97,7588,1,0
7729,SFF,Subversive Alliance,EQ3U,195437,Phatjack,99,7135,1,0
7729,SFF,Subversive Alliance,~SA~,487917,herself,91,5663,1,0
7729,SFF,Subversive Alliance,undefined,89581,Htr,100,4951,1,1
7729,SFF,Subversive Alliance,~SA~,237547,Nobody,94,3649,1,3
7729,SFF,Subversive Alliance,39th,120362,WarAndPeace,86,941,1,0
7729,SFF,Subversive Alliance,~SA~,227744,RumbLE,100,433,1,0
7729,SFF,PT-Penguins,PT,2167970,Parrana,14,417,1,0
7729,SFF,PT-Penguins,undefined,2224343,Flurrik,12,408,1,0
7729,SFF,PT-Penguins,PT,2074875,Agumon,17,405,1,0
7729,SFF,PT-Penguins,undefined,1923620,EZTarget,24,397,1,0
7729,SFF,PT-Penguins,PT,2032152,Fir3,21,387,1,0
7729,SFF,PT-Penguins,PT,16803,General-Snake,30,387,1,0
7729,SFF,PT-Penguins,undefined,1275538,DuartePT,38,379,1,0
7729,SFF,PT-Penguins,PT,196112,M4iiN3Y,39,370,1,0
7729,SFF,PT-Penguins,PT,1810847,An00bis,25,369,1,0
7729,SFF,PT-Penguins,undefined,2215721,Daemonfyre,15,362,1,0
7729,SFF,PT-Penguins,PT,1844259,powerdrone,30,356,1,0
7729,SFF,PT-Penguins,PT,2218426,Ghostfacekilla,15,349,1,0
7729,SFF,PT-Penguins,undefined,97130,Maxim,51,348,1,0
7729,SFF,PT-Penguins,PT,1332079,jpcosta,42,334,1,0
7729,SFF,PT-Penguins,undefined,532872,Bartolo,21,332,1,0
7729,SFF,PT-Penguins,undefined,2038423,Leyl,45,325,1,0
7729,SFF,PT-Penguins,undefined,722898,Miocas,28,301,1,0
7729,SFF,PT-Penguins,undefined,849656,bagger288,61,289,1,0
7729,SFF,PT-Penguins,PT,2195720,Extortion,21,276,1,0
7729,SFF,PT-Penguins,undefined,2098306,CazzaB1989,12,262,1,0
7729,SFF,PT-Penguins,undefined,714729,Kastro,53,259,1,0
7729,SFF,PT-Penguins,PT,1529508,MihaiCosti,50,237,1,0
7729,SFF,PT-Penguins,PT,84161,BlasteR,61,216,1,0
7729,SFF,PT-Penguins,PT,618400,MrVillian,55,216,1,0
7729,SFF,PT-Penguins,PT,1405969,burglar,21,189,1,0
7729,SFF,PT-Penguins,undefined,189303,pacha,64,183,1,0
7729,SFF,PT-Penguins,undefined,2073638,ChristinaXP,44,167,1,0
7729,SFF,PT-Penguins,PT,639340,PERESTROIKA,66,161,1,0
7729,SFF,PT-Penguins,PT,60666,alguem,100,159,1,1
7729,SFF,PT-Penguins,PT,1833585,DR4ZTIC,72,120,1,0
7729,SFF,PT-Penguins,PT,2224763,Crudak,15,8,2,0

7730,AFF,One Punch,~OP~,81345,Lost-Soul,65,51821,1,4
7730,AFF,One Punch,~OP~,129990,King_David,95,51778,1,2
7730,AFF,One Punch,~OP~,1264572,Death,96,51503,2,1
7730,AFF,One Punch,~OP~,1618958,Master,91,51338,1,0
7730,AFF,One Punch,~OP~,1474240,boonick44,69,51338,1,0
7730,AFF,One Punch,~OP~,189986,fazi000000,84,50675,1,0
7730,AFF,One Punch,UNT,1505069,AmberBlue,86,50616,1,0
7730,AFF,One Punch,~OP~,671176,Cobralov3r,81,50312,3,1
7730,AFF,One Punch,CR²,78061,-Glitch-,65,49838,1,0
7730,AFF,One Punch,undefined,1545499,Saitama,60,49719,1,0
7730,AFF,One Punch,~OP~,1502426,waybeyondhelp,78,46100,1,0
7730,AFF,One Punch,~OP~,1328849,EX3,86,44220,1,0
7730,AFF,One Punch,~OP~,913832,MoneyBadger,85,42624,1,0
7730,AFF,One Punch,~OP~,288076,Tankbusta,80,41505,1,0
7730,AFF,One Punch,~OP~,668362,Revelation,90,41363,2,0
7730,AFF,One Punch,~OP~,1914854,BuLLsDiE,38,34273,5,0
7730,AFF,One Punch,~OP~,949847,jacks_colon,65,34152,1,2
7730,AFF,One Punch,BoTS,1787515,The_Healer,74,33988,1,1
7730,AFF,One Punch,~OP~,812471,BORK,54,33922,1,1
7730,AFF,One Punch,~OP~,2014395,DrillerDave,50,33816,1,0
7730,AFF,One Punch,~OP~,5510,12Digitdan,65,33542,1,0
7730,AFF,One Punch,ELTI,2180487,the_ENEMY_,30,30993,5,0
7730,AFF,One Punch,~OP~,1495224,tobias,58,29061,2,0
7730,AFF,One Punch,tBP,501007,LadyVirgo,72,28365,2,0
7730,AFF,One Punch,~OP~,1863227,Zwel,89,28050,1,1
7730,AFF,One Punch,~OP~,1925343,EnglandsFinest,80,27862,1,0
7730,AFF,One Punch,~OP~,1903327,Kingdingaling,39,26925,2,1
7730,AFF,One Punch,~OP~,949810,heresy23,70,26445,2,0
7730,AFF,One Punch,~OP~,1956826,mklewis,67,25407,1,0
7730,AFF,One Punch,~OP~,1531045,Mr_Owl,70,23710,1,0
7730,AFF,One Punch,~OP~,187782,Hard_wall,100,22280,2,0
7730,AFF,One Punch,DA,2048878,TheDarkLight,65,20768,1,0
7730,AFF,One Punch,BoTS,797205,EricSteven,56,20463,1,0
7730,AFF,One Punch,undefined,2115229,cactido,45,19792,1,0
7730,AFF,One Punch,BoTS,2141705,nadinschh,30,18126,4,0
7730,AFF,One Punch,~OP~,889384,peteTHEwolve,68,16319,1,0
7730,AFF,One Punch,~OP~,1280905,Hypocritical,84,15752,1,0
7730,AFF,One Punch,~OP~,1291481,sawas,89,15649,1,0
7730,AFF,One Punch,~OP~,420408,Greasha,85,15411,1,0
7730,AFF,One Punch,DEN,2173811,XCFRES,20,13047,7,0
7730,AFF,One Punch,~OP~,1554173,H1ghl4nder,71,11387,1,0
7730,AFF,One Punch,~OP~,2131856,100T,42,11082,2,0
7730,AFF,One Punch,undefined,2073986,FunkyDo,30,9468,1,0
7730,AFF,One Punch,~OP~,2058538,Jibblets,28,9233,3,0
7730,AFF,One Punch,~OP~,1952888,SHIINA,75,8801,1,2
7730,AFF,One Punch,~OP~,1161983,TwoEleven,90,8398,1,0
7730,AFF,One Punch,~OP~,681916,Lil_Hitman,55,8300,1,0
7730,AFF,One Punch,~OP~,1904716,Madangeltje,23,8244,2,0
7730,AFF,One Punch,undefined,2100933,Cinderalla,25,8205,3,0
7730,AFF,One Punch,~OP~,956187,ladyK,26,7601,1,0
7730,AFF,One Punch,~OP~,734492,BabyLuST,49,6773,1,0
7730,AFF,One Punch,~OP~,865494,KlownKilla,56,5519,1,0
7730,AFF,One Punch,~OP~,245215,Ground,30,2569,1,0
7730,AFF,One Punch,IA,1971205,White_Lightning,15,578,1,0
7730,AFF,PT-Penguins,undefined,2237313,Stratanis,9,188,1,0
7730,AFF,PT-Penguins,undefined,2241385,JESUSSS,4,176,1,0
7730,AFF,PT-Penguins,undefined,2237374,JelinaYoung,12,162,1,0
7730,AFF,PT-Penguins,PT,315131,84t0n9,82,161,3,5
7730,AFF,PT-Penguins,PT,205973,PitBullTerrier,83,152,4,10
7730,AFF,PT-Penguins,PT,2059567,WagwanG,17,147,3,8
7730,AFF,PT-Penguins,PT,2224491,vavidoa,18,147,1,0
7730,AFF,PT-Penguins,undefined,2243301,KingHeb83,6,141,1,0
7730,AFF,PT-Penguins,undefined,2217068,Somethingmorbid,9,138,1,0
7730,AFF,PT-Penguins,undefined,2234160,Deadreez,4,130,1,0
7730,AFF,PT-Penguins,PT,2224800,Nynane,15,129,1,0
7730,AFF,PT-Penguins,PT,2233008,Ghostfacers,15,120,1,0
7730,AFF,PT-Penguins,undefined,2243081,GDINI,6,111,1,0
7730,AFF,PT-Penguins,PT,2224763,Crudak,15,96,1,0
7730,AFF,PT-Penguins,PT,1953284,Xx_Deathless_xX,81,93,5,4
7730,AFF,PT-Penguins,MnC,2100735,xedx,50,91,4,4
7730,AFF,PT-Penguins,PT,470426,Mins,81,32,1,1

7731,RFF,Wolf Pack,~WP~,208206,TranQuilizer,99,54857,1,1
7731,RFF,Wolf Pack,undefined,319251,Breathless,46,54519,1,0
7731,RFF,Wolf Pack,~WP~,1694544,MedicWolf,75,54198,1,0
7731,RFF,Wolf Pack,~WP~,327135,PainfulPoetry,81,54139,4,1
7731,RFF,Wolf Pack,~WP~,1868765,Justine,89,53989,2,0
7731,RFF,Wolf Pack,~WP~,1701946,Whitty,32,53638,2,0
7731,RFF,Wolf Pack,~WP~,1491379,buddha420,80,52095,2,0
7731,RFF,Wolf Pack,~WP~,1865614,MissMary,84,50954,3,3
7731,RFF,Wolf Pack,~WP~,1417595,fd24,57,46808,5,0
7731,RFF,Wolf Pack,~WP~,1868687,krystal009,89,46296,2,0
7731,RFF,Wolf Pack,~WP~,1381375,TCHunter,80,45781,1,0
7731,RFF,Wolf Pack,~WP~,15902,dalai_lama,90,45493,1,0
7731,RFF,Wolf Pack,~WP~,1347255,Jojo1313,49,44822,1,0
7731,RFF,Wolf Pack,~WP~,119080,thiagorip,90,44479,2,0
7731,RFF,Wolf Pack,~WP~,2048344,vuk,66,42048,4,0
7731,RFF,Wolf Pack,~WP~,2011600,Bruman,70,39903,1,0
7731,RFF,Wolf Pack,undefined,1706462,Toquinho,77,38833,1,0
7731,RFF,Wolf Pack,CAT!,1690243,Krypton009,80,37934,1,0
7731,RFF,Wolf Pack,undefined,2007550,Dagrims,71,37819,1,0
7731,RFF,Wolf Pack,~WP~,1798019,Streamaoz,80,36930,1,0
7731,RFF,Wolf Pack,~WP~,2036844,Sinder,50,36906,4,0
7731,RFF,Wolf Pack,~WP~,2065939,Wiber,50,36895,4,0
7731,RFF,Wolf Pack,~WP~,539054,Xenophias,61,34818,1,0
7731,RFF,Wolf Pack,~WP~,2162486,Sourpatch_girl,31,30257,8,0
7731,RFF,Wolf Pack,~WP~,1336560,GreenLanternX,63,30101,2,0
7731,RFF,Wolf Pack,HeLa,926640,cryosis7,40,28799,2,0
7731,RFF,Wolf Pack,~WP~,464458,Kash,84,26789,1,0
7731,RFF,Wolf Pack,R*1,1034523,Tezwar,100,26097,1,0
7731,RFF,Wolf Pack,HeLa,2109024,Arduan,49,23512,2,0
7731,RFF,Wolf Pack,~WP~,1095969,PISolo,95,22047,1,0
7731,RFF,Wolf Pack,undefined,1271316,pokey477,63,21344,1,0
7731,RFF,Wolf Pack,~WP~,943259,Hammer,100,20482,1,1
7731,RFF,Wolf Pack,~WP~,935765,YNWA,99,18547,1,1
7731,RFF,Wolf Pack,~WP~,1297526,Stalllion,54,18301,1,0
7731,RFF,Wolf Pack,~WP~,2140688,Shion,47,16653,3,0
7731,RFF,Wolf Pack,~WP~,2024947,SuckMyGypsy,74,13668,1,0
7731,RFF,Wolf Pack,HeLa,1170743,Rogue_Mercenary,55,12301,2,0
7731,RFF,Wolf Pack,~WP~,2079596,Tamzy,35,11920,4,0
7731,RFF,Wolf Pack,~WP~,2010263,PinkPirat,25,11704,2,1
7731,RFF,Wolf Pack,~WP~,1835613,Fulco,60,10575,1,0
7731,RFF,Wolf Pack,undefined,1893037,Skippy_Jr,20,10489,3,0
7731,RFF,Wolf Pack,~WP~,321312,parmo,98,9784,2,1
7731,RFF,Wolf Pack,~WP~,1908425,Lleztat,87,8831,1,0
7731,RFF,Wolf Pack,~WP~,247353,davfergy,98,8746,1,0
7731,RFF,Wolf Pack,~WP~,1608986,HastaLaVistaBby,90,8601,2,1
7731,RFF,Wolf Pack,~WP~,574812,Kamster,84,8540,1,0
7731,RFF,Wolf Pack,~WP~,1948747,Swerige,19,8489,4,0
7731,RFF,Wolf Pack,HeLa,1459388,sa69,80,8396,1,0
7731,RFF,Wolf Pack,~WP~,2070756,AlieNDFy,33,8114,2,0
7731,RFF,Wolf Pack,undefined,243153,AshKetchum-,83,7930,1,0
7731,RFF,Wolf Pack,~WP~,2095379,Vindice,26,7920,5,0
7731,RFF,Wolf Pack,undefined,2052158,Riperzz,58,6308,1,0
7731,RFF,Wolf Pack,undefined,1798300,Lcollier,15,4924,1,0
7731,RFF,Wolf Pack,~WP~,1931597,cr0nic,15,4349,4,0
7731,RFF,Wolf Pack,~WP~,2076083,Lucian,40,4090,4,0
7731,RFF,Wolf Pack,HeLa,2101122,JamesTrick,40,2768,3,0
7731,RFF,Wolf Pack,~WP~,1725233,MH_2007,89,2289,1,0
7731,RFF,Wolf Pack,~WP~,1111678,Mispk2,93,2062,1,0
7731,RFF,Wolf Pack,~WP~,1927675,Xiezhi,15,2000,1,0
7731,RFF,Wolf Pack,~WP~,1525184,PINHEAD69,69,794,1,0
7731,RFF,Wolf Pack,~WP~,312606,Fergy,73,267,1,0
7731,RFF,PT-Penguins,PT,1021253,TriTuRaDor,81,526,18,17
7731,RFF,PT-Penguins,PT,2059567,WagwanG,17,233,3,9
7731,RFF,PT-Penguins,PT,60666,alguem,100,193,1,23
7731,RFF,PT-Penguins,PT,470426,Mins,81,60,3,0
7731,RFF,PT-Penguins,PT,2224800,Nynane,15,0,1,0

7732,QZD,Forged Through War,FTW,1455847,Para,100,51027,1,1
7732,QZD,Forged Through War,FTW,1461511,Eagle_Eye,96,50913,1,2
7732,QZD,Forged Through War,FTW,1701802,Bullgreat,86,50887,2,7
7732,QZD,Forged Through War,FTW,2071751,Chael_Sorrow,55,50629,1,0
7732,QZD,Forged Through War,FTW,986192,Janet,100,50628,1,4
7732,QZD,Forged Through War,FTW,1075643,Gun_Ru,89,50591,1,0
7732,QZD,Forged Through War,FTW,1455642,BFM,100,50561,1,0
7732,QZD,Forged Through War,undefined,573391,CARR,99,50479,1,0
7732,QZD,Forged Through War,FTW,1577937,Asator,85,50447,1,0
7732,QZD,Forged Through War,FTW,288576,KissedbyFire,56,50404,1,0
7732,QZD,Forged Through War,FTW,1815519,BraveKath,90,50315,1,0
7732,QZD,Forged Through War,FTW,982648,corpse-juice,90,50237,1,0
7732,QZD,Forged Through War,FTW,1649855,LPA831,79,50206,1,0
7732,QZD,Forged Through War,FTW,1403604,ieatcarpets,96,50137,1,0
7732,QZD,Forged Through War,FTW,1057741,wolvie,90,50080,1,0
7732,QZD,Forged Through War,FTW,310511,Ceupocemia,82,49919,1,0
7732,QZD,Forged Through War,FTW,99177,BodyBagger,100,49316,1,0
7732,QZD,Forged Through War,FTW,463739,DeadKennedy,90,49274,1,0
7732,QZD,Forged Through War,FTW,937630,consfearacy,72,49108,1,0
7732,QZD,Forged Through War,FTW,1831700,Saeger,85,37044,1,0
7732,QZD,Forged Through War,FTW,473887,__Jamie-_,96,33069,1,0
7732,QZD,Forged Through War,FTW,843586,Majsan,85,27947,1,1
7732,QZD,Forged Through War,FTW,1168036,Hogs4life,93,27750,2,1
7732,QZD,Forged Through War,FTW,1984831,Evil_Clown,50,22918,1,0
7732,QZD,Forged Through War,FTW,2039424,windy,75,22846,1,0
7732,QZD,Forged Through War,FTW,456428,Kill-For-Glory,37,17752,1,1
7732,QZD,Forged Through War,FTW,1831767,OneBigDummy,97,12576,1,0
7732,QZD,Forged Through War,FTW,1591334,Miracle,86,303,1,0
7732,QZD,PT-Calculated,PT,273372,ATO,63,370,1,0
7732,QZD,PT-Calculated,PT,222784,mave,81,353,1,0
7732,QZD,PT-Calculated,tBP,986435,Hammer_toe,65,343,1,0
7732,QZD,PT-Calculated,undefined,1990607,BASTOS,69,328,1,0
7732,QZD,PT-Calculated,PT,1631069,Mathematics,85,327,1,0
7732,QZD,PT-Calculated,PT,2016129,bcla7,57,304,1,0
7732,QZD,PT-Calculated,PT,2057764,FlyingPotato,79,303,1,0
7732,QZD,PT-Calculated,PT,1946702,Stratiotis,73,293,1,0
7732,QZD,PT-Calculated,PT,112080,rupe13,65,278,1,0
7732,QZD,PT-Calculated,PT,235408,RonSwanson,68,254,1,0
7732,QZD,PT-Calculated,undefined,894480,The_Spank,69,237,1,0
7732,QZD,PT-Calculated,PT,1044317,misanthrope,65,227,1,0
7732,QZD,PT-Calculated,undefined,1844909,Deathy,56,226,1,0
7732,QZD,PT-Calculated,PT,1955080,AzureFlameGod,52,198,1,0
7732,QZD,PT-Calculated,PT,949287,--ccman2215--,81,194,1,0
7732,QZD,PT-Calculated,PT,2003812,Groll,61,184,1,0
7732,QZD,PT-Calculated,PT,1730561,TheDaredVermin,75,172,1,0
7732,QZD,PT-Calculated,PT,1867085,Recidivist,40,156,1,0
7732,QZD,PT-Calculated,PT,1441788,Plunkett,28,140,1,0
7732,QZD,PT-Calculated,PT,465395,The_Stab,69,126,1,0
7732,QZD,PT-Calculated,PT,1976145,Maching,80,85,1,0
7732,QZD,PT-Calculated,PT,882958,Grif,95,74,2,0
7732,QZD,PT-Calculated,PT,2000828,The_Dave,76,53,1,0
7732,QZD,PT-Calculated,PT,1579225,logiet,80,35,1,0
7732,QZD,PT-Calculated,PT,1755293,Greenbastard,50,15,1,1

7733,PGE,Unrelenting,FTW,4309,Buzz,95,52238,2,1
7733,PGE,Unrelenting,UR,111337,PxKSnowball,68,52172,2,5
7733,PGE,Unrelenting,UR,1970116,_stray_,50,51453,2,0
7733,PGE,Unrelenting,UR,10163,xXSupraXx,40,48993,1,0
7733,PGE,Unrelenting,BT,1569797,Larten_Crepsley,69,48827,3,1
7733,PGE,Unrelenting,R*1,1479036,Wild_Irish_Btch,83,48307,5,1
7733,PGE,Unrelenting,UR,1724255,BigBoyKhan,62,48050,3,0
7733,PGE,Unrelenting,UR,420413,DrWEEDKILLA,65,46962,3,1
7733,PGE,Unrelenting,UR,1900654,ItsZahid,65,44823,14,0
7733,PGE,Unrelenting,HA,2106899,ash1futbol,48,43363,3,0
7733,PGE,Unrelenting,URM,1977350,g-eazy,48,41314,2,0
7733,PGE,Unrelenting,UR,420862,Rico_,86,40060,2,0
7733,PGE,Unrelenting,UR,1383932,Seedman123,45,39368,7,0
7733,PGE,Unrelenting,UR,2116074,xHageneeSx,40,39210,3,0
7733,PGE,Unrelenting,UR,2075264,JinHoshi,60,38344,4,3
7733,PGE,Unrelenting,CAT!,1831950,TRex,75,38216,1,0
7733,PGE,Unrelenting,UR,1662528,Lucretia,45,37710,1,0
7733,PGE,Unrelenting,UR,1776756,Cxurtney,39,37703,1,0
7733,PGE,Unrelenting,UR,2107926,Wompyyy,42,37616,3,0
7733,PGE,Unrelenting,UR,2082554,Blume,50,36156,4,0
7733,PGE,Unrelenting,39th,256850,Killer-For-Hire,88,35879,1,1
7733,PGE,Unrelenting,UR,2192470,EvenOdds_,32,35273,7,0
7733,PGE,Unrelenting,UR,2114845,Jedlin,25,28753,6,0
7733,PGE,Unrelenting,UR,1980309,gustapo,65,28006,10,0
7733,PGE,Unrelenting,HeLa,2150408,EtherealZ,31,24661,1,0
7733,PGE,Unrelenting,UR,2203961,Red-Rabbit,23,23416,5,0
7733,PGE,Unrelenting,BT,1782274,Seba_Nile,57,22954,2,0
7733,PGE,Unrelenting,UR,1924816,Prometheus,62,19197,2,0
7733,PGE,Unrelenting,BT,1950560,TheAdvert,35,18747,3,0
7733,PGE,Unrelenting,UR,1040269,Uncle_D,61,17451,5,1
7733,PGE,Unrelenting,UR,1754417,MRDON,17,16634,4,0
7733,PGE,Unrelenting,UR,1044045,WasteItOnMe,42,16353,1,0
7733,PGE,Unrelenting,UR,1784533,ametropia,61,15862,3,0
7733,PGE,Unrelenting,UR,2110470,DeathToAmerica,35,15721,6,0
7733,PGE,Unrelenting,HeLa,2163319,Sparklemadness,27,15237,2,0
7733,PGE,Unrelenting,UR,2148145,-_-BIRD-_-,44,15090,4,0
7733,PGE,Unrelenting,UR,2173624,PanzerFuhrer,25,15059,3,0
7733,PGE,Unrelenting,UR,2038635,Gadzt,51,14729,2,0
7733,PGE,Unrelenting,undefined,985017,abzzy12988,43,14626,8,0
7733,PGE,Unrelenting,UR,2161724,CaptainGreen,25,14222,1,0
7733,PGE,Unrelenting,UR,2014756,schwendy,22,13708,1,0
7733,PGE,Unrelenting,UR,2031027,Woytech,39,13378,2,0
7733,PGE,Unrelenting,UR,1980299,Tanne,56,13311,1,0
7733,PGE,Unrelenting,UR,2072034,MolonLabe,58,13108,2,0
7733,PGE,Unrelenting,UR,2097950,biltre,23,12371,1,0
7733,PGE,Unrelenting,BT,2081928,Al1m_121,37,11527,1,0
7733,PGE,Unrelenting,UR,2173602,ItsSpaceOG,20,11402,2,0
7733,PGE,Unrelenting,UR,1179551,holman76,57,11340,1,0
7733,PGE,Unrelenting,UR,586394,Cynical,52,10923,1,0
7733,PGE,Unrelenting,UR,2040977,k3ryck,32,6455,2,0
7733,PGE,Unrelenting,UR,2007755,Rajput15,31,4465,1,0
7733,PGE,Unrelenting,UR,2066685,Pachico,61,3573,10,0
7733,PGE,Unrelenting,UR,2032777,Chr1s,28,1943,1,0
7733,PGE,Unrelenting,UR,2082068,NevilleHuffy,39,1680,2,0
7733,PGE,Unrelenting,UR,2121421,nefarious_child,25,1619,1,0
7733,PGE,Unrelenting,UR,1992877,Zakara,37,1214,1,0
7733,PGE,Unrelenting,UR,1927822,Hisame,41,940,4,0
7733,PGE,Unrelenting,UR,920743,aftershock,66,880,1,0
7733,PGE,Unrelenting,UR,1815363,Wing-Zero,65,547,1,0
7733,PGE,PT-Calculated,tBP,986435,Hammer_toe,65,473,1,0
7733,PGE,PT-Calculated,PT,527397,cooljoew,62,336,2,0
7733,PGE,PT-Calculated,PT,2010418,Krakatok,30,330,1,0
7733,PGE,PT-Calculated,PT,882958,Grif,95,316,2,18
7733,PGE,PT-Calculated,MnC,2011298,Sanidade,60,312,1,0
7733,PGE,PT-Calculated,39H,1309896,DonaldTrump,65,299,3,1
7733,PGE,PT-Calculated,PT,1846544,JaFosteHaha,15,295,1,0
7733,PGE,PT-Calculated,PT,2031378,CubanMamba,58,285,1,0
7733,PGE,PT-Calculated,PT,1625061,Medikation,35,270,1,0
7733,PGE,PT-Calculated,PT,2091318,tyrech,49,267,1,0
7733,PGE,PT-Calculated,UR,2049768,Haiku,64,258,1,0
7733,PGE,PT-Calculated,PT,506807,Mathik,60,249,1,0
7733,PGE,PT-Calculated,PT,2109263,Vanq,36,234,1,0
7733,PGE,PT-Calculated,PT,2095726,The_Swag,51,224,3,0
7733,PGE,PT-Calculated,PT,2023175,-Cahaya-,48,205,1,0
7733,PGE,PT-Calculated,PT,2006530,mjuds,55,170,1,0
7733,PGE,PT-Calculated,DE,278009,CashLaundry,60,170,1,0
7733,PGE,PT-Calculated,PT,2001645,The_Dest,40,170,1,0
7733,PGE,PT-Calculated,PT,2140025,BeerDrinker,15,163,1,3
7733,PGE,PT-Calculated,PT,1066552,Steam,50,158,1,0
7733,PGE,PT-Calculated,PT,273372,ATO,63,146,1,0
7733,PGE,PT-Calculated,PT,2091861,Sulla_Khan,42,142,1,0
7733,PGE,PT-Calculated,undefined,1963956,AGP-CIEL,60,142,1,0
7733,PGE,PT-Calculated,PT,541847,Eltan,35,134,1,0
7733,PGE,PT-Calculated,PT,838134,Limonada,69,121,1,0
7733,PGE,PT-Calculated,PT,2062714,-Grey-,15,120,1,0
7733,PGE,PT-Calculated,PT,1612601,Gooding,67,106,1,0
7733,PGE,PT-Calculated,PT,532553,Asuran,31,106,1,0
7733,PGE,PT-Calculated,undefined,495689,Manners,80,104,1,0
7733,PGE,PT-Calculated,PT,1579225,logiet,80,88,2,3
7733,PGE,PT-Calculated,KMA,2074008,EyehrtBaseball,55,56,1,0
7733,PGE,PT-Calculated,PT,761776,I_Am_BaZaaR,72,47,1,1
7733,PGE,PT-Calculated,PT,79649,regulator906,67,47,1,0
7733,PGE,PT-Calculated,PT,2046131,Sub,89,27,1,0
7733,PGE,PT-Calculated,UNT,1433367,CitizenSnips,66,22,1,0
7733,PGE,PT-Calculated,PT,2057764,FlyingPotato,79,18,1,1
7733,PGE,PT-Calculated,PT,949262,MeRocks,69,0,0,3

7734,ZFF,Chain Reaction,C.R,1879587,Proxima,100,52851,28,11
7734,ZFF,Chain Reaction,C.R,1915023,CrazedOne,99,51659,11,36
7734,ZFF,Chain Reaction,C.R,1288134,Browe,99,51590,17,8
7734,ZFF,Chain Reaction,~WP~,1317237,Touch,100,49666,10,28
7734,ZFF,Chain Reaction,C.R,1352251,ChristmasBazaar,100,49274,4,25
7734,ZFF,Chain Reaction,C.R,77011,DFC,100,48883,12,9
7734,ZFF,Chain Reaction,C.R,202258,piney,100,48689,2,8
7734,ZFF,Chain Reaction,C.R,428286,AlleyCat,100,48050,2,1
7734,ZFF,Chain Reaction,C.R,1884314,MeanMike,95,46489,3,1
7734,ZFF,Chain Reaction,C.R,360957,CaptainBiceps,99,46167,12,0
7734,ZFF,Chain Reaction,C.R,2013640,Johnny_G,90,45750,40,4
7734,ZFF,Chain Reaction,undefined,89581,Htr,100,37900,2,1
7734,ZFF,Chain Reaction,TNL,2015160,HDS_Andrew616,90,36346,1,0
7734,ZFF,Chain Reaction,C.R,1525609,RefleX_,98,34753,2,1
7734,ZFF,Chain Reaction,C.R,1712182,Muttley,86,31954,11,3
7734,ZFF,Chain Reaction,C.R,1967379,Tyrion,85,30553,54,0
7734,ZFF,Chain Reaction,C.R,1982831,VinnyCarwash,89,30255,7,5
7734,ZFF,Chain Reaction,C.R,1010587,myshoeshurt,100,30140,33,0
7734,ZFF,Chain Reaction,C.R,1648788,_7_,94,28408,6,1
7734,ZFF,Chain Reaction,C.R,1899531,zaje,88,27360,24,1
7734,ZFF,Chain Reaction,C.R,249471,Decisive_Fire,90,26664,28,0
7734,ZFF,Chain Reaction,C.R,1918071,DeusVorpal,80,26516,27,0
7734,ZFF,Chain Reaction,C.R,1420465,Mujera,82,26318,20,1
7734,ZFF,Chain Reaction,~WP~,1885249,Tinybubble,90,26141,13,6
7734,ZFF,Chain Reaction,C.R,1977742,NOLAW,86,26138,28,15
7734,ZFF,Chain Reaction,C.R,942591,MaxMekker,95,25361,5,5
7734,ZFF,Chain Reaction,C.R,1998312,MrLovePants,86,25272,37,2
7734,ZFF,Chain Reaction,C.R,575512,shwibbing,80,25048,3,7
7734,ZFF,Chain Reaction,C.R,1958969,Mania,90,23672,4,2
7734,ZFF,Chain Reaction,C.R,209070,Tascon,100,23509,14,10
7734,ZFF,Chain Reaction,C.R,590839,-BC-Pagee,100,21708,15,4
7734,ZFF,Chain Reaction,~WP~,2003190,kittenaround,85,20638,22,0
7734,ZFF,Chain Reaction,C.R,125079,No-Stress,99,20585,10,6
7734,ZFF,Chain Reaction,C.R,460247,Hippopotamus,95,18832,5,0
7734,ZFF,Chain Reaction,~WP~,1554256,DoinYaMom,98,18744,2,3
7734,ZFF,Chain Reaction,C.R,1579270,PsycWard,91,18069,22,1
7734,ZFF,Chain Reaction,C.R,496570,hustl3r,93,17489,3,1
7734,ZFF,Chain Reaction,C.R,1265909,TGA_DeViL,95,17184,3,1
7734,ZFF,Chain Reaction,C.R,1988609,Dralcon,81,17083,17,0
7734,ZFF,Chain Reaction,C.R,1996277,Metaldog,80,16757,11,0
7734,ZFF,Chain Reaction,C.R,1914682,-DEL-,93,14210,32,26
7734,ZFF,Chain Reaction,C.R,674660,Gogeta_SSJ4,85,13424,4,1
7734,ZFF,Chain Reaction,C.R,2011902,CrimsonXray,89,13186,17,1
7734,ZFF,Chain Reaction,C.R,439035,BullsCry,90,12974,13,0
7734,ZFF,Chain Reaction,C.R,1814138,Lilith,94,12771,56,24
7734,ZFF,Chain Reaction,~WP~,1978428,Yautja,83,12210,6,0
7734,ZFF,Chain Reaction,C.R,1601768,Mundo,90,11708,27,2
7734,ZFF,Chain Reaction,C.R,2001661,DrunkPunk,83,11559,3,2
7734,ZFF,Chain Reaction,C.R,1446761,frostedclaws,90,10150,1,0
7734,ZFF,Chain Reaction,C.R,1015037,TEEJ,97,9998,17,2
7734,ZFF,Chain Reaction,C.R,2042332,jjinn,84,9795,49,1
7734,ZFF,Chain Reaction,C.R,1763067,Somebody,86,9444,8,0
7734,ZFF,Chain Reaction,39th,1773750,makeway,83,8862,11,0
7734,ZFF,Chain Reaction,C.R,1491264,Aldous_Snow,91,8645,24,3
7734,ZFF,Chain Reaction,C.R,1697426,BrewDog,100,7395,7,5
7734,ZFF,Chain Reaction,C.R,1992055,JoeSomethin,73,7257,2,0
7734,ZFF,Chain Reaction,C.R,512975,Scuba,90,7179,6,2
7734,ZFF,Chain Reaction,C.R,871983,YOUROWNER,95,7108,6,3
7734,ZFF,Chain Reaction,C.R,1921594,Norm,90,5966,36,7
7734,ZFF,Chain Reaction,C.R,1857028,CerealKillaKyle,93,4346,19,5
7734,ZFF,Chain Reaction,IA,1456558,-CaptainAmerica,99,3935,2,0
7734,ZFF,Chain Reaction,C.R,1805217,Devoid,84,3679,1,0
7734,ZFF,Chain Reaction,C.R,1920851,0tt3r,83,3042,19,1
7734,ZFF,Chain Reaction,~SA~,482424,Nabisco,94,3012,11,2
7734,ZFF,Chain Reaction,IBB,1530574,Lily,92,3012,6,0
7734,ZFF,Chain Reaction,C.R,750078,Captive,92,2528,2,0
7734,ZFF,Chain Reaction,R*1,1785428,Td3h,99,2357,2,8
7734,ZFF,Chain Reaction,R*1,302973,lonewolf,100,1736,2,5
7734,ZFF,Chain Reaction,C.R,1959944,NoGood,82,1595,2,1
7734,ZFF,Chain Reaction,R*1,1034523,Tezwar,100,1403,1,13
7734,ZFF,Chain Reaction,C.R,1667842,Jokur,94,1362,8,4
7734,ZFF,Chain Reaction,C.R,441477,maluy,98,1262,11,6
7734,ZFF,Chain Reaction,C.R,1907489,Tramadol,84,1208,10,4
7734,ZFF,Chain Reaction,C.R,1967959,Actuariolam,70,1144,5,0
7734,ZFF,Chain Reaction,C.R,88656,the_gunners2004,88,897,17,0
7734,ZFF,Chain Reaction,C.R,1868288,Cartis,83,98,1,1
7734,ZFF,Chain Reaction,C.R,1701390,Master3z,92,91,4,1
7734,ZFF,Chain Reaction,C.R,2001304,RealityShift,86,91,2,1
7734,ZFF,Chain Reaction,C.R,2017141,TxGemini,85,9,2,0
7734,ZFF,Chain Reaction,C.R,972654,Jacob,96,0,0,2
7734,ZFF,PT-Family,JFK™,27478,HellR4iser,100,2290,51,52
7734,ZFF,PT-Family,PT,940584,ruler,100,2212,46,27
7734,ZFF,PT-Family,PT,997655,evilf9,99,2038,18,12
7734,ZFF,PT-Family,JFK™,1570883,Nova,100,2000,46,25
7734,ZFF,PT-Family,undefined,24528,The_Storm,100,1402,3,2
7734,ZFF,PT-Family,IBB,668343,DanteDMC,100,1181,18,9
7734,ZFF,PT-Family,PT,121433,Pidu,100,1109,15,8
7734,ZFF,PT-Family,PT,177606,malamen,100,1106,26,16
7734,ZFF,PT-Family,M&C,560161,DiamondAce,100,1024,19,1
7734,ZFF,PT-Family,PT,174660,MaLaB,99,1022,14,9
7734,ZFF,PT-Family,PT,1321316,Cheekym0nkey,100,1022,15,3
7734,ZFF,PT-Family,M&C,1458703,Blexi,100,1019,13,28
7734,ZFF,PT-Family,PT,42111,Beer_Bear,96,853,33,25
7734,ZFF,PT-Family,PT,169777,daCampa,100,742,29,23
7734,ZFF,PT-Family,M&C,144651,UNRIVALED,100,727,4,5
7734,ZFF,PT-Family,P,390936,Skipper,85,645,23,0
7734,ZFF,PT-Family,PT,1169571,xanty,90,635,21,4
7734,ZFF,PT-Family,PT,51498,MaGnO,100,628,5,5
7734,ZFF,PT-Family,PT,123295,hwachong,87,507,13,0
7734,ZFF,PT-Family,PT,137902,NN_Boy,94,391,1,0
7734,ZFF,PT-Family,undefined,1133596,AlexanderWoolf,97,375,1,0
7734,ZFF,PT-Family,PT,96875,Spurtung,95,372,4,7
7734,ZFF,PT-Family,Zer0,325128,kipidap,55,366,18,2
7734,ZFF,PT-Family,PT,587729,Stiffmeister,100,366,1,0
7734,ZFF,PT-Family,PT,2097532,DeathFoundry,67,365,23,0
7734,ZFF,PT-Family,undefined,840859,ILEGAL,100,357,1,0
7734,ZFF,PT-Family,PT,1132337,LumbricuS,90,339,3,0
7734,ZFF,PT-Family,PT,363768,Desperados,100,323,2,1
7734,ZFF,PT-Family,PT,330973,Hogfather,78,321,16,0
7734,ZFF,PT-Family,PT,240873,Nando,96,321,1,0
7734,ZFF,PT-Family,CK,214123,JerseyJay,92,318,10,4
7734,ZFF,PT-Family,PT,230223,Blackadder,96,279,1,0
7734,ZFF,PT-Family,DE,2084119,Revenant,55,279,15,0
7734,ZFF,PT-Family,39th,428220,_Kitty,39,275,1,0
7734,ZFF,PT-Family,PT,336112,Akagami,90,266,4,6
7734,ZFF,PT-Family,PT,1665757,Biggles,88,249,8,8
7734,ZFF,PT-Family,[ÐA],1322136,Beerstein,16,244,14,6
7734,ZFF,PT-Family,PT,1635046,DonGenovese,92,242,5,5
7734,ZFF,PT-Family,PT,34298,Butters,85,233,1,0
7734,ZFF,PT-Family,PT,112147,Maikye,96,220,1,0
7734,ZFF,PT-Family,M&C,1791283,Vinkuun,99,216,9,1
7734,ZFF,PT-Family,PT,1526820,ReyDuvall,94,215,2,0
7734,ZFF,PT-Family,PT,275993,Teardrop,91,215,1,0
7734,ZFF,PT-Family,PT,163143,Mentalist,99,209,2,0
7734,ZFF,PT-Family,PT,1613023,Broly,16,189,2,1
7734,ZFF,PT-Family,undefined,48442,Numpe,93,188,1,0
7734,ZFF,PT-Family,undefined,1915577,Mlkey,72,169,9,0
7734,ZFF,PT-Family,NUKE,187717,Xiphias,90,146,1,0
7734,ZFF,PT-Family,PT,345322,lost_soulx,96,144,3,4
7734,ZFF,PT-Family,PT,229314,Sylvia,71,138,1,0
7734,ZFF,PT-Family,PT,155541,MasterOfSex,93,125,4,5
7734,ZFF,PT-Family,PT,861584,Tammy,79,124,1,1
7734,ZFF,PT-Family,undefined,1493380,Kinkerbell,81,112,5,0
7734,ZFF,PT-Family,[ÐA],502675,ColdSystem,94,110,5,3
7734,ZFF,PT-Family,PT,42648,Tugues,92,108,1,0
7734,ZFF,PT-Family,PT,2162372,LeiHua,34,103,16,0
7734,ZFF,PT-Family,PT,1497907,The_Boss,75,100,3,0
7734,ZFF,PT-Family,undefined,900338,PopadaPill,83,95,3,0
7734,ZFF,PT-Family,PT,1778539,Milutin_K,76,78,3,0
7734,ZFF,PT-Family,undefined,51997,kung_fu,91,63,1,0
7734,ZFF,PT-Family,PT,452500,Mr_Charlie,60,60,4,0
7734,ZFF,PT-Family,PT,865186,GenBlood,93,53,1,0
7734,ZFF,PT-Family,KMA,375168,Themate63,72,45,3,0
7734,ZFF,PT-Family,PT,67340,Mickey,95,23,1,1
7734,ZFF,PT-Family,TP,1649087,Kothra,71,18,1,0
7734,ZFF,PT-Family,PT,2059567,WagwanG,17,17,1,0
7734,ZFF,PT-Family,P,2156151,Bored-Anarchist,20,15,1,0
7734,ZFF,PT-Family,PT,1834771,zombieroadie,83,12,1,0
7734,ZFF,PT-Family,PT,1562627,vInDicaTed,93,11,1,1
7734,ZFF,PT-Family,PIL1,1630274,Mooncloud,60,8,1,0

7735,KEF,Chain Reaction,C.R,1865243,IamIke,79,52715,2,0
7735,KEF,Chain Reaction,C.R,1416950,Love_Muffin,78,51323,5,5
7735,KEF,Chain Reaction,C.R,1667842,Jokur,94,50273,22,5
7735,KEF,Chain Reaction,C.R,1868288,Cartis,83,47417,3,0
7735,KEF,Chain Reaction,C.R,1701390,Master3z,92,44882,10,1
7735,KEF,Chain Reaction,C.R,1920851,0tt3r,83,42961,5,0
7735,KEF,Chain Reaction,C.R,1339003,Perioda,91,40231,5,1
7735,KEF,Chain Reaction,C.R,450820,Hydra,95,35659,6,1
7735,KEF,Chain Reaction,C.R,750078,Captive,92,33244,4,0
7735,KEF,Chain Reaction,C.R,2042332,jjinn,84,33136,17,0
7735,KEF,Chain Reaction,C.R,1996277,Metaldog,80,32939,7,0
7735,KEF,Chain Reaction,C.R,2017141,TxGemini,85,31936,4,0
7735,KEF,Chain Reaction,39th,1773750,makeway,83,31431,22,0
7735,KEF,Chain Reaction,C.R,1959944,NoGood,82,31383,2,0
7735,KEF,Chain Reaction,C.R,2036550,punchin,83,31159,12,0
7735,KEF,Chain Reaction,~WP~,1317237,Touch,100,31122,12,2
7735,KEF,Chain Reaction,~WP~,1978428,Yautja,83,31054,5,0
7735,KEF,Chain Reaction,undefined,1992238,Ultrareign,95,31008,1,0
7735,KEF,Chain Reaction,~WP~,1554256,DoinYaMom,98,29838,13,0
7735,KEF,Chain Reaction,C.R,439035,BullsCry,90,29483,4,1
7735,KEF,Chain Reaction,C.R,1805217,Devoid,84,29093,3,5
7735,KEF,Chain Reaction,C.R,972654,Jacob,96,29014,4,2
7735,KEF,Chain Reaction,C.R,460247,Hippopotamus,95,28483,3,8
7735,KEF,Chain Reaction,C.R,125079,No-Stress,99,27171,3,1
7735,KEF,Chain Reaction,C.R,1921594,Norm,90,24371,7,1
7735,KEF,Chain Reaction,C.R,441477,maluy,98,24063,10,14
7735,KEF,Chain Reaction,,1551642,SSB,92,22881,2,0
7735,KEF,Chain Reaction,~WP~,1885249,Tinybubble,90,22857,7,1
7735,KEF,Chain Reaction,C.R,942591,MaxMekker,95,22008,4,1
7735,KEF,Chain Reaction,C.R,1907489,Tramadol,84,20643,9,0
7735,KEF,Chain Reaction,C.R,1697426,BrewDog,100,20619,4,0
7735,KEF,Chain Reaction,C.R,575512,shwibbing,80,19892,6,1
7735,KEF,Chain Reaction,C.R,2011902,CrimsonXray,89,18787,9,0
7735,KEF,Chain Reaction,C.R,1763067,Somebody,86,17306,21,2
7735,KEF,Chain Reaction,C.R,1879587,Proxima,100,17249,7,1
7735,KEF,Chain Reaction,C.R,1857028,CerealKillaKyle,93,17090,5,0
7735,KEF,Chain Reaction,C.R,1601768,Mundo,90,15637,21,0
7735,KEF,Chain Reaction,C.R,1420465,Mujera,82,14687,12,1
7735,KEF,Chain Reaction,C.R,77011,DFC,100,13779,5,0
7735,KEF,Chain Reaction,C.R,1648788,_7_,94,12828,9,0
7735,KEF,Chain Reaction,C.R,1015037,TEEJ,97,12515,4,0
7735,KEF,Chain Reaction,undefined,1520403,Yashvee,80,12223,1,0
7735,KEF,Chain Reaction,C.R,1958969,Mania,90,11767,14,1
7735,KEF,Chain Reaction,C.R,2019440,Nefarious_,87,11619,1,0
7735,KEF,Chain Reaction,C.R,1288134,Browe,99,11614,25,2
7735,KEF,Chain Reaction,C.R,2021279,Raynie_,84,11439,1,0
7735,KEF,Chain Reaction,C.R,1491264,Aldous_Snow,91,11224,12,0
7735,KEF,Chain Reaction,C.R,512975,Scuba,90,11140,13,0
7735,KEF,Chain Reaction,~WP~,2003190,kittenaround,85,10655,22,0
7735,KEF,Chain Reaction,IA,1456558,-CaptainAmerica,99,10539,1,0
7735,KEF,Chain Reaction,C.R,1967379,Tyrion,85,10098,13,0
7735,KEF,Chain Reaction,C.R,871983,YOUROWNER,95,9966,7,0
7735,KEF,Chain Reaction,C.R,1914682,-DEL-,93,9255,24,0
7735,KEF,Chain Reaction,R*1,1785428,Td3h,99,9112,3,0
7735,KEF,Chain Reaction,C.R,872103,Scampi,100,9084,1,0
7735,KEF,Chain Reaction,C.R,1899531,zaje,88,8550,5,0
7735,KEF,Chain Reaction,C.R,1884314,MeanMike,95,7894,18,3
7735,KEF,Chain Reaction,C.R,590839,-BC-Pagee,100,6969,7,2
7735,KEF,Chain Reaction,C.R,1010587,myshoeshurt,100,6588,7,0
7735,KEF,Chain Reaction,C.R,202258,piney,100,6335,1,0
7735,KEF,Chain Reaction,TNL,2015160,HDS_Andrew616,90,5861,4,0
7735,KEF,Chain Reaction,C.R,2001661,DrunkPunk,83,5601,6,0
7735,KEF,Chain Reaction,C.R,2001304,RealityShift,86,5595,5,1
7735,KEF,Chain Reaction,C.R,1998312,MrLovePants,86,5213,14,1
7735,KEF,Chain Reaction,C.R,1982831,VinnyCarwash,89,4505,4,1
7735,KEF,Chain Reaction,C.R,1712182,Muttley,86,4337,7,0
7735,KEF,Chain Reaction,C.R,249471,Decisive_Fire,90,3550,16,0
7735,KEF,Chain Reaction,C.R,1988609,Dralcon,81,3508,1,0
7735,KEF,Chain Reaction,C.R,1579270,PsycWard,91,3424,13,0
7735,KEF,Chain Reaction,C.R,1918071,DeusVorpal,80,3349,3,0
7735,KEF,Chain Reaction,C.R,1977742,NOLAW,86,3012,4,0
7735,KEF,Chain Reaction,R*1,900534,Dekloren,100,2997,3,0
7735,KEF,Chain Reaction,C.R,428286,AlleyCat,100,2963,1,0
7735,KEF,Chain Reaction,C.R,1814138,Lilith,94,2947,8,0
7735,KEF,Chain Reaction,C.R,209070,Tascon,100,2413,2,1
7735,KEF,Chain Reaction,C.R,361121,Breadfan,95,2254,1,0
7735,KEF,Chain Reaction,C.R,1265909,TGA_DeViL,95,1699,10,4
7735,KEF,Chain Reaction,C.R,1446761,frostedclaws,90,1644,3,0
7735,KEF,Chain Reaction,C.R,360957,CaptainBiceps,99,1588,4,0
7735,KEF,Chain Reaction,IBB,1530574,Lily,92,1444,2,0
7735,KEF,Chain Reaction,C.R,12469,Tygra,91,1412,3,0
7735,KEF,Chain Reaction,C.R,2013640,Johnny_G,90,1362,5,1
7735,KEF,Chain Reaction,C.R,1967959,Actuariolam,70,930,4,1
7735,KEF,Chain Reaction,R*1,1109901,ZaumonL,95,872,1,0
7735,KEF,Chain Reaction,C.R,1915023,CrazedOne,99,771,2,0
7735,KEF,Chain Reaction,R*1,302973,lonewolf,100,766,2,0
7735,KEF,Chain Reaction,R*1,1626270,mortisult,98,722,1,0
7735,KEF,Chain Reaction,C.R,1992055,JoeSomethin,73,465,2,0
7735,KEF,Chain Reaction,~WP~,1716970,loveu2,94,453,6,0
7735,KEF,Chain Reaction,undefined,89581,Htr,100,451,2,0
7735,KEF,Chain Reaction,C.R,1525609,RefleX_,98,364,3,0
7735,KEF,Chain Reaction,C.R,496570,hustl3r,93,292,3,0
7735,KEF,Chain Reaction,undefined,1962958,Dollhouse,84,228,1,0
7735,KEF,Chain Reaction,C.R,388263,iLL0GiCaLL0GiC,87,216,1,0
7735,KEF,Chain Reaction,C.R,1352251,ChristmasBazaar,100,188,1,2
7735,KEF,Chain Reaction,C.R,88656,the_gunners2004,88,160,1,0
7735,KEF,Chain Reaction,C.R,674660,Gogeta_SSJ4,85,122,1,0
7735,KEF,Chain Reaction,[ÐA],1982484,orangeapple,80,103,1,0
7735,KEF,Chain Reaction,~SA~,482424,Nabisco,94,57,3,0
7735,KEF,Chain Reaction,R*1,1034523,Tezwar,100,0,0,1
7735,KEF,Chain Reaction,FTW,1732212,Hank,100,0,0,1
7735,KEF,PT-Penguins,PT,60666,alguem,100,9988,20,37
7735,KEF,PT-Penguins,PT,2224763,Crudak,15,1784,51,0
7735,KEF,PT-Penguins,PT,1021253,TriTuRaDor,81,716,6,0
7735,KEF,PT-Penguins,undefined,2243301,KingHeb83,6,584,2,0
7735,KEF,PT-Penguins,PT,618400,MrVillian,55,560,9,0
7735,KEF,PT-Penguins,PT,1680893,sahir74,78,254,13,0
7735,KEF,PT-Penguins,PT,1516155,Kaxuxo,92,156,5,3
7735,KEF,PT-Penguins,PT,2224800,Nynane,15,144,6,0
7735,KEF,PT-Penguins,PT,294257,Benji__,82,104,2,0
7735,KEF,PT-Penguins,PT,2195720,Extortion,21,85,4,0
7735,KEF,PT-Penguins,undefined,2241385,JESUSSS,4,78,1,0
7735,KEF,PT-Penguins,PT,2224491,vavidoa,18,37,3,0
7735,KEF,PT-Penguins,undefined,2224343,Flurrik,12,37,1,0
7735,KEF,PT-Penguins,PT,205973,PitBullTerrier,83,32,1,1
7735,KEF,PT-Penguins,PT,1926070,warrdove,26,29,1,0
7735,KEF,PT-Penguins,PT,2074875,Agumon,17,16,1,0
7735,KEF,PT-Penguins,undefined,2243081,GDINI,6,16,1,0

7736,MTD,Nomads,NOM,586326,fedrer,61,59445,21,1
7736,MTD,Nomads,NOM,2053144,RedBud,35,50525,40,0
7736,MTD,Nomads,undefined,2243993,Shquietmoney,14,48026,9,0
7736,MTD,Nomads,NOM,2091937,McFlannel,26,46121,36,0
7736,MTD,Nomads,undefined,2243074,Swisher,9,45544,5,0
7736,MTD,Nomads,NOM,2013945,Bobaluba,39,43685,22,0
7736,MTD,Nomads,NOM,1889440,Purifier,51,43049,15,0
7736,MTD,Nomads,NOM,2161387,MrLonely,25,40964,23,0
7736,MTD,Nomads,NOM,2165222,-Tyrek-,23,39238,17,0
7736,MTD,Nomads,NOM,679926,Lady_Face,63,38463,20,0
7736,MTD,Nomads,NOM,2200240,digiorama,20,38255,19,0
7736,MTD,Nomads,NOM,2137486,Stigandr,25,37804,22,0
7736,MTD,Nomads,NOM,2153328,chipotlaway94,22,37155,14,0
7736,MTD,Nomads,NOM,2016651,Kentucky6996,42,36893,17,0
7736,MTD,Nomads,NOM,2141391,rufuziu,26,35353,12,0
7736,MTD,Nomads,NOM,2116701,FinnaNut,40,35325,15,0
7736,MTD,Nomads,NOM,1681536,Goiabada,41,34971,23,0
7736,MTD,Nomads,HOJ,2186138,dragonwarrior,25,33821,16,0
7736,MTD,Nomads,NOM,1651049,Natty_Boh,27,33634,27,0
7736,MTD,Nomads,NOM,2158271,f0rsaken,25,31751,27,0
7736,MTD,Nomads,NOM,2175772,Apox,25,28892,17,0
7736,MTD,Nomads,NOM,2096571,Dr-Wily,16,28419,23,0
7736,MTD,Nomads,NOM,2066093,iDiod,31,28352,17,0
7736,MTD,Nomads,NOM,1676412,Expoxur,59,27398,20,0
7736,MTD,Nomads,NOM,2155181,ScopeDud,22,25351,14,0
7736,MTD,Nomads,NOM,2228972,Castas,16,23373,17,0
7736,MTD,Nomads,NOM,2236437,ScottieMac,15,23116,23,0
7736,MTD,Nomads,BT,2086433,Mahir_af,25,21764,15,0
7736,MTD,Nomads,NOM,2220410,ChopperGunner,20,20946,6,0
7736,MTD,Nomads,R*1,1553363,Blistig,92,20533,8,5
7736,MTD,Nomads,NOM,2199593,NotDatGuy,20,19945,12,0
7736,MTD,Nomads,C.R,1955477,Rowdy_Rebel357,86,19602,26,10
7736,MTD,Nomads,URM,1978647,Delldax,35,19511,5,0
7736,MTD,Nomads,NOM,2189976,Khalirius,18,18533,15,0
7736,MTD,Nomads,NOM,2192643,OxTHEOx0,15,15200,16,0
7736,MTD,Nomads,NOM,2200602,Mcnastee27,16,15164,14,0
7736,MTD,Nomads,NOM,2165906,Rizzos,20,14462,8,0
7736,MTD,Nomads,NOM,1764123,JMD83,64,14311,7,1
7736,MTD,Nomads,NOM,303451,KitKat31,44,13295,1,0
7736,MTD,Nomads,URM,2095323,Skall,29,12933,14,0
7736,MTD,Nomads,NOM,2175056,BootyMcButts,20,12463,17,0
7736,MTD,Nomads,NOM,2146909,Hawklord,26,11271,18,0
7736,MTD,Nomads,NOM,2158364,Ice2b,20,10782,11,0
7736,MTD,Nomads,NOM,1822922,whymurk,20,10402,4,0
7736,MTD,Nomads,NOM,2147556,A8TS,19,9026,8,0
7736,MTD,Nomads,NOM,2108987,Jaredlost,25,8999,16,0
7736,MTD,Nomads,HA,2140405,Fahren,15,8773,25,0
7736,MTD,Nomads,NOM,1982355,viper0za,23,8375,3,0
7736,MTD,Nomads,NOM,2149741,Spazzo,30,6583,15,0
7736,MTD,Nomads,NOM,2133882,Termitou,24,5059,4,0
7736,MTD,Nomads,NOM,2126497,DontPokeTheBear,29,4432,3,0
7736,MTD,Nomads,NOM,2012188,Kruse73,21,3870,1,0
7736,MTD,Nomads,NOM,2118122,Derpy1,11,3726,2,0
7736,MTD,Nomads,NOM,2143302,OdiumXAbhorr,20,3685,4,0
7736,MTD,Nomads,NOM,2151264,lilchev,25,2796,2,0
7736,MTD,Nomads,NOM,2057858,HonorableRrez,25,2385,1,0
7736,MTD,Nomads,BBv2,2191113,monkaes,18,1932,1,0
7736,MTD,Nomads,NOM,2185747,dankspongebob,15,1922,11,0
7736,MTD,Nomads,NOM,2137481,Spooky,15,1886,8,0
7736,MTD,Nomads,NOM,2145526,ThatOnePWNS,30,1745,7,0
7736,MTD,Nomads,NOM,2186927,MadDavid,20,1287,4,0
7736,MTD,Nomads,NOM,2037141,MajoMushi,26,1163,1,0
7736,MTD,Nomads,NOM,2198730,Blanketfarm,15,1065,2,0
7736,MTD,Nomads,NUKE,1963589,Gunslinger_103,39,695,1,0
7736,MTD,Nomads,NOM,322162,loula,22,690,2,0
7736,MTD,Nomads,NOM,2145898,footunny,20,676,2,0
7736,MTD,Nomads,DEN,2195544,hellrayser,19,519,2,0
7736,MTD,PT-Calculated,PT,949262,MeRocks,69,9433,79,6
7736,MTD,PT-Calculated,PT,1044317,misanthrope,65,5752,65,0
7736,MTD,PT-Calculated,PT,2095726,The_Swag,51,1937,21,6
7736,MTD,PT-Calculated,PT,955237,Yellowman,93,1724,3,0
7736,MTD,PT-Calculated,PT,1066552,Steam,50,1711,24,33
7736,MTD,PT-Calculated,PT,2059567,WagwanG,17,1692,7,6
7736,MTD,PT-Calculated,PT,2109263,Vanq,36,1629,8,19
7736,MTD,PT-Calculated,39H,1309896,DonaldTrump,65,1309,7,8
7736,MTD,PT-Calculated,PT,2091318,tyrech,49,1223,3,4
7736,MTD,PT-Calculated,PT,1846544,JaFosteHaha,15,1148,7,0
7736,MTD,PT-Calculated,undefined,1889980,THE_DREAD,71,780,5,1
7736,MTD,PT-Calculated,PT,506807,Mathik,60,771,11,9
7736,MTD,PT-Calculated,PT,2001645,The_Dest,40,724,12,0
7736,MTD,PT-Calculated,PT,761776,I_Am_BaZaaR,72,692,5,14
7736,MTD,PT-Calculated,PT,2091861,Sulla_Khan,42,620,3,0
7736,MTD,PT-Calculated,PT,1771266,rocinante,60,597,3,10
7736,MTD,PT-Calculated,PT,465395,The_Stab,69,565,2,0
7736,MTD,PT-Calculated,undefined,1844909,Deathy,56,557,4,0
7736,MTD,PT-Calculated,undefined,1963826,Mundeer,47,532,6,0
7736,MTD,PT-Calculated,PT,222784,mave,81,487,4,1
7736,MTD,PT-Calculated,PT,2016129,bcla7,57,456,1,0
7736,MTD,PT-Calculated,PT,958941,FnWinner,71,440,1,1
7736,MTD,PT-Calculated,PT,1976145,Maching,80,430,4,7
7736,MTD,PT-Calculated,undefined,1503919,Valaskjalf,95,418,1,0
7736,MTD,PT-Calculated,UNT,2090451,MissHavisham,66,410,3,3
7736,MTD,PT-Calculated,PT,2000828,The_Dave,76,394,19,5
7736,MTD,PT-Calculated,undefined,495689,Manners,80,373,3,33
7736,MTD,PT-Calculated,PT,1612601,Gooding,67,360,1,6
7736,MTD,PT-Calculated,PT,2140025,BeerDrinker,15,348,2,0
7736,MTD,PT-Calculated,PT,1534628,Hydrogen,80,332,1,25
7736,MTD,PT-Calculated,PT,1609138,_AJ_,74,303,4,8
7736,MTD,PT-Calculated,PT,2060014,The_Stardust,36,286,2,1
7736,MTD,PT-Calculated,PT,1955080,AzureFlameGod,52,263,3,2
7736,MTD,PT-Calculated,PT,2159903,Blake,15,236,1,0
7736,MTD,PT-Calculated,PT,1183240,Rua,71,234,7,0
7736,MTD,PT-Calculated,UNT,1433367,CitizenSnips,66,228,2,12
7736,MTD,PT-Calculated,PT,2057764,FlyingPotato,79,213,2,0
7736,MTD,PT-Calculated,drnk,2165752,Mr-Midas,29,199,2,1
7736,MTD,PT-Calculated,PT,2003812,Groll,61,193,2,2
7736,MTD,PT-Calculated,PT,2113557,DOM,15,167,1,0
7736,MTD,PT-Calculated,PT,1755293,Greenbastard,50,167,1,4
7736,MTD,PT-Calculated,PT,235408,RonSwanson,68,158,5,4
7736,MTD,PT-Calculated,PT,838134,Limonada,69,156,3,8
7736,MTD,PT-Calculated,PT,2113465,Drizella,15,143,1,0
7736,MTD,PT-Calculated,PT,532553,Asuran,31,142,3,8
7736,MTD,PT-Calculated,PT,2062714,-Grey-,15,136,3,3
7736,MTD,PT-Calculated,PT,1946702,Stratiotis,73,124,1,7
7736,MTD,PT-Calculated,PT,1544514,Murd0Maniak,97,114,1,19
7736,MTD,PT-Calculated,PT,2046131,Sub,89,110,1,0
7736,MTD,PT-Calculated,PT,2027126,Saf36,50,103,1,1
7736,MTD,PT-Calculated,DA,1845013,edwardasl,44,68,1,1
7736,MTD,PT-Calculated,DE,278009,CashLaundry,60,62,1,0
7736,MTD,PT-Calculated,undefined,1263800,0zero7,55,57,1,3
7736,MTD,PT-Calculated,PT,273372,ATO,63,44,2,3
7736,MTD,PT-Calculated,PT,1710839,Gatusso,37,14,1,0
7736,MTD,PT-Calculated,PT,1579225,logiet,80,14,1,0
7736,MTD,PT-Calculated,PT,882958,Grif,95,0,0,11