7850,XFF,PT-Penguins,PT,60666,alguem,100,6070,1,1
7850,XFF,PT-Penguins,PT,1021253,TriTuRaDor,81,1260,4,0
7850,XFF,PT-Penguins,PT,345322,lost_soulx,96,217,3,0
7850,XFF,PT-Penguins,PT,458560,Taberna,72,165,1,0
7850,XFF,PT-Penguins,PT,2224800,Nynane,16,153,2,0
7850,XFF,PT-Penguins,PT,1516155,Kaxuxo,92,62,1,0
7850,XFF,PT-Penguins,UP,1500693,Golddog,72,48,1,0
7850,XFF,PT-Penguins,PT,2195720,Extortion,21,26,1,0
7850,XFF,PT-Penguins,PT,1953284,Xx_Deathless_xX,81,6,1,0
7850,XFF,Subversive Alliance,undefined,874640,Smexeh,98,259714,1,0
7850,XFF,Subversive Alliance,~SA~,667086,ripp3r,75,144867,3,0
7850,XFF,Subversive Alliance,~SA~,90431,DonCorleone,95,111004,3,0
7850,XFF,Subversive Alliance,~SA~,1592807,shak,97,75266,1,0
7850,XFF,Subversive Alliance,~SA~,1192157,kuasa,100,73812,1,0
7850,XFF,Subversive Alliance,39th,120362,WarAndPeace,86,73411,2,0
7850,XFF,Subversive Alliance,~SA~,622539,gintux,87,71162,17,1
7850,XFF,Subversive Alliance,MMCP,919365,GreeDy,99,67139,1,0
7850,XFF,Subversive Alliance,~SA~,1474127,Stylin,100,64290,2,0
7850,XFF,Subversive Alliance,~SA~,711590,ghostcell,95,60470,2,0
7850,XFF,Subversive Alliance,~SA~,927477,Oh_Dae-su,97,55904,4,0
7850,XFF,Subversive Alliance,~SA~,1197995,Euthanasia,98,52762,1,0
7850,XFF,Subversive Alliance,~SA~,445884,sportyguy92,95,52433,2,0
7850,XFF,Subversive Alliance,~SA~,453122,-Ordinary-,86,49980,4,0
7850,XFF,Subversive Alliance,~SA~,1453082,Napster-,90,49652,1,0
7850,XFF,Subversive Alliance,~SA~,424017,Ohadik,99,45899,1,0
7850,XFF,Subversive Alliance,~SA~,226888,snap,100,45477,2,0
7850,XFF,Subversive Alliance,~SA~,692275,KjS,100,43493,3,0
7850,XFF,Subversive Alliance,~SA~,23707,Hate_Train,99,40956,2,0
7850,XFF,Subversive Alliance,~SA~,227744,RumbLE,100,38382,4,0
7850,XFF,Subversive Alliance,~SA~,1602158,Queequeg,95,33401,3,0
7850,XFF,Subversive Alliance,FTW,1315845,Billiken,97,30617,1,0
7850,XFF,Subversive Alliance,~SA~,370359,007,95,28771,1,1
7850,XFF,Subversive Alliance,~SA~,343651,Melotto,94,28516,3,1
7850,XFF,Subversive Alliance,~SA~,1729682,Shady_Lady,96,27829,1,0
7850,XFF,Subversive Alliance,~SA~,56492,RaNkOr,97,26902,1,0
7850,XFF,Subversive Alliance,~SA~,41035,neo-twister,98,26588,1,0
7850,XFF,Subversive Alliance,~SA~,915279,glados,98,25357,5,1
7850,XFF,Subversive Alliance,~SA~,72335,Leviathan,96,23789,2,0
7850,XFF,Subversive Alliance,undefined,1317478,James85,19,23060,1,0
7850,XFF,Subversive Alliance,~SA~,621230,MassiveWeapon,97,22712,1,0
7850,XFF,Subversive Alliance,R*1,430598,-Plutonium-,95,20932,3,0
7850,XFF,Subversive Alliance,~SA~,792035,Ashanie,100,20861,2,0
7850,XFF,Subversive Alliance,~SA~,15397,blyk,100,19499,2,0
7850,XFF,Subversive Alliance,~SA~,1486772,Smiles,100,17587,1,0
7850,XFF,Subversive Alliance,~SA~,487917,herself,91,17353,1,0
7850,XFF,Subversive Alliance,~SA~,239119,Veins,96,17208,2,0
7850,XFF,Subversive Alliance,~SA~,85088,Brian,90,15274,1,0
7850,XFF,Subversive Alliance,R*1,546989,Edge,100,14504,2,0
7850,XFF,Subversive Alliance,~SA~,1414372,Fortytwo,100,13005,2,1
7850,XFF,Subversive Alliance,~SA~,95749,zekas,100,12340,1,0
7850,XFF,Subversive Alliance,~SA~,430277,Violence,99,12110,1,0
7850,XFF,Subversive Alliance,~SA~,1469886,Chiubiz,97,11941,1,0
7850,XFF,Subversive Alliance,~SA~,1542326,Krastinov,100,11719,1,0
7850,XFF,Subversive Alliance,~SA~,482424,Nabisco,94,11524,1,0
7850,XFF,Subversive Alliance,LDN,1033180,JS_Rep,95,11415,1,0
7850,XFF,Subversive Alliance,R*1,1479036,Wild_Irish_Btch,83,10966,1,0
7850,XFF,Subversive Alliance,~SA~,779368,ShuKa,100,10897,1,0
7850,XFF,Subversive Alliance,~SA~,208701,njprops,96,10476,1,1
7850,XFF,Subversive Alliance,39th,225661,uniq,88,8984,2,0
7850,XFF,Subversive Alliance,~SA~,420062,flumpster,97,8490,1,0
7850,XFF,Subversive Alliance,~SA~,2020322,killin,74,8154,1,0
7850,XFF,Subversive Alliance,~SA~,1014664,2dogs,99,8115,1,0
7850,XFF,Subversive Alliance,~SA~,1027599,UberMorlock,100,7857,2,0
7850,XFF,Subversive Alliance,~SA~,198056,uncle-chu,100,6721,1,0
7850,XFF,Subversive Alliance,~SA~,347472,Asprin50,86,6267,1,0
7850,XFF,Subversive Alliance,~SA~,131289,Mia,99,6246,1,0
7850,XFF,Subversive Alliance,~SA~,256222,MmM,97,5388,1,0
7850,XFF,Subversive Alliance,~SA~,116791,DirtyWarlock,91,3822,1,0
7850,XFF,Subversive Alliance,~SA~,1159025,hookroteat,100,2723,1,0
7850,XFF,Subversive Alliance,~SA~,1910082,LoveFaithHope,86,2565,1,0
7850,XFF,Subversive Alliance,~SA~,237547,Nobody,94,2491,1,0
7850,XFF,Subversive Alliance,FTW,1335768,nerbas,93,2194,1,0
7850,XFF,Subversive Alliance,~SA~,1537440,dinky,100,2055,1,0
7850,XFF,Subversive Alliance,~SA~,5918,Sephiroth,100,609,2,0
7850,XFF,Subversive Alliance,~SA~,315134,LESTAT,100,101,1,1
7850,XFF,Subversive Alliance,~SA~,250998,StickEmUp,100,86,1,0
7850,XFF,Subversive Alliance,EQ3U,195437,Phatjack,99,84,1,0
7850,XFF,Subversive Alliance,~SA~,30264,TongLung,95,11,1,0
7851,EFF,PT-Penguins,PT,2224800,Nynane,16,23027,49,0
7851,EFF,PT-Penguins,PT,618400,MrVillian,55,10337,6,0
7851,EFF,PT-Penguins,PT,1021253,TriTuRaDor,81,9737,23,0
7851,EFF,PT-Penguins,PT,1680893,sahir74,78,7913,7,0
7851,EFF,PT-Penguins,PT,2195720,Extortion,21,7755,29,0
7851,EFF,PT-Penguins,PT,1516155,Kaxuxo,92,7686,6,1
7851,EFF,PT-Penguins,PT,2224763,Crudak,15,7279,17,0
7851,EFF,PT-Penguins,PT,42648,Tugues,92,7005,3,0
7851,EFF,PT-Penguins,PT,2218426,Ghostfacekilla,15,5890,6,0
7851,EFF,PT-Penguins,tBP,2087436,Kathleenxxx,50,4832,1,0
7851,EFF,PT-Penguins,PT,365236,Porco,99,4313,1,0
7851,EFF,PT-Penguins,PT,2224491,vavidoa,18,4006,4,0
7851,EFF,PT-Penguins,PT,2074875,Agumon,17,3276,13,0
7851,EFF,PT-Penguins,undefined,2234160,Deadreez,4,2864,8,0
7851,EFF,PT-Penguins,PT,84161,BlasteR,61,2799,6,0
7851,EFF,PT-Penguins,PT,294257,Benji__,82,2685,2,0
7851,EFF,PT-Penguins,undefined,2224343,Flurrik,12,1662,5,0
7851,EFF,PT-Penguins,PT,470426,Mins,81,1215,3,0
7851,EFF,PT-Penguins,PT,2233008,Ghostfacers,15,1062,7,0
7851,EFF,PT-Penguins,PT,1953284,Xx_Deathless_xX,81,739,4,0
7851,EFF,PT-Penguins,PT,1066552,Steam,50,290,1,0
7851,EFF,PT-Penguins,undefined,2241385,JESUSSS,4,206,1,0
7851,EFF,PT-Penguins,PT,1613023,Broly,16,132,1,0
7851,EFF,PT-Penguins,undefined,40218,-h3ro-,77,34,1,0
7851,EFF,PT-Penguins,PT,345322,lost_soulx,96,31,1,0
7851,EFF,PT-Penguins,PT,16803,General-Snake,30,20,1,0
7851,EFF,PT-Penguins,PT,60666,alguem,100,0,0,1
7851,EFF,PT-Penguins,JFK™,27478,HellR4iser,100,0,0,1
7851,EFF,Relentless,R*1,1580868,Monkeymia,97,49495,5,1
7851,EFF,Relentless,JUX,420116,brendan106,98,35466,1,4
7851,EFF,Relentless,C.R,329437,Teddybears,94,24317,4,0
7851,EFF,Relentless,R*1,1602605,Joxer,100,22991,2,5
7851,EFF,Relentless,R*1,238634,Mover,85,20797,3,0
7851,EFF,Relentless,C.R,1541749,Pandora,100,18446,1,4
7851,EFF,Relentless,R*1,1044213,Imrahil,100,17223,1,0
7851,EFF,Relentless,R*1,1420951,bulldog1,99,17068,1,0
7851,EFF,Relentless,R*1,1153517,Shutter,100,16388,1,0
7851,EFF,Relentless,R*1,1921540,keego73,88,14381,5,7
7851,EFF,Relentless,PIL1,1599136,winguard,90,13909,1,3
7851,EFF,Relentless,R*1,295553,Lek,85,13819,1,0
7851,EFF,Relentless,R*1,1009539,kamas,99,13733,1,0
7851,EFF,Relentless,R*1,1888994,Momo,96,12857,15,19
7851,EFF,Relentless,~SA~,1816368,NNWS,99,11168,2,0
7851,EFF,Relentless,R*1,429874,Rumple4skinz,97,9497,2,0
7851,EFF,Relentless,R*1,958018,uLtraZ,100,9387,1,0
7851,EFF,Relentless,R*1,38031,Pascal,100,8551,1,0
7851,EFF,Relentless,R*1,1713565,Yeezy,89,6540,2,20
7851,EFF,Relentless,HeLa,1889531,thelovelymoon,90,6286,3,9
7851,EFF,Relentless,R*1,954429,DonCorleon,85,4200,1,0
7851,EFF,Relentless,R*1,442254,Montana,100,3125,1,0
7851,EFF,Relentless,~WP~,1553363,Blistig,92,2876,1,0
7851,EFF,Relentless,C.R,1977742,NOLAW,86,2783,1,0
7851,EFF,Relentless,R*1,1685702,Bezee,90,2368,2,1
7851,EFF,Relentless,R*1,1740595,BadDutchie,95,1920,1,3
7851,EFF,Relentless,NOM,2185747,dankspongebob,15,1871,4,0
7851,EFF,Relentless,C.R,1763067,Somebody,86,1589,1,0
7851,EFF,Relentless,UR,2049768,Haiku,64,1189,2,1
7851,EFF,Relentless,R*1,1811936,madbuns,100,843,1,1
7851,EFF,Relentless,R*1,1974874,PapaEmeritus,87,734,2,0
7851,EFF,Relentless,R*1,1154897,Milosh,100,625,1,1
7851,EFF,Relentless,R*1,1626270,mortisult,98,604,1,0
7851,EFF,Relentless,R*1,812478,MightyGoober,100,603,1,0
7851,EFF,Relentless,~WP~,1514485,Stan,88,426,1,1
7851,EFF,Relentless,C.R,1601768,Mundo,90,189,2,0
7851,EFF,Relentless,R*1,1962958,Dollhouse,84,180,1,1
7851,EFF,Relentless,R*1,367758,Tokig,96,155,1,8
7851,EFF,Relentless,R*1,1573549,f0rk,94,135,1,7
7851,EFF,Relentless,R*1,1793493,Rocmann,92,116,1,1
7851,EFF,Relentless,~WP~,118943,_Big_GuNz_,100,27,1,3
7851,EFF,Relentless,C.R,1491264,Aldous_Snow,91,10,1,0
7851,EFF,Relentless,C.R,1264011,Kraft,90,9,1,0
7851,EFF,Relentless,R*1,1474402,CorsiPukz,85,5,1,1
7851,EFF,Relentless,R*1,784338,Crystalz,96,0,0,2
7851,EFF,Relentless,R*1,1148150,natty1066,98,0,0,1
7851,EFF,Relentless,R*1,1705890,DarkMaid,97,0,0,3
7851,EFF,Relentless,R*1,1882094,GeorgeCostanza,89,0,0,1
7851,EFF,Relentless,R*1,1867608,decap101,90,0,0,1
7851,EFF,Relentless,R*1,1629756,Lord_Gorgen,100,0,0,1
7851,EFF,Relentless,R*1,1900827,Bruce-LeeFFS,95,0,0,1
7852,YEF,Forged Through War,FTW,1455847,Para,100,52025,1,5
7852,YEF,Forged Through War,FTW,541636,Pluto,100,50461,2,1
7852,YEF,Forged Through War,FTW,1338804,cockroach,100,50188,1,1
7852,YEF,Forged Through War,FTW,507888,critch,100,30529,2,0
7852,YEF,Forged Through War,FTW,843586,Majsan,85,22680,3,0
7852,YEF,Forged Through War,FTW,986192,Janet,100,13940,2,1
7852,YEF,Forged Through War,FTW,473887,__Jamie-_,96,11386,1,0
7852,YEF,Forged Through War,FTW,488305,bloodninja,90,6230,3,0
7852,YEF,Forged Through War,FTW,1043426,ColdDeadFingers,99,6000,1,1
7852,YEF,Forged Through War,FTW,1925338,Sicario,56,3198,1,0
7852,YEF,Forged Through War,FTW,1451572,Tango20,97,2551,1,0
7852,YEF,Forged Through War,FTW,239285,wilko,83,1109,1,0
7852,YEF,Forged Through War,FTW,1455642,BFM,100,1093,2,0
7852,YEF,Forged Through War,FTW,1168036,Hogs4life,93,1056,1,0
7852,YEF,Forged Through War,FTW,1701802,Bullgreat,86,1027,1,1
7852,YEF,Forged Through War,FTW,1579644,AFluffyPenguin,67,912,2,0
7852,YEF,Forged Through War,FTW,340367,Kelsie,60,542,1,0
7852,YEF,Forged Through War,FTW,1057741,wolvie,90,346,1,0
7852,YEF,Forged Through War,FTW,80648,Needles,93,280,1,0
7852,YEF,Forged Through War,FTW,589436,queenofoctober,73,277,1,0
7852,YEF,Forged Through War,FTW,2071751,Chael_Sorrow,55,191,1,0
7852,YEF,Forged Through War,FTW,1831767,OneBigDummy,97,128,1,0
7852,YEF,Forged Through War,FTW,1075643,Gun_Ru,89,113,1,0
7852,YEF,Forged Through War,FTW,2061662,Orca,70,86,1,0
7852,YEF,Forged Through War,FTW,2039424,windy,75,84,2,0
7852,YEF,Forged Through War,FTW,937630,consfearacy,72,30,1,0
7852,YEF,Forged Through War,ELTI,1534164,Shibby,99,28,1,0
7852,YEF,Forged Through War,FTW,1591334,Miracle,86,9,1,0
7852,YEF,Forged Through War,FTW,1403604,ieatcarpets,96,0,0,1
7852,YEF,Milk and Cookies,JFK™,59922,DrGonzo,100,457,1,0
7852,YEF,Milk and Cookies,[ÐA],502675,ColdSystem,94,415,1,0
7852,YEF,Milk and Cookies,M&C,144651,UNRIVALED,100,211,3,4
7852,YEF,Milk and Cookies,M&C,40876,Einstein_,99,162,1,7
7852,YEF,Milk and Cookies,JFK™,424998,UBIK,100,124,1,0
7852,YEF,Milk and Cookies,M&C,530518,Timoteo32,66,105,2,2
7852,YEF,Milk and Cookies,[ÐA],70091,Snowman,92,59,1,0
7852,YEF,Milk and Cookies,M&C,834584,MaxManus,100,57,1,0
7852,YEF,Milk and Cookies,JFA,1869274,Dredd,93,41,1,1
7852,YEF,Milk and Cookies,MnC,187808,Salvatore87,90,28,1,1
7852,YEF,Milk and Cookies,undefined,477423,-SK-,92,16,1,2
7852,YEF,Milk and Cookies,M&C,442441,Minorpath,95,8,1,1
7852,YEF,Milk and Cookies,MnC,49368,Denom,89,0,0,1
7852,YEF,Milk and Cookies,M&C,1030698,Graphite,98,0,0,3
7852,YEF,Milk and Cookies,M&C,385128,mindwar,91,0,0,2
7852,YEF,Milk and Cookies,M&C,1307523,Drieke,100,0,0,1
7852,YEF,Milk and Cookies,M&C,1841988,razzaonpc,99,0,0,1
7853,UEF,Forged Through War,FTW,1767972,Wulfric,96,41182,3,3
7853,UEF,Forged Through War,FTW,1461511,Eagle_Eye,96,40265,2,0
7853,UEF,Forged Through War,FTW,1043426,ColdDeadFingers,99,39229,2,4
7853,UEF,Forged Through War,FTW,488305,bloodninja,90,37167,6,3
7853,UEF,Forged Through War,FTW,1730012,celticfan,95,34432,2,1
7853,UEF,Forged Through War,FTW,1057741,wolvie,90,33706,2,2
7853,UEF,Forged Through War,FTW,944713,malamute1,100,32298,2,3
7853,UEF,Forged Through War,FTW,451775,Chuck_Berry,94,28863,1,0
7853,UEF,Forged Through War,FTW,1370503,BigD,96,27656,2,0
7853,UEF,Forged Through War,FTW,1075643,Gun_Ru,89,27577,3,0
7853,UEF,Forged Through War,FTW,463739,DeadKennedy,90,24920,2,0
7853,UEF,Forged Through War,FTW,982648,corpse-juice,90,24865,2,2
7853,UEF,Forged Through War,FTW,1881017,Paul316,89,21830,2,0
7853,UEF,Forged Through War,FTW,507888,critch,100,20257,2,4
7853,UEF,Forged Through War,FTW,239285,wilko,83,18476,1,0
7853,UEF,Forged Through War,FTW,210594,Star_Blaze,93,18051,1,0
7853,UEF,Forged Through War,FTW,843586,Majsan,85,17678,1,0
7853,UEF,Forged Through War,FTW,1403604,ieatcarpets,96,16773,3,3
7853,UEF,Forged Through War,FTW,1451572,Tango20,97,16505,3,2
7853,UEF,Forged Through War,FTW,1577937,Asator,85,15102,3,0
7853,UEF,Forged Through War,FTW,1649855,LPA831,79,13637,4,0
7853,UEF,Forged Through War,FTW,61828,Scary,90,10739,3,3
7853,UEF,Forged Through War,FTW,463193,Old_Fart,100,7498,3,2
7853,UEF,Forged Through War,FTW,340367,Kelsie,60,7180,7,0
7853,UEF,Forged Through War,FTW,1455642,BFM,100,6981,2,1
7853,UEF,Forged Through War,FTW,1701802,Bullgreat,86,5824,1,0
7853,UEF,Forged Through War,FTW,1337407,wayyeewooo,85,5672,2,2
7853,UEF,Forged Through War,FTW,1591334,Miracle,86,3976,3,1
7853,UEF,Forged Through War,FTW,1691188,Six,76,3627,3,0
7853,UEF,Forged Through War,ILI,778787,brizz-,85,3072,1,0
7853,UEF,Forged Through War,FTW,2071751,Chael_Sorrow,55,2437,3,0
7853,UEF,Forged Through War,FTW,420120,VII,92,1073,1,1
7853,UEF,Forged Through War,FTW,589436,queenofoctober,73,1055,2,0
7853,UEF,Forged Through War,FTW,986192,Janet,100,950,1,1
7853,UEF,Forged Through War,FTW,993345,ForrestGump,87,667,2,0
7853,UEF,Forged Through War,FLUX,479105,mOsSieFieD,78,417,1,0
7853,UEF,Forged Through War,FTW,2061662,Orca,70,306,2,0
7853,UEF,Forged Through War,FTW,1579644,AFluffyPenguin,67,247,1,0
7853,UEF,Forged Through War,FTW,100814,j3r3,83,225,1,0
7853,UEF,Forged Through War,FTW,1888870,daangox,55,193,1,0
7853,UEF,Forged Through War,FTW,997335,Oni,82,129,1,0
7853,UEF,Forged Through War,FTW,1455847,Para,100,0,0,11
7853,UEF,Forged Through War,FTW,541636,Pluto,100,0,0,2
7853,UEF,JFK 2.1,2.1,1544641,boo,91,546,7,5
7853,UEF,JFK 2.1,2.1,1022640,Izzanods,100,507,1,0
7853,UEF,JFK 2.1,undefined,215495,Kuklinkski,100,468,1,0
7853,UEF,JFK 2.1,2.1,52055,Longbow,100,418,1,0
7853,UEF,JFK 2.1,JFK™,68062,Nota,95,382,1,0
7853,UEF,JFK 2.1,2.1,1599856,Makod,96,369,1,0
7853,UEF,JFK 2.1,JFK™,988807,HairyHarry,89,354,2,5
7853,UEF,JFK 2.1,undefined,1307106,Maybe,92,285,1,0
7853,UEF,JFK 2.1,2.1,1389080,Collete,100,209,3,5
7853,UEF,JFK 2.1,2.1,253041,Sinkhan,93,177,3,2
7853,UEF,JFK 2.1,2.1,318855,Skeletron,90,159,4,6
7853,UEF,JFK 2.1,2.1,642144,oO_sniper_Oo,80,156,4,5
7853,UEF,JFK 2.1,2.1,517092,Karalynn,95,152,1,0
7853,UEF,JFK 2.1,2.1,807411,Everglide,88,148,1,1
7853,UEF,JFK 2.1,JFK™,922212,Bullzeye,100,145,2,0
7853,UEF,JFK 2.1,2.1,1480987,Eternal,95,130,2,2
7853,UEF,JFK 2.1,2.1,1609122,Ampsul,90,112,2,1
7853,UEF,JFK 2.1,JFK™,1333992,anoxic,100,98,1,2
7853,UEF,JFK 2.1,2.1,1536895,Ozz,47,94,1,0
7853,UEF,JFK 2.1, JFR,1640970,forgey,89,92,1,0
7853,UEF,JFK 2.1,JFK™,194889,Paige,81,79,3,3
7853,UEF,JFK 2.1,undefined,1073290,Leboem,97,75,1,0
7853,UEF,JFK 2.1,2.1,641520,Ilmatar,94,59,1,1
7853,UEF,JFK 2.1,2.1,707073,STEALTH,75,49,3,0
7853,UEF,JFK 2.1,2.1,264054,-KeV-,92,42,1,1
7853,UEF,JFK 2.1,2.1,879721,sir_real,80,39,2,1
7853,UEF,JFK 2.1,NOOB,2726,T-Rex,96,30,1,0
7853,UEF,JFK 2.1,2.1,247787,PANDILLERO,80,21,2,2
7853,UEF,JFK 2.1,JFK™,1022655,Zziox,61,2,1,1
7853,UEF,JFK 2.1,JFK™,734331,Giapper,90,0,0,2
7853,UEF,JFK 2.1,2.1,1813796,Husky,77,0,0,1
7853,UEF,JFK 2.1,JFK™,250755,SeaLion,96,0,0,1
7855,ERC,Relentless,R*1,442254,Montana,100,105175,18,53
7855,ERC,Relentless,R*1,302973,lonewolf,100,96158,6,28
7855,ERC,Relentless,~WP~,118943,_Big_GuNz_,100,80794,62,110
7855,ERC,Relentless,R*1,1825532,Alexstrasza,100,77401,5,24
7855,ERC,Relentless,R*1,1732212,Hank,100,72040,10,84
7855,ERC,Relentless,R*1,38031,Pascal,100,65693,51,74
7855,ERC,Relentless,R*1,1629756,Lord_Gorgen,100,65161,35,55
7855,ERC,Relentless,R*1,1503918,PhaNToM,95,50229,50,23
7855,ERC,Relentless,R*1,1953860,RGiskard,100,48229,12,56
7855,ERC,Relentless,R*1,1148150,natty1066,98,46232,49,56
7855,ERC,Relentless,R*1,1154897,Milosh,100,42519,27,64
7855,ERC,Relentless,R*1,1713565,Yeezy,89,42405,67,46
7855,ERC,Relentless,R*1,511272,Seth,100,41715,8,43
7855,ERC,Relentless,R*1,895688,Wicka,100,41364,13,33
7855,ERC,Relentless,R*1,1815556,Nesa,100,40879,31,49
7855,ERC,Relentless,R*1,1547659,Ubique,99,40361,30,4
7855,ERC,Relentless,R*1,1626270,mortisult,98,38803,24,41
7855,ERC,Relentless,R*1,420053,Agent327,95,37535,45,24
7855,ERC,Relentless,R*1,429874,Rumple4skinz,97,35861,35,18
7855,ERC,Relentless,R*1,1153517,Shutter,100,35713,23,47
7855,ERC,Relentless,~SA~,204836,Slork,100,34107,27,31
7855,ERC,Relentless,R*1,1705890,DarkMaid,97,33654,33,35
7855,ERC,Relentless,39th,50716,Honey-Badger,94,33331,33,17
7855,ERC,Relentless,R*1,1785428,Td3h,99,32330,2,31
7855,ERC,Relentless,R*1,671797,sexxysweety,92,30647,17,13
7855,ERC,Relentless,~SA~,1816368,NNWS,99,27975,26,56
7855,ERC,Relentless,R*1,1847600,Baldr,98,27756,11,3
7855,ERC,Relentless,R*1,1420951,bulldog1,99,26390,12,20
7855,ERC,Relentless,R*1,958018,uLtraZ,100,26107,12,51
7855,ERC,Relentless,R*1,1843716,Whittlinman,92,25923,13,11
7855,ERC,Relentless,R*1,1793493,Rocmann,92,24519,66,25
7855,ERC,Relentless,C.R,450820,Hydra,95,24418,16,0
7855,ERC,Relentless,R*1,1740595,BadDutchie,95,24177,19,11
7855,ERC,Relentless,R*1,1625417,Yurnero,91,23402,35,33
7855,ERC,Relentless,R*1,845601,Shapke,90,23142,38,32
7855,ERC,Relentless,R*1,84976,Jokar,89,23010,87,25
7855,ERC,Relentless,R*1,1109901,ZaumonL,95,22918,8,28
7855,ERC,Relentless,R*1,1025410,Pops,99,22692,37,22
7855,ERC,Relentless,R*1,1867608,decap101,90,21275,19,38
7855,ERC,Relentless,R*1,1127528,Fanatic,100,20768,16,29
7855,ERC,Relentless,R*1,1580868,Monkeymia,97,20713,8,5
7855,ERC,Relentless,R*1,1044213,Imrahil,100,20267,24,12
7855,ERC,Relentless,R*1,2033210,OSA,84,19851,28,12
7855,ERC,Relentless,R*1,1888994,Momo,96,19500,35,46
7855,ERC,Relentless,R*1,705319,Scar,94,19500,44,7
7855,ERC,Relentless,R*1,1739685,Habanero,95,19215,17,1
7855,ERC,Relentless,R*1,1337627,Afwas,100,18680,10,44
7855,ERC,Relentless,R*1,1974874,PapaEmeritus,87,18601,31,3
7855,ERC,Relentless,R*1,1573549,f0rk,94,16881,29,28
7855,ERC,Relentless,R*1,784338,Crystalz,96,16579,23,40
7855,ERC,Relentless,R*1,1474402,CorsiPukz,85,16446,63,25
7855,ERC,Relentless,R*1,1811936,madbuns,100,16138,7,23
7855,ERC,Relentless,R*1,1832759,CrookedPaper,93,16046,26,29
7855,ERC,Relentless,R*1,1955477,Rowdy_Rebel357,86,15880,80,38
7855,ERC,Relentless,R*1,295516,Navahoes,100,15304,10,25
7855,ERC,Relentless,C.R,2017141,TxGemini,85,13757,5,2
7855,ERC,Relentless,R*1,1009539,kamas,99,13386,12,29
7855,ERC,Relentless,R*1,1722547,DnBDarryl,88,12461,25,0
7855,ERC,Relentless,C.R,1601768,Mundo,90,12277,20,2
7855,ERC,Relentless,R*1,1765291,Chigurh,96,11475,18,7
7855,ERC,Relentless,R*1,367758,Tokig,96,11114,23,5
7855,ERC,Relentless,R*1,1060365,TORN_REAPER,92,10821,37,10
7855,ERC,Relentless,R*1,1967332,MBX,90,10622,36,0
7855,ERC,Relentless,R*1,1900827,Bruce-LeeFFS,95,10593,42,40
7855,ERC,Relentless,R*1,1685702,Bezee,90,10256,50,29
7855,ERC,Relentless,C.R,1998312,MrLovePants,86,10111,13,4
7855,ERC,Relentless,R*1,194822,Illusions,99,9644,19,54
7855,ERC,Relentless,R*1,1970958,Echo,89,9607,18,3
7855,ERC,Relentless,R*1,1882094,GeorgeCostanza,89,9550,19,6
7855,ERC,Relentless,R*1,1798354,KaguroX,95,9414,16,9
7855,ERC,Relentless,~WP~,1553363,Blistig,92,9368,8,0
7855,ERC,Relentless,R*1,1510489,TheHoneyBadger,93,9271,3,1
7855,ERC,Relentless,C.R,1264011,Kraft,90,9236,45,12
7855,ERC,Relentless,39X,1880839,Hedas,94,9095,19,2
7855,ERC,Relentless,R*1,1666253,Erebus,89,8639,16,10
7855,ERC,Relentless,R*1,1602605,Joxer,100,8562,11,6
7855,ERC,Relentless,PIL1,1599136,winguard,90,8213,11,5
7855,ERC,Relentless,R*1,964979,brko21,90,8132,6,1
7855,ERC,Relentless,C.R,1541749,Pandora,100,7852,23,42
7855,ERC,Relentless,JUX,420116,brendan106,98,7674,8,0
7855,ERC,Relentless,R*1,954429,DonCorleon,85,6872,9,1
7855,ERC,Relentless,NOM,2236437,ScottieMac,15,6797,37,0
7855,ERC,Relentless,UR,4309,Buzz,95,6406,6,4
7855,ERC,Relentless,R*1,900534,Dekloren,100,6267,3,16
7855,ERC,Relentless,R*1,82801,ShadowStriker,85,6189,12,12
7855,ERC,Relentless,~WP~,1514485,Stan,88,6109,2,0
7855,ERC,Relentless,R*1,89388,hiphopsoldier,96,5961,6,1
7855,ERC,Relentless,R*1,238634,Mover,85,5558,20,38
7855,ERC,Relentless,R*1,1962958,Dollhouse,84,5312,10,2
7855,ERC,Relentless,C.R,329437,Teddybears,94,4982,12,7
7855,ERC,Relentless,R*1,108862,Cirice,100,4842,5,2
7855,ERC,Relentless,R*1,1935090,SlaineTroyard,82,4531,11,9
7855,ERC,Relentless,R*1,295553,Lek,85,4187,12,0
7855,ERC,Relentless,HeLa,1889531,thelovelymoon,90,3883,9,12
7855,ERC,Relentless,C.R,1491264,Aldous_Snow,91,3411,14,7
7855,ERC,Relentless,R*1,1620993,_Gabriel_,100,3384,12,23
7855,ERC,Relentless,~SA~,1639350,Rockem,92,3377,5,5
7855,ERC,Relentless,39th,23890,Tyler,90,3377,3,1
7855,ERC,Relentless,R*1,1901801,metalkarmak,88,2927,7,6
7855,ERC,Relentless,R*1,1887093,pops333,98,2336,9,10
7855,ERC,Relentless,R*1,1803901,Spaghetti360,89,2185,7,3
7855,ERC,Relentless,R*1,1920048,William_Joker,83,1913,3,0
7855,ERC,Relentless,NOM,2185747,dankspongebob,15,626,8,0
7855,ERC,Relentless,UR,2049768,Haiku,64,614,7,0
7855,ERC,Relentless,R*1,1921540,keego73,88,249,5,13
7855,ERC,Relentless,R*1,812478,MightyGoober,100,159,1,1
7855,ERC,Relentless,C.R,1814138,Lilith,94,97,2,0
7855,ERC,Milk and Cookies,M&C,560161,DiamondAce,100,74513,147,102
7855,ERC,Milk and Cookies,M&C,1307523,Drieke,100,72464,24,145
7855,ERC,Milk and Cookies,M&C,144651,UNRIVALED,100,69221,23,38
7855,ERC,Milk and Cookies,M&C,1014257,Painkiller_,97,63943,33,8
7855,ERC,Milk and Cookies,M&C,304440,skorp,99,56896,22,17
7855,ERC,Milk and Cookies,M&C,1646570,JohnCKL,98,53509,50,67
7855,ERC,Milk and Cookies,M&C,172806,weebl,100,45273,25,84
7855,ERC,Milk and Cookies,M&C,828140,valentinos,96,44958,20,0
7855,ERC,Milk and Cookies,M&C,635043,johnnyrambo,94,42839,16,14
7855,ERC,Milk and Cookies,M&C,500544,DonDantoni,96,39498,28,33
7855,ERC,Milk and Cookies,M&C,74099,ttyper,100,38521,55,84
7855,ERC,Milk and Cookies,M&C,40876,Einstein_,99,36941,38,67
7855,ERC,Milk and Cookies,M&C,834584,MaxManus,100,36213,10,25
7855,ERC,Milk and Cookies,tBP,23278,Surgeon,81,36202,44,2
7855,ERC,Milk and Cookies,M&C,878252,Naryus,95,35609,17,18
7855,ERC,Milk and Cookies,M&C,732810,Michelle-420-,100,35234,48,40
7855,ERC,Milk and Cookies,HB1,1001335,Carnale,96,34890,19,9
7855,ERC,Milk and Cookies,M&C,1290526,G-STAR01,92,34102,187,72
7855,ERC,Milk and Cookies,M&C,1461614,Blackbear,95,33576,25,22
7855,ERC,Milk and Cookies,M&C,195813,Veghard,93,32860,12,23
7855,ERC,Milk and Cookies,M&C,298931,HeroponRiki,87,32588,21,5
7855,ERC,Milk and Cookies,M&C,231334,Kanzu,96,32099,73,79
7855,ERC,Milk and Cookies,M&C,1458703,Blexi,100,30834,35,79
7855,ERC,Milk and Cookies,M&C,1841988,razzaonpc,99,30717,187,28
7855,ERC,Milk and Cookies,[ÐA],70091,Snowman,92,29362,4,0
7855,ERC,Milk and Cookies,M&C,1300665,Savoie,92,28965,8,2
7855,ERC,Milk and Cookies,M&C,1556113,Goggeli,100,27764,37,62
7855,ERC,Milk and Cookies,M&C,154044,Str_Madman,75,27183,5,1
7855,ERC,Milk and Cookies,M&C,1707129,Hawksmere,71,27026,47,0
7855,ERC,Milk and Cookies,M&C,854628,feanor,90,26538,41,40
7855,ERC,Milk and Cookies,M&C,1791283,Vinkuun,99,26388,72,52
7855,ERC,Milk and Cookies,M&C,72095,SneakySquirrel,90,26241,3,0
7855,ERC,Milk and Cookies,M&C,537506,Aimee_,85,25694,2,0
7855,ERC,Milk and Cookies,JFK™,270517,rjkc4,100,25502,9,30
7855,ERC,Milk and Cookies,MnC,1751079,closed,93,23831,15,0
7855,ERC,Milk and Cookies,M&C,1552953,screwyou,86,22562,20,3
7855,ERC,Milk and Cookies,R²,2140083,Tryk,43,21942,63,0
7855,ERC,Milk and Cookies,tBP,569589,dacro0,73,21871,13,0
7855,ERC,Milk and Cookies,M&C,130690,Venz,97,20970,6,8
7855,ERC,Milk and Cookies,HERO,464386,zorroxtreme,95,20881,68,27
7855,ERC,Milk and Cookies,M&C,968180,Whaleter,96,20515,46,6
7855,ERC,Milk and Cookies,M&C,442441,Minorpath,95,19533,19,20
7855,ERC,Milk and Cookies,M&C,1534025,OneTwistedKid,91,19523,71,33
7855,ERC,Milk and Cookies,MnC,1832047,Nightblader,79,18952,26,0
7855,ERC,Milk and Cookies,CK,214123,JerseyJay,92,18285,33,19
7855,ERC,Milk and Cookies,MnC,187808,Salvatore87,90,18266,30,2
7855,ERC,Milk and Cookies,M&C,1162351,budo_scarecrow,89,16982,29,4
7855,ERC,Milk and Cookies,JFK™,583823,STEVE_HOLT,97,16603,27,12
7855,ERC,Milk and Cookies,MMCP,1450067,Flame,100,15671,27,28
7855,ERC,Milk and Cookies,MnC,1740703,Relayer,99,15456,39,22
7855,ERC,Milk and Cookies,MnC,2038846,sawfish,77,15249,12,0
7855,ERC,Milk and Cookies,M&C,148386,eveo,95,13776,32,23
7855,ERC,Milk and Cookies,undefined,488020,kyle8048,95,12740,5,14
7855,ERC,Milk and Cookies,M&C,385128,mindwar,91,12533,51,17
7855,ERC,Milk and Cookies,JFK™,200267,Molson,95,12381,12,9
7855,ERC,Milk and Cookies,M&C,1617456,Shot_Ta_Bitz,79,12047,32,0
7855,ERC,Milk and Cookies,MMCP,1381291,ARMOUR,79,11741,52,1
7855,ERC,Milk and Cookies,M&C,1324531,McLaurens,90,11463,55,1
7855,ERC,Milk and Cookies,M&C,356821,neozombie,99,11454,50,54
7855,ERC,Milk and Cookies,M&C,192348,Gob,100,11293,39,57
7855,ERC,Milk and Cookies,M&C,1030698,Graphite,98,10799,24,23
7855,ERC,Milk and Cookies,tBP,47186,dreadknight,36,9749,72,1
7855,ERC,Milk and Cookies,undefined,1601050,Nash,99,9624,23,33
7855,ERC,Milk and Cookies,M&C,1396225,LucyDiamonds,96,9100,6,4
7855,ERC,Milk and Cookies,undefined,140306,HippoHugger,100,7603,9,23
7855,ERC,Milk and Cookies,M&C,467642,Scorpious,99,7475,13,8
7855,ERC,Milk and Cookies,M&C,1199649,StreetRuler,69,7357,20,13
7855,ERC,Milk and Cookies,M&C,1944994,Enth,67,7160,20,0
7855,ERC,Milk and Cookies,tBP,630999,brooksey84,75,7099,4,0
7855,ERC,Milk and Cookies,M&C,543148,diggeer,93,7036,10,12
7855,ERC,Milk and Cookies,undefined,1598729,realistassasin,54,6553,112,0
7855,ERC,Milk and Cookies,JFK™,1854679,Daisy_Lynn,88,6433,20,9
7855,ERC,Milk and Cookies,MnC,2014627,TheDookieBaron,54,5906,86,0
7855,ERC,Milk and Cookies,M&C,1857498,Admiral-Ol,46,5863,69,1
7855,ERC,Milk and Cookies,M&C,530518,Timoteo32,66,5755,14,1
7855,ERC,Milk and Cookies,JFK™,38747,Concrete_Shoes,100,5750,1,0
7855,ERC,Milk and Cookies,M&C,1318799,NightWing,72,4972,23,0
7855,ERC,Milk and Cookies,tBP,1921417,BobaFett,35,4669,13,0
7855,ERC,Milk and Cookies,MnC,1530413,RD_,93,4603,9,1
7855,ERC,Milk and Cookies,PT,163143,Mentalist,99,4539,3,3
7855,ERC,Milk and Cookies,M&C,1557759,Valdemor,90,4057,4,8
7855,ERC,Milk and Cookies,undefined,477423,-SK-,92,3986,18,7
7855,ERC,Milk and Cookies,tBP,507439,Cable,40,3428,17,1
7855,ERC,Milk and Cookies,tBP,1322808,scuder92,65,3168,36,1
7855,ERC,Milk and Cookies,[ÐA],502675,ColdSystem,94,2765,11,1
7855,ERC,Milk and Cookies,PT,363768,Desperados,100,2603,2,2
7855,ERC,Milk and Cookies,MMCP,1690582,I-Love-You,60,2541,7,3
7855,ERC,Milk and Cookies,M&C,119819,Kanibal,84,2496,11,0
7855,ERC,Milk and Cookies,M&C,1622867,Lil_Grim_Reaper,96,2447,10,25
7855,ERC,Milk and Cookies,M&C,2038773,KRobert,83,2332,17,3
7855,ERC,Milk and Cookies,[ÐA],471053,rEd-dEvIL,89,2301,5,0
7855,ERC,Milk and Cookies,tBP,1751501,8799853,74,2239,37,0
7855,ERC,Milk and Cookies,MnC,1188181,Carl,85,2226,6,1
7855,ERC,Milk and Cookies,JFK™,59922,DrGonzo,100,1973,3,8
7855,ERC,Milk and Cookies,M&C,666533,Insomniak,93,1895,7,4
7855,ERC,Milk and Cookies,tBP,1199986,Enzotic,67,1704,16,1
7855,ERC,Milk and Cookies,M&C,1485341,Trole,38,1510,10,5
7855,ERC,Milk and Cookies,MnC,1771931,mikk,80,1466,15,0
7855,ERC,Milk and Cookies,M&C,1042944,Gregory_MAD,90,1423,9,4
7855,ERC,Milk and Cookies,MnC,49368,Denom,89,1228,3,1
7855,ERC,Milk and Cookies,MnC,1643018,MagicDust,90,1018,14,1
7855,ERC,Milk and Cookies,39th,428220,_Kitty,39,954,3,0
7855,ERC,Milk and Cookies,M&C,272283,Slavi_w,85,925,3,0
7855,ERC,Milk and Cookies,JFK™,1455047,Stagger_Lee,91,871,3,1
7855,ERC,Milk and Cookies,PT,1682299,EmperorGarm,90,784,3,2
7855,ERC,Milk and Cookies,M&C,1326851,ToyotaSupraTT,94,759,4,4
7855,ERC,Milk and Cookies,JFK™,1116436,Man-O-War,94,627,1,0
7855,ERC,Milk and Cookies,M&C,1202931,Fearfactor,100,499,1,0
7855,ERC,Milk and Cookies,JFK™,424998,UBIK,100,419,1,0
7855,ERC,Milk and Cookies,M&C,889930,PsyTrance,87,412,1,0
7855,ERC,Milk and Cookies,JFK™,471591,Andyman,100,402,2,2
7855,ERC,Milk and Cookies,MnC,1833667,azde,55,359,12,0
7855,ERC,Milk and Cookies,JFA,1869274,Dredd,93,305,3,0
7855,ERC,Milk and Cookies,M&C,12494,RiskyMineWorker,87,171,2,0
7855,ERC,Milk and Cookies,3LG,2201149,Maxx1628,20,156,3,0
7855,ERC,Milk and Cookies,JFK™,988807,HairyHarry,89,112,1,0
7855,ERC,Milk and Cookies,M&C,1307007,Divinity,89,91,1,3
7855,ERC,Milk and Cookies,undefined,1266413,Schizophrenic--,50,48,1,0
7855,ERC,Milk and Cookies,PT,1875996,getRich,75,43,1,0
7856,REF,Relentless,R*1,38031,Pascal,100,55432,7,18
7856,REF,Relentless,R*1,511272,Seth,100,53903,1,8
7856,REF,Relentless,R*1,1732212,Hank,100,46574,2,2
7856,REF,Relentless,R*1,895688,Wicka,100,36377,3,3
7856,REF,Relentless,R*1,1620993,_Gabriel_,100,35705,5,4
7856,REF,Relentless,~SA~,204836,Slork,100,35143,4,3
7856,REF,Relentless,R*1,1025410,Pops,99,34817,2,0
7856,REF,Relentless,R*1,1798354,KaguroX,95,34650,3,0
7856,REF,Relentless,R*1,1602605,Joxer,100,33785,1,0
7856,REF,Relentless,R*1,1154897,Milosh,100,31375,6,4
7856,REF,Relentless,R*1,1888994,Momo,96,30950,2,1
7856,REF,Relentless,C.R,1541749,Pandora,100,29746,2,9
7856,REF,Relentless,R*1,1953860,RGiskard,100,29013,4,6
7856,REF,Relentless,R*1,1967332,MBX,90,28614,9,3
7856,REF,Relentless,39th,50716,Honey-Badger,94,28064,4,2
7856,REF,Relentless,R*1,1832759,CrookedPaper,93,27038,4,1
7856,REF,Relentless,R*1,784338,Crystalz,96,26793,5,0
7856,REF,Relentless,R*1,295516,Navahoes,100,26422,3,2
7856,REF,Relentless,R*1,367758,Tokig,96,26320,3,0
7856,REF,Relentless,HeLa,1889531,thelovelymoon,90,25757,7,0
7856,REF,Relentless,R*1,1060365,TORN_REAPER,92,24711,3,0
7856,REF,Relentless,~WP~,1553363,Blistig,92,23506,2,1
7856,REF,Relentless,R*1,1740595,BadDutchie,95,23393,2,1
7856,REF,Relentless,R*1,1625417,Yurnero,91,23155,4,3
7856,REF,Relentless,R*1,954429,DonCorleon,85,22732,2,0
7856,REF,Relentless,R*1,1974874,PapaEmeritus,87,22066,7,1
7856,REF,Relentless,~WP~,118943,_Big_GuNz_,100,21956,4,1
7856,REF,Relentless,C.R,1814138,Lilith,94,20124,3,0
7856,REF,Relentless,C.R,1264011,Kraft,90,19757,7,2
7856,REF,Relentless,R*1,84976,Jokar,89,19285,8,2
7856,REF,Relentless,R*1,1127528,Fanatic,100,18162,5,14
7856,REF,Relentless,~SA~,1816368,NNWS,99,18130,6,5
7856,REF,Relentless,R*1,1503918,PhaNToM,95,17429,6,4
7856,REF,Relentless,R*1,1901801,metalkarmak,88,17378,5,1
7856,REF,Relentless,C.R,2017141,TxGemini,85,15379,9,4
7856,REF,Relentless,R*1,845601,Shapke,90,14985,1,0
7856,REF,Relentless,R*1,958018,uLtraZ,100,14795,4,1
7856,REF,Relentless,R*1,1474402,CorsiPukz,85,14682,5,1
7856,REF,Relentless,R*1,295553,Lek,85,13476,3,0
7856,REF,Relentless,R*1,1666253,Erebus,89,13366,5,0
7856,REF,Relentless,R*1,1573549,f0rk,94,12948,3,1
7856,REF,Relentless,R*1,1580868,Monkeymia,97,12445,1,0
7856,REF,Relentless,39th,23890,Tyler,90,12405,6,3
7856,REF,Relentless,R*1,1153517,Shutter,100,12394,3,4
7856,REF,Relentless,R*1,1867608,decap101,90,11600,5,1
7856,REF,Relentless,R*1,1626270,mortisult,98,10713,1,0
7856,REF,Relentless,R*1,108862,Cirice,100,10559,1,2
7856,REF,Relentless,R*1,1739685,Habanero,95,10217,3,0
7856,REF,Relentless,R*1,1685702,Bezee,90,10030,9,2
7856,REF,Relentless,R*1,1815556,Nesa,100,9764,2,1
7856,REF,Relentless,R*1,1547659,Ubique,99,9260,2,0
7856,REF,Relentless,R*1,1629756,Lord_Gorgen,100,8934,5,0
7856,REF,Relentless,JUX,420116,brendan106,98,8878,1,0
7856,REF,Relentless,R*1,1793493,Rocmann,92,8677,3,0
7856,REF,Relentless,R*1,89388,hiphopsoldier,96,8318,2,0
7856,REF,Relentless,C.R,1998312,MrLovePants,86,6928,2,0
7856,REF,Relentless,R*1,1900827,Bruce-LeeFFS,95,6624,4,1
7856,REF,Relentless,R*1,420053,Agent327,95,5675,2,0
7856,REF,Relentless,R*1,1044213,Imrahil,100,5591,1,3
7856,REF,Relentless,R*1,1970958,Echo,89,5422,1,0
7856,REF,Relentless,R*1,1843716,Whittlinman,92,4846,2,0
7856,REF,Relentless,C.R,1491264,Aldous_Snow,91,4500,1,0
7856,REF,Relentless,R*1,1955477,Rowdy_Rebel357,86,4297,3,0
7856,REF,Relentless,R*1,1811936,madbuns,100,4134,2,10
7856,REF,Relentless,R*1,1921540,keego73,88,3847,3,0
7856,REF,Relentless,R*1,1705890,DarkMaid,97,3804,2,1
7856,REF,Relentless,R*1,671797,sexxysweety,92,3614,1,0
7856,REF,Relentless,C.R,1763067,Somebody,86,3273,6,0
7856,REF,Relentless,R*1,1148150,natty1066,98,2766,1,6
7856,REF,Relentless,R*1,2033210,OSA,84,2564,2,2
7856,REF,Relentless,PIL1,1599136,winguard,90,2448,1,0
7856,REF,Relentless,R*1,194822,Illusions,99,2208,1,0
7856,REF,Relentless,R*1,1882094,GeorgeCostanza,89,1532,1,0
7856,REF,Relentless,R*1,1887093,pops333,98,1478,1,0
7856,REF,Relentless,R*1,1722547,DnBDarryl,88,1171,3,0
7856,REF,Relentless,R*1,238634,Mover,85,876,2,0
7856,REF,Relentless,R*1,1765291,Chigurh,96,651,1,0
7856,REF,Relentless,R*1,1803901,Spaghetti360,89,491,3,1
7856,REF,Relentless,R*1,1847600,Baldr,98,245,1,0
7856,REF,Relentless,R*1,1510489,TheHoneyBadger,93,213,1,0
7856,REF,Relentless,C.R,1996277,Metaldog,80,83,2,0
7856,REF,Relentless,R*1,812478,MightyGoober,100,40,1,0
7856,REF,JFK 2.1,2.1,641520,Ilmatar,94,2935,4,5
7856,REF,JFK 2.1,2.1,1480987,Eternal,95,2681,5,7
7856,REF,JFK 2.1,JFK™,1513594,Legend,95,2564,8,10
7856,REF,JFK 2.1,2.1,1762095,Kallesoee,86,2511,13,3
7856,REF,JFK 2.1,2.1,1609122,Ampsul,90,2478,3,2
7856,REF,JFK 2.1,JFK™,422033,Esper,100,2254,3,4
7856,REF,JFK 2.1,NOOB,653665,SleepyHollow,94,2108,2,1
7856,REF,JFK 2.1,2.1,1064389,RevLitterbox,98,2044,1,0
7856,REF,JFK 2.1,2.1,1407331,Huzaifah,93,2033,2,0
7856,REF,JFK 2.1,2.1,868716,Anolith,95,1957,2,0
7856,REF,JFK 2.1,JFK™,250755,SeaLion,96,1857,13,7
7856,REF,JFK 2.1,2.1,424208,BoneMachine,91,1804,1,0
7856,REF,JFK 2.1,2.1,807411,Everglide,88,1786,2,2
7856,REF,JFK 2.1,2.1,642144,oO_sniper_Oo,80,1713,3,2
7856,REF,JFK 2.1,JFK™,583823,STEVE_HOLT,97,1673,1,0
7856,REF,JFK 2.1,JFK™,1662311,Livingdedgirl,86,1631,3,0
7856,REF,JFK 2.1,2.1,1516680,MeanSaltShaker,80,1529,2,1
7856,REF,JFK 2.1,undefined,1746672,EDD,94,1529,1,0
7856,REF,JFK 2.1,2.1,864830,Pingu4ever,15,1522,1,0
7856,REF,JFK 2.1,2.1,328231,Bingbonghippy,86,1515,1,0
7856,REF,JFK 2.1,undefined,1260826,Ruby,89,1507,1,0
7856,REF,JFK 2.1,2.1,177889,gurfling,85,1496,1,0
7856,REF,JFK 2.1,undefined,1593028,Soulcutter,69,1307,1,0
7856,REF,JFK 2.1,2.1,517092,Karalynn,95,1302,11,17
7856,REF,JFK 2.1,2.1,52055,Longbow,100,1279,7,8
7856,REF,JFK 2.1,JFK™,734331,Giapper,90,1183,6,17
7856,REF,JFK 2.1,NOOB,2726,T-Rex,96,675,3,0
7856,REF,JFK 2.1,JFK™,471591,Andyman,100,624,8,3
7856,REF,JFK 2.1,2.1,253041,Sinkhan,93,492,2,5
7856,REF,JFK 2.1,DoA,865748,Shindig,71,479,13,0
7856,REF,JFK 2.1,JFK™,194889,Paige,81,469,2,1
7856,REF,JFK 2.1,JFK™,988807,HairyHarry,89,346,3,1
7856,REF,JFK 2.1,JFK™,922212,Bullzeye,100,338,2,4
7856,REF,JFK 2.1,2.1,337027,THEN00B,65,337,5,0
7856,REF,JFK 2.1,2.1,1961735,Fenrir,72,308,7,0
7856,REF,JFK 2.1,JFK™,191408,Madame_Tussaud,92,291,1,0
7856,REF,JFK 2.1,2.1,264054,-KeV-,92,234,1,0
7856,REF,JFK 2.1,2.1,369658,Skullface,79,202,7,0
7856,REF,JFK 2.1,2.1,1538531,LaDy_LoLLi,80,200,2,2
7856,REF,JFK 2.1,2.1,318855,Skeletron,90,188,1,1
7856,REF,JFK 2.1,2.1,1813796,Husky,77,180,3,2
7856,REF,JFK 2.1,JFK™,1022655,Zziox,61,144,2,1
7856,REF,JFK 2.1,JFK™,1333992,anoxic,100,129,2,1
7856,REF,JFK 2.1,2.1,1389080,Collete,100,118,5,5
7856,REF,JFK 2.1,2.1,453063,Hani,70,105,1,0
7856,REF,JFK 2.1,JFK™,68062,Nota,95,97,1,2
7856,REF,JFK 2.1,2.1,88497,MrJohnnyTorrio,75,95,1,0
7856,REF,JFK 2.1,2.1,1536895,Ozz,47,81,2,2
7856,REF,JFK 2.1,2.1,493795,DarkAce,46,55,3,0
7856,REF,JFK 2.1,2.1,707073,STEALTH,75,35,2,0
7856,REF,JFK 2.1,2.1,1715986,G3n3515,87,26,1,1
7856,REF,JFK 2.1,2.1,1200759,Angel,75,23,2,0
7857,GKD,Mentos and Cola,MnC,1703824,LoneGunman,95,47422,14,44
7857,GKD,Mentos and Cola,M&C,74099,ttyper,100,45539,14,9
7857,GKD,Mentos and Cola,MnC,1669064,H3llscr3am,95,45220,29,53
7857,GKD,Mentos and Cola,MnC,1499158,breezymyneezy,70,44795,88,67
7857,GKD,Mentos and Cola,undefined,221113,xMrPink,92,39750,29,37
7857,GKD,Mentos and Cola,MnC,420044,pingkings,26,39492,21,8
7857,GKD,Mentos and Cola,M&C,272283,Slavi_w,85,39057,10,3
7857,GKD,Mentos and Cola,MnC,1188181,Carl,85,37485,20,20
7857,GKD,Mentos and Cola,MnC,280289,mrrip,76,36616,24,18
7857,GKD,Mentos and Cola,MnC,1832047,Nightblader,79,35547,25,47
7857,GKD,Mentos and Cola,MnC,1700033,1dardardar1,83,33512,16,20
7857,GKD,Mentos and Cola,MnC,1459358,Jekar,89,33056,16,7
7857,GKD,Mentos and Cola,MnC,2038846,sawfish,77,32796,20,22
7857,GKD,Mentos and Cola,MnC,1161029,slayer97,84,31024,25,16
7857,GKD,Mentos and Cola,MnC,1740703,Relayer,99,30363,30,40
7857,GKD,Mentos and Cola,M&C,1857498,Admiral-Ol,46,29367,142,21
7857,GKD,Mentos and Cola,undefined,634051,FauxPas,72,29239,10,21
7857,GKD,Mentos and Cola,MnC,1315537,ItalianStallion,90,27978,3,1
7857,GKD,Mentos and Cola,MnC,1792674,Robozookie,91,27121,29,30
7857,GKD,Mentos and Cola,P,390936,Skipper,85,26572,28,33
7857,GKD,Mentos and Cola,MnC,1338194,lukemaster,93,25652,30,24
7857,GKD,Mentos and Cola,MnC,49368,Denom,89,25631,17,35
7857,GKD,Mentos and Cola,MnC,1643018,MagicDust,90,24472,20,33
7857,GKD,Mentos and Cola,MnC,109118,Nate-,75,23604,33,39
7857,GKD,Mentos and Cola,MnC,1644935,anghel,99,23416,9,18
7857,GKD,Mentos and Cola,MnC,1568978,ZzAsh92zZ,85,22915,5,3
7857,GKD,Mentos and Cola,LS,2024220,lostabit,56,20411,28,27
7857,GKD,Mentos and Cola,NUKE,36875,AzTeCsCaRfAcE,90,20179,8,6
7857,GKD,Mentos and Cola,MnC,2016736,Dutchie,73,19729,20,16
7857,GKD,Mentos and Cola,MnC,902478,Neo_Wells,80,19535,32,18
7857,GKD,Mentos and Cola,MnC,1620580,BurningWinters,69,19068,8,0
7857,GKD,Mentos and Cola,MnC,1586263,EzraRaihan,56,18754,26,21
7857,GKD,Mentos and Cola,MnC,2100735,xedx,50,18407,17,26
7857,GKD,Mentos and Cola,M&C,75827,Kati,91,17361,19,16
7857,GKD,Mentos and Cola,MnC,2063435,Abdullah,73,15644,105,50
7857,GKD,Mentos and Cola,MnC,2095135,Eleanito,45,15522,17,3
7857,GKD,Mentos and Cola,MnC,720502,7NiNe2SiX,65,15183,9,7
7857,GKD,Mentos and Cola,MnC,1668100,Xuthas,60,14826,24,23
7857,GKD,Mentos and Cola,M&C,1720019,Toottoo,91,14117,3,0
7857,GKD,Mentos and Cola,MnC,541741,N4TH4N,69,13710,27,25
7857,GKD,Mentos and Cola,MnC,2043025,XiMartinez,41,12970,24,34
7857,GKD,Mentos and Cola,MnC,1836734,Ketone,80,12105,13,12
7857,GKD,Mentos and Cola,MnC,1655708,Firefox,49,11823,26,34
7857,GKD,Mentos and Cola,MnC,423015,Moguai,99,11337,5,5
7857,GKD,Mentos and Cola,M&C,3403,DarK_PheoniX,80,10862,6,14
7857,GKD,Mentos and Cola,MnC,2058388,Ginth,58,10617,23,14
7857,GKD,Mentos and Cola,MnC,2026909,Vybz_Kartel,56,10029,15,18
7857,GKD,Mentos and Cola,MnC,1771931,mikk,80,9893,2,1
7857,GKD,Mentos and Cola,undefined,1665226,1665226,96,9886,7,5
7857,GKD,Mentos and Cola,MnC,1872227,TheMightyThor,50,9881,14,18
7857,GKD,Mentos and Cola,MnC,202437,Oxside,91,9744,12,9
7857,GKD,Mentos and Cola,MnC,865555,Mega_Mindy,45,9637,14,20
7857,GKD,Mentos and Cola,MnC,759678,_Qwerty_,83,8671,30,23
7857,GKD,Mentos and Cola,R²,2140083,Tryk,43,6778,66,1
7857,GKD,Mentos and Cola,MnC,1927463,sharx,88,6702,17,8
7857,GKD,Mentos and Cola,MnC,1612389,Gerhalt,91,6544,8,11
7857,GKD,Mentos and Cola,MnC,247677,Simpsons,69,6533,1,0
7857,GKD,Mentos and Cola,MnC,1582143,-FC-,39,6480,11,2
7857,GKD,Mentos and Cola,MnC,623223,BnNSpirit,55,6117,9,38
7857,GKD,Mentos and Cola,MnC,1530413,RD_,93,5085,4,12
7857,GKD,Mentos and Cola,PT,563108,JPCS5917,81,4894,1,0
7857,GKD,Mentos and Cola,M&C,1318799,NightWing,72,4535,32,18
7857,GKD,Mentos and Cola,MnC,1170226,Lift,81,4282,15,12
7857,GKD,Mentos and Cola,MnC,2029854,Noir_et_fier,73,4190,20,17
7857,GKD,Mentos and Cola,MnC,2049890,Siguin96,60,4156,13,12
7857,GKD,Mentos and Cola,MnC,1275616,newphoenix4,71,4116,4,0
7857,GKD,Mentos and Cola,MnC,2150095,Madfox,31,3874,15,7
7857,GKD,Mentos and Cola,MnC,1356670,speirsington,87,2797,4,1
7857,GKD,Mentos and Cola,MnC,1833667,azde,55,2689,15,12
7857,GKD,Mentos and Cola,MnC,1858955,Chadwick369,61,2525,13,9
7857,GKD,Mentos and Cola,undefined,1598729,realistassasin,54,2415,7,2
7857,GKD,Mentos and Cola,MnC,1778268,Quan,79,2277,9,2
7857,GKD,Mentos and Cola,MnC,1485296,-Alica,74,2231,2,3
7857,GKD,Mentos and Cola,MnC,2043119,hoju,63,2219,17,17
7857,GKD,Mentos and Cola,MnC,1958465,Jyu_Viole_Grace,75,2084,18,21
7857,GKD,Mentos and Cola,MnC,1957485,Alinon,62,1824,4,1
7857,GKD,Mentos and Cola,Bird,1074856,Sarah01,91,1817,6,7
7857,GKD,Mentos and Cola,MnC,2029248,Aelius,51,1782,10,12
7857,GKD,Mentos and Cola,MnC,1941743,mogambo,66,1609,3,19
7857,GKD,Mentos and Cola,MnC,448041,Duncan_Idaho,96,1360,6,16
7857,GKD,Mentos and Cola,[ÐA],502675,ColdSystem,94,1223,1,0
7857,GKD,Mentos and Cola,MnC,1885235,Signalman,90,1094,4,4
7857,GKD,Mentos and Cola,MnC,2037214,XAKXAKXAK,73,1035,8,2
7857,GKD,Mentos and Cola,M&C,2106420,Rema_,31,744,10,3
7857,GKD,Mentos and Cola,MnC,320064,boxman,77,628,4,1
7857,GKD,Mentos and Cola,MnC,1026373,MY_NAME_IS_TORN,68,555,1,1
7857,GKD,Mentos and Cola,eVø,354206,vertigo,93,360,3,6
7857,GKD,Mentos and Cola,PT,2100546,Legaci,60,251,1,0
7857,GKD,Mentos and Cola,MMCP,1976790,T3440R,48,133,3,0
7857,GKD,Mentos and Cola,MnC,664620,TheConvict,79,125,3,1
7857,GKD,Mentos and Cola,MnC,2082118,Nihilus,45,29,1,4
7857,GKD,Mentos and Cola,MnC,2040408,SheebaLala,27,7,1,0
7857,GKD,Wolf Pack Next Generation,R*1,1034523,Tezwar,100,41256,5,28
7857,GKD,Wolf Pack Next Generation,~WP~,208206,TranQuilizer,99,27498,37,72
7857,GKD,Wolf Pack Next Generation,~WP~,2136707,musicmuncher,26,8333,75,0
7857,GKD,Wolf Pack Next Generation,WPNG,2125197,b97yqq,31,7440,40,4
7857,GKD,Wolf Pack Next Generation,WPNG,2131801,Larrry,33,7349,27,0
7857,GKD,Wolf Pack Next Generation,CAT!,1690243,Krypton009,80,7249,20,24
7857,GKD,Wolf Pack Next Generation,~WP~,1491379,buddha420,80,7220,27,17
7857,GKD,Wolf Pack Next Generation,WPNG,2126828,Ratonga,30,7128,23,0
7857,GKD,Wolf Pack Next Generation,~WP~,1608986,HastaLaVistaBby,90,7082,37,35
7857,GKD,Wolf Pack Next Generation,R*1,1815556,Nesa,100,6970,12,5
7857,GKD,Wolf Pack Next Generation,~SA~,621230,MassiveWeapon,97,6666,17,19
7857,GKD,Wolf Pack Next Generation,WPNG,1917922,Simicz,56,6201,33,8
7857,GKD,Wolf Pack Next Generation,~WP~,464458,Kash,84,5358,19,37
7857,GKD,Wolf Pack Next Generation,WPNG,2124189,Undanya_Yue,35,5349,61,1
7857,GKD,Wolf Pack Next Generation,~SA~,1542326,Krastinov,100,5269,3,14
7857,GKD,Wolf Pack Next Generation,WPNG,1915955,DougStamper,59,5184,27,3
7857,GKD,Wolf Pack Next Generation,~WP~,2152295,Ashley2511,21,4919,26,0
7857,GKD,Wolf Pack Next Generation,WPNG,2126961,coldarray,15,4821,15,0
7857,GKD,Wolf Pack Next Generation,WPNG,2161333,ArmaGalen,35,4754,31,0
7857,GKD,Wolf Pack Next Generation,WPNG,2013988,Erbalicous,69,4668,36,12
7857,GKD,Wolf Pack Next Generation,~WP~,2065939,Wiber,50,4205,50,3
7857,GKD,Wolf Pack Next Generation,WPNG,2135002,CreamyNougat,35,4203,25,0
7857,GKD,Wolf Pack Next Generation,~WP~,1725233,MH_2007,89,4185,10,29
7857,GKD,Wolf Pack Next Generation,WPNG,1943337,Ivan,50,4085,17,18
7857,GKD,Wolf Pack Next Generation,undefined,2106417,Azraile,31,3893,12,0
7857,GKD,Wolf Pack Next Generation,WPNG,2096925,cancers,20,3849,27,0
7857,GKD,Wolf Pack Next Generation,DE,1844409,Anelin,47,3673,19,0
7857,GKD,Wolf Pack Next Generation,~WP~,1294366,Bosstweed77,92,3511,10,30
7857,GKD,Wolf Pack Next Generation,~WP~,1865614,MissMary,84,3483,21,35
7857,GKD,Wolf Pack Next Generation,WPNG,2177923,hacker115,20,3473,8,0
7857,GKD,Wolf Pack Next Generation,WPNG,246387,lostinthewoods,73,3352,16,6
7857,GKD,Wolf Pack Next Generation,WPNG,2153629,stella582,29,3289,19,0
7857,GKD,Wolf Pack Next Generation,WPNG,1969176,Hopebones5,55,3039,26,5
7857,GKD,Wolf Pack Next Generation,WPNG,1865717,Psycraze,52,2808,6,1
7857,GKD,Wolf Pack Next Generation,~WP~,2177146,ZennomadneZ,22,2663,22,0
7857,GKD,Wolf Pack Next Generation,~WP~,1111678,Mispk2,93,2423,7,9
7857,GKD,Wolf Pack Next Generation,WPNG,2118797,Talamat,41,2360,17,0
7857,GKD,Wolf Pack Next Generation,WPNG,2016675,Natasha_Rostova,40,2350,30,0
7857,GKD,Wolf Pack Next Generation,WPNG,709736,TheDatzMan,35,2340,20,0
7857,GKD,Wolf Pack Next Generation,WPNG,2106640,-Rogue-,31,2331,58,0
7857,GKD,Wolf Pack Next Generation,~WP~,327135,PainfulPoetry,81,2275,18,7
7857,GKD,Wolf Pack Next Generation,~WP~,1297526,Stalllion,54,2235,8,1
7857,GKD,Wolf Pack Next Generation,WPNG,2208584,Apophis,25,2210,20,0
7857,GKD,Wolf Pack Next Generation,WPNG,2059198,Aeirex,40,2008,25,2
7857,GKD,Wolf Pack Next Generation,WPNG,2151632,TheWizardOfAus,25,1831,10,0
7857,GKD,Wolf Pack Next Generation,WPNG,2118517,queer-qrimes,39,1828,27,0
7857,GKD,Wolf Pack Next Generation,WPNG,2140032,Antony,20,1825,27,0
7857,GKD,Wolf Pack Next Generation,WPNG,1971462,iHalp,44,1786,17,0
7857,GKD,Wolf Pack Next Generation,WPNG,2090911,Eliminatus,21,1771,26,0
7857,GKD,Wolf Pack Next Generation,~WP~,935765,YNWA,99,1721,7,16
7857,GKD,Wolf Pack Next Generation,WPNG,268561,Randydy,51,1634,6,0
7857,GKD,Wolf Pack Next Generation,WPNG,1315198,Jimbonator,37,1590,22,0
7857,GKD,Wolf Pack Next Generation,WPNG,2139729,spamfajitas,22,1571,25,0
7857,GKD,Wolf Pack Next Generation,WPNG,309615,GothThug,62,1546,1,0
7857,GKD,Wolf Pack Next Generation,undefined,1014409,Brad0812,62,1538,1,0
7857,GKD,Wolf Pack Next Generation,WPNG,7749,SinWolf,56,1509,1,0
7857,GKD,Wolf Pack Next Generation,WPNG,306152,aappexxi,35,1494,5,0
7857,GKD,Wolf Pack Next Generation,WPNG,1790887,General_Lo,68,1483,2,0
7857,GKD,Wolf Pack Next Generation,WPNG,1899368,HardCoreKiwi367,46,1469,2,0
7857,GKD,Wolf Pack Next Generation,WPNG,1203823,_LoisGriffin_,33,1417,1,0
7857,GKD,Wolf Pack Next Generation,WPNG,1990925,Soulreaper111,32,1405,1,0
7857,GKD,Wolf Pack Next Generation,WPNG,2133367,Sanctum,29,1347,2,0
7857,GKD,Wolf Pack Next Generation,WPNG,2173187,Viperhead,25,1318,6,0
7857,GKD,Wolf Pack Next Generation,WPNG,1635385,Kapt420kronic,63,1311,5,0
7857,GKD,Wolf Pack Next Generation,WPNG,2060828,Knytet,49,1262,1,0
7857,GKD,Wolf Pack Next Generation,~WP~,1948747,Swerige,19,1229,27,2
7857,GKD,Wolf Pack Next Generation,WPNG,2094214,Lancey,30,1120,7,0
7857,GKD,Wolf Pack Next Generation,P_B,2090073,undulation,59,1020,16,0
7857,GKD,Wolf Pack Next Generation,WPNG,2152032,Masja,31,920,22,0
7857,GKD,Wolf Pack Next Generation,HeLa,2006892,xXxMounTyxXx,35,892,29,0
7857,GKD,Wolf Pack Next Generation,NOOB,1941555,JeffBridges,68,888,23,0
7857,GKD,Wolf Pack Next Generation,~WP~,1701946,Whitty,32,845,12,11
7857,GKD,Wolf Pack Next Generation,~WP~,1835613,Fulco,60,839,15,16
7857,GKD,Wolf Pack Next Generation,WPNG,1922943,Crosscoded,50,834,9,0
7857,GKD,Wolf Pack Next Generation,WPNG,2172612,FaceYourFetus,23,821,21,0
7857,GKD,Wolf Pack Next Generation,WPNG,2145261,shortstax,30,811,10,0
7857,GKD,Wolf Pack Next Generation,~WP~,950944,IVIatteh,54,805,12,1
7857,GKD,Wolf Pack Next Generation,WPNG,1138376,Rafster,85,765,2,1
7857,GKD,Wolf Pack Next Generation,WPNG,2130283,artmise,21,709,11,0
7857,GKD,Wolf Pack Next Generation,WPNG,2152427,Demitori,24,690,9,0
7857,GKD,Wolf Pack Next Generation,~WP~,2076083,Lucian,40,585,16,1
7857,GKD,Wolf Pack Next Generation,WPNG,1860109,bennyinthehouse,34,583,2,0
7857,GKD,Wolf Pack Next Generation,-TD-,2105701,Arjan,35,519,1,0
7857,GKD,Wolf Pack Next Generation,WPNG,1966746,Mike-Tyson,32,488,1,0
7857,GKD,Wolf Pack Next Generation,WPNG,2084316,Senpachie,15,474,13,0
7857,GKD,Wolf Pack Next Generation,WPNG,732583,M-D-Luffy,75,434,1,0
7857,GKD,Wolf Pack Next Generation,WPNG,1560293,Archaic,73,374,1,0
7857,GKD,Wolf Pack Next Generation,DD,2138527,Fuzz_Nutz,34,374,19,0
7857,GKD,Wolf Pack Next Generation,WPNG,2155942,Churchy_7811,19,303,4,0
7857,GKD,Wolf Pack Next Generation,WPNG,2083223,erebus1,31,281,5,0
7857,GKD,Wolf Pack Next Generation,WPNG,2104903,Mydroflex,46,235,2,0
7857,GKD,Wolf Pack Next Generation,WPNG,2004844,Aquaphile,57,220,8,0
7857,GKD,Wolf Pack Next Generation,WPNG,2045115,BrickBoi,27,207,1,0
7857,GKD,Wolf Pack Next Generation,WPNG,1971358,KillerPunk,38,179,4,0
7857,GKD,Wolf Pack Next Generation,SBR,2146927,Dr_Josh,21,141,1,0
7857,GKD,Wolf Pack Next Generation,WPNG,2106239,PrivateHarambe,31,138,1,0
7857,GKD,Wolf Pack Next Generation,WPNG,2159813,RatKing,35,131,2,0
7857,GKD,Wolf Pack Next Generation,undefined,319251,Breathless,46,53,2,0
7857,GKD,Wolf Pack Next Generation,WPNG,567765,Adillionair,41,27,1,0
7857,GKD,Wolf Pack Next Generation,WPNG,2092183,hgrunt,25,18,1,0
7857,GKD,Wolf Pack Next Generation,HeLa,2008978,heybaby,38,15,1,0
7859,NFF,One Punch,~OP~,81345,Lost-Soul,65,54073,2,0
7859,NFF,One Punch,~OP~,64263,Suehtomit,88,53758,1,0
7859,NFF,One Punch,~OP~,1554173,H1ghl4nder,71,51187,2,0
7859,NFF,One Punch,~OP~,949847,jacks_colon,65,51172,1,0
7859,NFF,One Punch,~OP~,1161983,TwoEleven,90,51158,1,2
7859,NFF,One Punch,~OP~,1952888,SHIINA,75,51130,2,0
7859,NFF,One Punch,~OP~,668362,Revelation,90,51098,2,2
7859,NFF,One Punch,~OP~,1954421,ArttiIsGod,79,50612,2,0
7859,NFF,One Punch,~OP~,1618958,Master,91,50523,1,0
7859,NFF,One Punch,~OP~,1007672,bobiii,92,49757,1,0
7859,NFF,One Punch,~OP~,1264572,Death,96,49622,4,2
7859,NFF,One Punch,~OP~,1430520,HideOut,77,49525,1,0
7859,NFF,One Punch,~OP~,1474240,boonick44,69,49438,2,0
7859,NFF,One Punch,~OP~,187782,Hard_wall,100,49336,3,0
7859,NFF,One Punch,~OP~,129990,King_David,95,49321,1,0
7859,NFF,One Punch,CR²,78061,-Glitch-,65,48517,1,0
7859,NFF,One Punch,~OP~,1502426,waybeyondhelp,78,45676,4,0
7859,NFF,One Punch,~OP~,671176,Cobralov3r,81,45428,4,0
7859,NFF,One Punch,R*1,812478,MightyGoober,100,45139,9,1
7859,NFF,One Punch,UGK,1034218,Diamond_Dog,61,43274,5,0
7859,NFF,One Punch,~OP~,551742,True_Aryas,55,38953,4,0
7859,NFF,One Punch,~OP~,1280905,Hypocritical,84,38780,1,2
7859,NFF,One Punch,DA,2048878,TheDarkLight,65,35879,2,0
7859,NFF,One Punch,BSG,2085307,Venomancer,70,35632,2,0
7859,NFF,One Punch,BoTS,1787515,The_Healer,74,34361,13,4
7859,NFF,One Punch,~OP~,1602780,jfive,71,33861,1,0
7859,NFF,One Punch,~OP~,997432,Hermit,85,31082,4,0
7859,NFF,One Punch,~OP~,1863227,Zwel,89,30625,4,0
7859,NFF,One Punch,tBP,501007,LadyVirgo,72,29418,8,0
7859,NFF,One Punch,~OP~,245215,Ground,30,25932,2,0
7859,NFF,One Punch,~OP~,420408,Greasha,85,24807,3,0
7859,NFF,One Punch,~OP~,1156272,Ijipop,60,21870,3,0
7859,NFF,One Punch,~OP~,734492,BabyLuST,49,20709,4,0
7859,NFF,One Punch,~OP~,827175,Nuclear,83,15697,1,0
7859,NFF,One Punch,~OP~,1618610,Sarkov,45,15458,1,0
7859,NFF,One Punch,~OP~,949810,heresy23,70,12453,1,0
7859,NFF,One Punch,~OP~,1786727,LittleVinnie,56,11592,1,0
7859,NFF,One Punch,~OP~,956187,ladyK,26,8929,15,0
7859,NFF,One Punch,~OP~,1484195,coopoon,78,7578,1,0
7859,NFF,One Punch,~OP~,5510,12Digitdan,65,7463,3,7
7859,NFF,One Punch,~OP~,1008657,Soul_Survivor,40,7314,2,0
7859,NFF,One Punch,~OP~,1616518,Motag8tor,55,7112,1,0
7859,NFF,One Punch,~OP~,2115229,cactido,45,6317,1,0
7859,NFF,One Punch,~SA~,983221,Nath,100,4361,1,0
7859,NFF,One Punch,~OP~,1960427,_BabyDoll_,62,4026,1,0
7859,NFF,One Punch,HeLa,1958780,skyarya,35,3019,6,0
7859,NFF,One Punch,CR²,812471,BORK,54,1790,1,0
7859,NFF,One Punch,~OP~,1925343,EnglandsFinest,80,1431,1,0
7859,NFF,One Punch,DEN,2173811,XCFRES,20,1120,3,0
7859,NFF,One Punch,~OP~,2058538,Jibblets,28,600,4,0
7859,NFF,One Punch,~OP~,681916,Lil_Hitman,55,555,2,0
7859,NFF,One Punch,~OP~,487193,Sorry6,86,533,1,0
7859,NFF,One Punch,~OP~,1915325,T0R0,52,111,1,0
7859,NFF,One Punch,~OP~,1956826,mklewis,67,42,1,0
7859,NFF,One Punch,undefined,2073986,FunkyDo,30,39,1,0
7859,NFF,One Punch,~OP~,867659,Midnight_Mack,80,11,2,0
7859,NFF,One Punch,~OP~,288076,Tankbusta,80,9,1,0
7859,NFF,PT-Penguins,PT,1516155,Kaxuxo,92,15470,3,0
7859,NFF,PT-Penguins,PT,365236,Porco,99,15116,1,0
7859,NFF,PT-Penguins,PT,117259,Ranf,90,15099,1,0
7859,NFF,PT-Penguins,undefined,216187,Blackpanter,90,15008,1,0
7859,NFF,PT-Penguins,PT,205973,PitBullTerrier,83,15008,1,0
7859,NFF,PT-Penguins,undefined,676400,Tomas,80,14961,1,0
7859,NFF,PT-Penguins,PT,1839549,Link,90,14941,1,0
7859,NFF,PT-Penguins,undefined,107428,DON_PYNGUYN,91,14353,1,0
7859,NFF,PT-Penguins,PT,230223,Blackadder,96,14349,1,0
7859,NFF,PT-Penguins,undefined,200179,Arkimedes,80,12184,1,0
7859,NFF,PT-Penguins,PT,1953284,Xx_Deathless_xX,81,11990,1,0
7859,NFF,PT-Penguins,PT,1962522,hologram,76,11845,1,0
7859,NFF,PT-Penguins,PT,1560563,Tommy_DeVito,84,10091,1,0
7859,NFF,PT-Penguins,PT,213538,SaTuRn0,91,8866,1,0
7859,NFF,PT-Penguins,undefined,1416609,Keyalan,71,7636,1,0
7859,NFF,PT-Penguins,PT,1628542,saltire,84,7539,4,0
7859,NFF,PT-Penguins,PT,62172,johndoe3rd,88,6601,1,0
7859,NFF,PT-Penguins,PT,315131,84t0n9,82,6583,1,0
7859,NFF,PT-Penguins,PT,337147,akasha,80,6457,1,0
7859,NFF,PT-Penguins,PT,1638588,Tonywalker,69,6446,1,0
7859,NFF,PT-Penguins,undefined,40218,-h3ro-,77,6181,1,0
7859,NFF,PT-Penguins,PT,467558,Rhastaman,77,6125,1,0
7859,NFF,PT-Penguins,PT,1833585,DR4ZTIC,72,6125,1,0
7859,NFF,PT-Penguins,PT,1021253,TriTuRaDor,81,5902,11,9
7859,NFF,PT-Penguins,PT,294257,Benji__,82,5009,1,0
7859,NFF,PT-Penguins,undefined,187741,_-_SmokeY_-_,66,2435,1,0
7859,NFF,PT-Penguins,undefined,473606,_Stinger_,69,2385,1,0
7859,NFF,PT-Penguins,PT,2224763,Crudak,15,1529,1,0
7859,NFF,PT-Penguins,PT,2224800,Nynane,16,1262,8,0
7859,NFF,PT-Penguins,PT,2195720,Extortion,21,1018,1,0
7859,NFF,PT-Penguins,PT,1654931,thestud,98,815,1,0
7859,NFF,PT-Penguins,PT,2218426,Ghostfacekilla,15,663,1,0
7859,NFF,PT-Penguins,PT,426385,Zewinha,20,347,1,0
7859,NFF,PT-Penguins,PT,1926070,warrdove,26,178,1,0
7862,XWF,Unrelenting Medical,URM,1006698,Calin,60,5712,6,9
7862,XWF,Unrelenting Medical,URM,464389,deep_purple,45,4035,3,4
7862,XWF,Unrelenting Medical,URM,430180,raine4rose,48,3834,2,7
7862,XWF,Unrelenting Medical,URM,279966,Jagermeister,60,2585,9,46
7862,XWF,Unrelenting Medical,UR,1236433,ChuYuyan,51,2203,5,7
7862,XWF,Unrelenting Medical,,2238716,AdaWong,8,1605,5,0
7862,XWF,Unrelenting Medical,URM,1631486,Pedroto,42,1503,2,10
7862,XWF,Unrelenting Medical,ROH™,2009924,NapalmX,61,1221,1,6
7862,XWF,Unrelenting Medical,URM,1542921,Webcrowler,85,885,1,3
7862,XWF,Unrelenting Medical,DARK,2249429,SaiNight,9,754,5,0
7862,XWF,Unrelenting Medical,URM,1977480,amantirkey333,19,706,1,2
7862,XWF,Unrelenting Medical,URM,1889450,thestarrynight,30,529,1,0
7862,XWF,Unrelenting Medical,DARK,2249441,Rabs,5,254,2,1
7862,XWF,Unrelenting Medical,URM,305806,dethdeks,40,223,1,0
7862,XWF,Unrelenting Medical,undefined,2237173,Tdaito,5,210,2,3
7862,XWF,Unrelenting Medical,URM,2127004,BastionX,34,196,4,0
7862,XWF,Unrelenting Medical,URM,2181156,jasminee,21,185,1,0
7862,XWF,Unrelenting Medical,URM,1886235,Slut_Whisperer,48,185,1,0
7862,XWF,Unrelenting Medical,URM,2013808,Kam0,35,180,1,0
7862,XWF,Unrelenting Medical,undefined,2207974,C0rv0Attan0,13,120,1,3
7862,XWF,Unrelenting Medical,URM,1868550,Boom_Lmao,51,87,1,1
7862,XWF,Unrelenting Medical,URM,115716,ScroogeMcDuck,78,49,1,1
7862,XWF,Unrelenting Medical,URM,1840804,MsAnthropy,24,43,1,1
7862,XWF,Unrelenting Medical,URM,2057854,drason1,40,10,2,2
7862,XWF,Unrelenting Medical,URM,2192652,xAegisx,13,0,1,0
7862,XWF,aXiom,aX,1468,acesoron,63,132798,11,6
7862,XWF,aXiom,aX,2016267,Kylar,76,129803,22,13
7862,XWF,aXiom,aX,2248999,SentryBunny,15,129710,14,0
7862,XWF,aXiom,aX,2061213,selits,60,91757,10,0
7862,XWF,aXiom,aX,2215608,Harvey_Nobum,23,81793,10,0
7862,XWF,aXiom,aX,2249890,Casp3r2018,15,81567,8,1
7862,XWF,aXiom,aX,2187330,Sweetiest,31,79291,9,0
7862,XWF,aXiom,aX,2037056,Cagarruto,26,77080,7,0
7862,XWF,aXiom,aX,2186744,tripmaen,31,75506,11,1
7862,XWF,aXiom,aX,2131539,Patient,32,75074,7,0
7862,XWF,aXiom,aX,2248530,Slowsnake112,7,68933,4,0
7862,XWF,aXiom,aX,2191568,funkyrake,25,65911,15,0
7862,XWF,aXiom,aX,2188883,Libbiely,25,64776,16,1
7862,XWF,aXiom,aX,2061973,Archimedes,35,57171,4,0
7862,XWF,aXiom,aX,2193697,justmike44,22,54169,8,0
7862,XWF,aXiom,aX,2249806,xArg,7,50438,8,0
7862,XWF,aXiom,aX,1858565,xxArtemis,15,46208,5,0
7862,XWF,aXiom,aX,2196424,daMace,26,43695,7,0
7862,XWF,aXiom,aX,2223962,aster974,16,42789,6,0
7862,XWF,aXiom,aX,2044213,genie27,26,42632,9,0
7862,XWF,aXiom,aX,2210034,Shubes,25,37879,9,0
7862,XWF,aXiom,undefined,2209086,Frikeer,25,36475,10,0
7862,XWF,aXiom,aX,2006415,Obsession,71,33165,6,1
7862,XWF,aXiom,aX,1528888,PsychoDoc,64,31525,2,0
7862,XWF,aXiom,aX,2218299,Foxed,20,30105,7,0
7862,XWF,aXiom,aX,2175727,LeighRynz,20,27415,7,0
7862,XWF,aXiom,aX,582473,Big_Tex,41,25974,2,0
7862,XWF,aXiom,aX,2224208,Baldwin,19,20340,5,0
7862,XWF,aXiom,aX,2222928,BuckSatan,22,18461,10,0
7862,XWF,aXiom,aX,2230632,MamaDolores,20,17734,4,0
7862,XWF,aXiom,aX,1521826,Juun,25,17228,4,0
7862,XWF,aXiom,aX,483578,Cheebah_Jr_666,35,17123,1,0
7862,XWF,aXiom,aX,2062320,Mobkiller,40,17094,1,0
7862,XWF,aXiom,undefined,2215022,Dillian125,11,16816,1,0
7862,XWF,aXiom,aX,1625406,Tomkins,64,16591,1,0
7862,XWF,aXiom,aX,2061841,Mercm3,66,16512,3,0
7862,XWF,aXiom,aX,2195761,Chscld,17,16165,4,0
7862,XWF,aXiom,aX,247777,jammey123,40,16041,2,1
7862,XWF,aXiom,aX,2194835,Cookiecrook,22,14233,6,0
7862,XWF,aXiom,undefined,2249268,1stoneyoudontc,5,12020,4,0
7862,XWF,aXiom,aX,2187675,emerix,15,11663,5,0
7862,XWF,aXiom,aX,70634,LilDood,64,9713,2,0
7862,XWF,aXiom,aX,2193683,s0me1ne,20,9544,1,0
7862,XWF,aXiom,aX,2196815,thesigher,27,9121,3,0
7862,XWF,aXiom,aX,1848578,Dies-Irae,68,9069,2,1
7862,XWF,aXiom,aX,2208989,Wrath_the_Don,20,8885,10,0
7862,XWF,aXiom,aX,2195500,travisteck,30,8550,5,0
7862,XWF,aXiom,aX,2186009,trueazian,21,8464,3,0
7862,XWF,aXiom,undefined,756062,Haiwani,60,8096,1,0
7862,XWF,aXiom,aX,2151537,botoxman,31,8048,2,0
7862,XWF,aXiom,aX,2173789,ThirteenMD,30,7749,3,0
7862,XWF,aXiom,aX,2227662,RunningRhino,20,7630,4,0
7862,XWF,aXiom,aX,2209822,SEXIMEXI,25,6175,6,0
7862,XWF,aXiom,aX,2218019,InsaneRabbit,20,4535,2,0
7862,XWF,aXiom,aX,2221311,Aggieboy1444,17,4298,2,0
7862,XWF,aXiom,aX,2224509,Columb,12,3809,2,0
7862,XWF,aXiom,aX,2183288,HastyKinkajou,18,3315,2,0
7862,XWF,aXiom,aX,2164928,Sjikali,25,2728,2,0
7862,XWF,aXiom,aX,2183188,Shambahl,31,2410,1,0
7862,XWF,aXiom,aX,2148041,S3rl13,15,2312,1,0
7862,XWF,aXiom,undefined,2201282,SilkSpectre,15,1860,1,0
7862,XWF,aXiom,aX,2168680,Bankie,26,1635,2,0
7862,XWF,aXiom,aX,2226219,Brunz,17,1611,3,0
7862,XWF,aXiom,UP,2086034,EagleScream,40,1521,3,0
7862,XWF,aXiom,aX,2214731,KFm71,20,1475,1,1
7862,XWF,aXiom,aX,2148987,Uzil10,21,1181,1,0
7862,XWF,aXiom,aX,2212743,Doc_Fozz,20,986,1,0
7862,XWF,aXiom,aX,2139794,janepe,24,842,1,0
7862,XWF,aXiom,aX,2163499,Mastashake65,25,637,1,0
7862,XWF,aXiom,aX,2191684,Cipher-ice,21,620,1,0
7862,XWF,aXiom,aX,2223760,FoxyBitch,21,604,1,0
7862,XWF,aXiom,undefined,2193498,Biggin408,17,572,1,0
7862,XWF,aXiom,undefined,2249840,KillMongga,5,532,2,0
7862,XWF,aXiom,aX,2247368,GLHFKappa,16,527,1,0
7862,XWF,aXiom,aX,2149019,MrPasta,30,338,1,0
7862,XWF,aXiom,aX,2137694,Lithdren,24,248,1,1
7862,XWF,aXiom,aX,2229570,Rudotel,20,52,1,0
7862,XWF,aXiom,aX,2217447,Jogle73,16,29,1,0
7866,SPG,Chain Reaction,undefined,99177,BodyBagger,100,85599,2,40
7866,SPG,Chain Reaction,R*1,1337627,Afwas,100,54805,36,83
7866,SPG,Chain Reaction,R*1,1785428,Td3h,99,53547,19,61
7866,SPG,Chain Reaction,R*1,900534,Dekloren,100,49788,26,68
7866,SPG,Chain Reaction,R*1,1825532,Alexstrasza,100,48343,24,50
7866,SPG,Chain Reaction,~SA~,89581,Htr,100,46479,37,35
7866,SPG,Chain Reaction,R*1,2050558,Hildegarde,100,46224,24,101
7866,SPG,Chain Reaction,R*1,302973,lonewolf,100,44272,15,69
7866,SPG,Chain Reaction,~WP~,108922,HT-Supermikk,100,40932,27,88
7866,SPG,Chain Reaction,C.R,1317237,Touch,100,37772,57,67
7866,SPG,Chain Reaction,C.R,1915023,CrazedOne,99,37314,46,34
7866,SPG,Chain Reaction,~SA~,482424,Nabisco,94,34287,24,42
7866,SPG,Chain Reaction,R*1,748022,Kookaburra,100,32754,18,51
7866,SPG,Chain Reaction,C.R,1288134,Browe,99,31525,168,31
7866,SPG,Chain Reaction,~SA~,176898,SaliD,100,31460,16,65
7866,SPG,Chain Reaction,~WP~,1879587,Proxima,100,31064,49,55
7866,SPG,Chain Reaction,~WP~,1716970,loveu2,94,29685,101,12
7866,SPG,Chain Reaction,~SA~,332505,Midknight,100,29369,21,55
7866,SPG,Chain Reaction,C.R,1352251,ChristmasBazaar,100,28397,21,33
7866,SPG,Chain Reaction,C.R,202258,piney,100,27142,34,29
7866,SPG,Chain Reaction,~SA~,31567,NaX,97,22939,33,19
7866,SPG,Chain Reaction,R*1,1815556,Nesa,100,22533,18,16
7866,SPG,Chain Reaction,~WP~,1525609,RefleX_,98,20546,70,61
7866,SPG,Chain Reaction,C.R,77011,DFC,100,20516,27,32
7866,SPG,Chain Reaction,R*1,1109901,ZaumonL,95,20411,25,38
7866,SPG,Chain Reaction,~SA~,1285682,J-C,36,18540,78,12
7866,SPG,Chain Reaction,C.R,590839,-BC-Pagee,100,17781,23,33
7866,SPG,Chain Reaction,C.R,209070,Tascon,100,17036,25,53
7866,SPG,Chain Reaction,R*1,1034523,Tezwar,100,16975,5,6
7866,SPG,Chain Reaction,R*1,1523811,GoldenFeel,99,15997,4,3
7866,SPG,Chain Reaction,C.R,1265909,TGA_DeViL,95,15377,188,29
7866,SPG,Chain Reaction,FTW,1455847,Para,100,13730,6,29
7866,SPG,Chain Reaction,~SA~,131289,Mia,99,13363,28,19
7866,SPG,Chain Reaction,R*1,442254,Montana,100,12696,14,12
7866,SPG,Chain Reaction,~SA~,226888,snap,100,12459,17,15
7866,SPG,Chain Reaction,C.R,1914682,-DEL-,93,10747,114,10
7866,SPG,Chain Reaction,R*1,108862,Cirice,100,9882,15,1
7866,SPG,Chain Reaction,R*1,1025410,Pops,99,9758,35,1
7866,SPG,Chain Reaction,R*1,1953860,RGiskard,100,8763,3,10
7866,SPG,Chain Reaction,FTW,1455642,BFM,100,8550,14,3
7866,SPG,Chain Reaction,undefined,1992238,Ultrareign,95,7915,46,55
7866,SPG,Chain Reaction,C.R,1697426,BrewDog,100,7442,15,22
7866,SPG,Chain Reaction,C.R,360957,CaptainBiceps,99,7195,18,9
7866,SPG,Chain Reaction,C.R,1554256,DoinYaMom,98,6720,21,4
7866,SPG,Chain Reaction,C.R,1339003,Perioda,91,6504,56,6
7866,SPG,Chain Reaction,C.R,1712182,Muttley,86,6038,45,10
7866,SPG,Chain Reaction,C.R,450820,Hydra,95,5921,39,5
7866,SPG,Chain Reaction,C.R,1579270,PsycWard,91,5573,64,1
7866,SPG,Chain Reaction,C.R,148961,Thrie,100,5159,26,12
7866,SPG,Chain Reaction,R*1,1967332,MBX,90,4881,65,0
7866,SPG,Chain Reaction,C.R,1958969,Mania,90,4710,37,17
7866,SPG,Chain Reaction,C.R,125079,No-Stress,99,4668,17,6
7866,SPG,Chain Reaction,C.R,1967379,Tyrion,85,4553,98,18
7866,SPG,Chain Reaction,C.R,2042332,jjinn,84,4343,81,12
7866,SPG,Chain Reaction,C.R,1416950,Love_Muffin,78,3868,61,11
7866,SPG,Chain Reaction,C.R,2011902,CrimsonXray,89,3830,37,14
7866,SPG,Chain Reaction,~WP~,2003190,kittenaround,85,3574,68,4
7866,SPG,Chain Reaction,C.R,1998312,MrLovePants,86,3574,42,2
7866,SPG,Chain Reaction,C.R,1977742,NOLAW,86,3541,39,16
7866,SPG,Chain Reaction,~SA~,424299,WindDancer,92,3423,12,5
7866,SPG,Chain Reaction,C.R,1884314,MeanMike,95,3374,29,7
7866,SPG,Chain Reaction,39th,730674,Vernunzio,99,3210,4,8
7866,SPG,Chain Reaction,C.R,1667842,Jokur,94,3004,16,3
7866,SPG,Chain Reaction,C.R,1885249,Tinybubble,90,2930,22,0
7866,SPG,Chain Reaction,C.R,1648788,_7_,94,2868,27,7
7866,SPG,Chain Reaction,C.R,872103,Scampi,100,2774,9,10
7866,SPG,Chain Reaction,C.R,439035,BullsCry,90,2588,6,7
7866,SPG,Chain Reaction,IBB,1530574,Lily,92,2460,11,3
7866,SPG,Chain Reaction,C.R,1446761,frostedclaws,90,2355,27,6
7866,SPG,Chain Reaction,C.R,1921594,Norm,90,2315,16,16
7866,SPG,Chain Reaction,C.R,871983,YOUROWNER,95,2245,19,6
7866,SPG,Chain Reaction,C.R,1918071,DeusVorpal,80,2242,31,2
7866,SPG,Chain Reaction,LDN,1033180,JS_Rep,95,2210,17,8
7866,SPG,Chain Reaction,C.R,1763067,Somebody,86,2109,30,6
7866,SPG,Chain Reaction,C.R,972654,Jacob,96,2066,9,6
7866,SPG,Chain Reaction,TNL,2015160,HDS_Andrew616,90,1968,19,0
7866,SPG,Chain Reaction,C.R,428286,AlleyCat,100,1647,11,10
7866,SPG,Chain Reaction,C.R,460247,Hippopotamus,95,1630,3,2
7866,SPG,Chain Reaction,R*1,1479036,Wild_Irish_Btch,83,1448,10,4
7866,SPG,Chain Reaction,,1551642,SSB,92,1403,5,3
7866,SPG,Chain Reaction,C.R,12469,Tygra,91,1390,18,7
7866,SPG,Chain Reaction,C.R,2013640,Johnny_G,90,1365,18,0
7866,SPG,Chain Reaction,39th,1668319,bacon,100,1317,15,6
7866,SPG,Chain Reaction,C.R,2001661,DrunkPunk,83,1294,20,0
7866,SPG,Chain Reaction,C.R,575512,shwibbing,80,1229,17,5
7866,SPG,Chain Reaction,C.R,1899531,zaje,88,1188,12,4
7866,SPG,Chain Reaction,39th,23890,Tyler,90,1178,18,7
7866,SPG,Chain Reaction,C.R,1601768,Mundo,90,1169,13,1
7866,SPG,Chain Reaction,~SA~,621230,MassiveWeapon,97,1164,7,1
7866,SPG,Chain Reaction,C.R,1982831,VinnyCarwash,89,1123,40,10
7866,SPG,Chain Reaction,C.R,249471,Decisive_Fire,90,1077,18,2
7866,SPG,Chain Reaction,FTW,451775,Chuck_Berry,94,1074,11,6
7866,SPG,Chain Reaction,C.R,2017141,TxGemini,85,971,4,2
7866,SPG,Chain Reaction,C.R,1978428,Yautja,83,940,15,1
7866,SPG,Chain Reaction,C.R,750078,Captive,92,882,11,11
7866,SPG,Chain Reaction,C.R,361121,Breadfan,95,858,11,13
7866,SPG,Chain Reaction,C.R,2019440,Nefarious_,87,855,5,1
7866,SPG,Chain Reaction,C.R,1701390,Master3z,92,623,4,8
7866,SPG,Chain Reaction,C.R,1959944,NoGood,82,579,5,1
7866,SPG,Chain Reaction,C.R,1814138,Lilith,94,567,19,8
7866,SPG,Chain Reaction,C.R,1920851,0tt3r,83,502,8,3
7866,SPG,Chain Reaction,C.R,942591,MaxMekker,95,388,1,1
7866,SPG,Chain Reaction,C.R,1010587,myshoeshurt,100,357,4,1
7866,SPG,Chain Reaction,C.R,388263,iLL0GiCaLL0GiC,87,343,5,0
7866,SPG,Chain Reaction,C.R,1996277,Metaldog,80,340,5,0
7866,SPG,Chain Reaction,C.R,1491264,Aldous_Snow,91,330,4,1
7866,SPG,Chain Reaction,C.R,2036550,punchin,83,297,7,0
7866,SPG,Chain Reaction,C.R,88656,the_gunners2004,88,237,7,0
7866,SPG,Chain Reaction,C.R,674660,Gogeta_SSJ4,85,231,4,5
7866,SPG,Chain Reaction,C.R,1857028,CerealKillaKyle,93,230,6,0
7866,SPG,Chain Reaction,C.R,1805217,Devoid,84,206,2,1
7866,SPG,Chain Reaction,IA,1456558,-CaptainAmerica,99,148,1,0
7866,SPG,Chain Reaction,C.R,1907489,Tramadol,84,139,4,2
7866,SPG,Chain Reaction,C.R,1988609,Dralcon,81,122,3,0
7866,SPG,Chain Reaction,C.R,2001304,RealityShift,86,79,2,2
7866,SPG,Chain Reaction,C.R,1865243,IamIke,79,62,2,0
7866,SPG,Chain Reaction,undefined,2172231,Crew13,16,55,3,0
7866,SPG,Chain Reaction,C.R,448404,ChaosCat,93,37,1,0
7866,SPG,Chain Reaction,C.R,1015037,TEEJ,97,0,0,1
7866,SPG,JFA,JFK™,247674,Z_junior,100,56488,15,76
7866,SPG,JFA,JFK™,59922,DrGonzo,100,49860,23,66
7866,SPG,JFA,JFA,979003,deft,100,44577,75,75
7866,SPG,JFA,JFA,1517799,Penicillin,100,17510,32,64
7866,SPG,JFA,M&C,1556113,Goggeli,100,7800,71,38
7866,SPG,JFA,JFK™,180202,SenSational,100,7144,54,44
7866,SPG,JFA,JFK™,553318,mug,100,6806,58,58
7866,SPG,JFA,JFA,1570883,Nova,100,4795,96,65
7866,SPG,JFA,MnC,423015,Moguai,99,4768,45,37
7866,SPG,JFA,JFA,687643,Vicarious,99,4650,108,55
7866,SPG,JFA,JFA,627688,MOJOMOFO,100,4401,35,5
7866,SPG,JFA,M&C,732810,Michelle-420-,100,4357,57,29
7866,SPG,JFA,JFK™,1187920,XIII,98,4138,39,22
7866,SPG,JFA,JFA,1636201,CloudJumper,100,3308,55,10
7866,SPG,JFA,JFK™,380980,Sky,100,3261,41,34
7866,SPG,JFA,JFA,1591396,Blaze,100,2968,59,44
7866,SPG,JFA,JFA,206758,Thief,100,2966,65,77
7866,SPG,JFA,JFK™,27478,HellR4iser,100,2943,42,8
7866,SPG,JFA,M&C,148386,eveo,95,2897,79,26
7866,SPG,JFA,JFA,376991,MrsMojoMofo,100,2749,43,11
7866,SPG,JFA,JFK™,270517,rjkc4,100,2680,18,38
7866,SPG,JFA,Bird,1615339,sinisista,97,2388,32,17
7866,SPG,JFA,JFA,2015134,Zachjuv,87,2238,84,32
7866,SPG,JFA,JFA,1846075,Stretch,95,2110,38,26
7866,SPG,JFA,JFA,1617496,Intimidator,100,2095,33,39
7866,SPG,JFA,BS,2119592,imSkyler,35,2070,165,0
7866,SPG,JFA,JFA,1598712,Tekkis,89,1977,60,22
7866,SPG,JFA,JFK™,1518389,MimeFaceKiller,99,1932,26,19
7866,SPG,JFA,JFA,343124,M3G47HR0N,100,1908,20,47
7866,SPG,JFA,JFA,1632322,HTTR,98,1844,35,21
7866,SPG,JFA,JFA,262593,Flander,97,1833,18,24
7866,SPG,JFA,JFA,1185073,Sergeant_Major,92,1826,31,29
7866,SPG,JFA,M&C,442441,Minorpath,95,1750,35,14
7866,SPG,JFA,JFA,259767,Big_Rico,100,1732,19,24
7866,SPG,JFA,JFK™,74835,Aries21,100,1710,12,32
7866,SPG,JFA,M&C,1791283,Vinkuun,99,1550,30,22
7866,SPG,JFA,JFA,567927,Slashh,91,1508,29,28
7866,SPG,JFA,DKS,1935006,Chronasseur,80,1473,59,19
7866,SPG,JFA,JFK™,107946,BangNapi,97,1446,24,14
7866,SPG,JFA,JFA,1874922,JussiJernkuuk,90,1408,15,14
7866,SPG,JFA,JFA,1324651,Foesz,91,1351,21,0
7866,SPG,JFA,JFA,1966136,Armag3ddoN,83,1341,60,7
7866,SPG,JFA,JFA2,982382,Rhino,90,1277,37,15
7866,SPG,JFA,JFA,1573265,Shadowe1,96,1270,30,15
7866,SPG,JFA,JFA,663075,Adversary,100,1261,20,28
7866,SPG,JFA,HERO,464386,zorroxtreme,95,1236,32,12
7866,SPG,JFA,M&C,1534025,OneTwistedKid,91,1217,32,14
7866,SPG,JFA,JFA,585240,Cazio,83,1180,65,9
7866,SPG,JFA,MnC,1740703,Relayer,99,1165,21,24
7866,SPG,JFA,PT,900338,PopadaPill,83,1133,42,12
7866,SPG,JFA,JFA,1635353,Knuckles,89,1131,18,21
7866,SPG,JFA,JFA,1311397,wc_how,97,1023,14,22
7866,SPG,JFA,M&C,968180,Whaleter,96,998,31,3
7866,SPG,JFA,JFA,526512,Harris522,86,992,41,0
7866,SPG,JFA,JFA,1496632,Reagan,95,965,33,16
7866,SPG,JFA,JFA,573947,Punch_Drunk,92,959,19,7
7866,SPG,JFA,JFA,1558437,test90,91,957,15,8
7866,SPG,JFA,JFK™,7800,taktikz,100,955,16,5
7866,SPG,JFA,JFA,1321910,Ceberix,90,934,19,12
7866,SPG,JFA,PT,940584,ruler,100,902,6,10
7866,SPG,JFA,JFA,1580503,bloodbaine,91,881,16,7
7866,SPG,JFA,JFA,1512694,Donandres,95,857,16,22
7866,SPG,JFA,JFA,865822,-Ryan,89,847,22,17
7866,SPG,JFA,JFA,1392638,SparkyMarky,100,837,21,20
7866,SPG,JFA,JFA,1862952,Psychotica,98,826,17,12
7866,SPG,JFA,JFK™,390615,Aeroroot,100,810,7,5
7866,SPG,JFA,JFK™,78403,CHunger,100,734,8,5
7866,SPG,JFA,JFA,1414429,Slothex,100,734,18,11
7866,SPG,JFA,JFK™,471591,Andyman,100,722,8,0
7866,SPG,JFA,JFA,1913313,Snowball,90,721,21,0
7866,SPG,JFA,JFA,1613784,IN_COLD_BLOOD,85,680,31,14
7866,SPG,JFA,JFA,1904837,CapturerHulkmad,83,661,26,12
7866,SPG,JFA,JFA,496062,TED,90,610,23,6
7866,SPG,JFA,JFA,518314,RidgeRunner,100,589,10,7
7866,SPG,JFA,undefined,692571,TrAsH_FiSh,90,559,12,8
7866,SPG,JFA,R*1,1863998,ofgortens,96,544,15,11
7866,SPG,JFA,JFA,1869274,Dredd,93,531,15,15
7866,SPG,JFA,MnC,1643018,MagicDust,90,530,12,16
7866,SPG,JFA,M&C,1290526,G-STAR01,92,528,23,11
7866,SPG,JFA,PT,163143,Mentalist,99,527,6,7
7866,SPG,JFA,JFA,1870725,JimmyC,80,520,12,0
7866,SPG,JFA,JFA,220855,kardel,93,492,12,6
7866,SPG,JFA,MnC,1655708,Firefox,49,462,26,0
7866,SPG,JFA,JFK™,345050,CindyFury,100,446,3,6
7866,SPG,JFA,JFA,1461513,twak,99,443,11,12
7866,SPG,JFA,MnC,1530413,RD_,93,438,14,5
7866,SPG,JFA,PT,2046131,Sub,89,420,22,0
7866,SPG,JFA,JFA,995650,RowdyRedneck,81,411,22,2
7866,SPG,JFA,JFA,1875013,Knuff,81,411,13,6
7866,SPG,JFA,JFA,1577887,Droxi,99,399,4,3
7866,SPG,JFA,JFA,1795241,ZOMB13,89,398,11,4
7866,SPG,JFA,JFA,1536612,TheCanadianPunk,89,394,9,3
7866,SPG,JFA,JFK™,1577993,PMV,99,393,9,12
7866,SPG,JFA,JFA,1886958,blackacidblood,91,386,11,4
7866,SPG,JFA,MnC,49368,Denom,89,373,8,2
7866,SPG,JFA,~SA~,2081212,HiIdegarde,58,360,20,0
7866,SPG,JFA,JFA2,1629411,Kronos,81,345,13,14
7866,SPG,JFA,JFA,1598560,Ziusc,96,332,10,5
7866,SPG,JFA,undefined,1608221,MOBSTYLE,86,319,14,0
7866,SPG,JFA,JFK™,1854679,Daisy_Lynn,88,319,9,10
7866,SPG,JFA,M&C,144651,UNRIVALED,100,316,3,2
7866,SPG,JFA,JFK™,868334,Tiller,100,310,3,4
7866,SPG,JFA,MnC,1644935,anghel,99,307,8,6
7866,SPG,JFA,JFA,1869119,prehensile,93,289,6,7
7866,SPG,JFA,JFA,1583141,ArticFz,91,278,6,6
7866,SPG,JFA,JFK™,1513594,Legend,95,273,10,7
7866,SPG,JFA, JFR,1640970,forgey,89,272,7,4
7866,SPG,JFA,JFA2,2003693,Hcom3,76,270,10,0
7866,SPG,JFA,M&C,1841988,razzaonpc,99,268,8,2
7866,SPG,JFA,[ÐA],502675,ColdSystem,94,260,9,8
7866,SPG,JFA,JFA2,1522242,Cherreh,60,244,15,0
7866,SPG,JFA,JFA,1563953,DieHardGunner,90,235,8,14
7866,SPG,JFA,JFA,866181,Deansrule,80,214,4,3
7866,SPG,JFA,PT,1682299,EmperorGarm,90,210,4,4
7866,SPG,JFA,JFK™,424998,UBIK,100,197,1,0
7866,SPG,JFA,JFA,1183749,Baka,100,196,2,4
7866,SPG,JFA,undefined,477423,-SK-,92,186,6,2
7866,SPG,JFA,JFA,358730,Abrams,99,185,4,2
7866,SPG,JFA,JFA,254727,four,95,178,5,4
7866,SPG,JFA,Bird,986228,Eclipse,93,176,5,5
7866,SPG,JFA,MnC,1771931,mikk,80,159,5,0
7866,SPG,JFA,JFA,1866260,-prodigy-,86,156,4,3
7866,SPG,JFA,JFK™,194889,Paige,81,153,10,1
7866,SPG,JFA,JFK™,1532667,Apnea,53,152,7,0
7866,SPG,JFA,JFA,1821671,Otter,86,130,6,3
7866,SPG,JFA,JFK™,988807,HairyHarry,89,116,3,3
7866,SPG,JFA,BS,2065017,SporkMonkey,50,110,3,0
7866,SPG,JFA,BS,2077507,WalkingTarget,84,109,8,0
7866,SPG,JFA,JFA,1952447,EKO-Cobra,75,107,5,1
7866,SPG,JFA,PT,1965595,MilkMommy,88,93,6,0
7866,SPG,JFA,R²,2140083,Tryk,43,88,5,0
7866,SPG,JFA,JFA,1009309,yawzaw,84,81,3,0
7866,SPG,JFA,JFA,1875132,Karen,85,77,2,0
7866,SPG,JFA,JFK™,1568669,Boxer,100,75,1,0
7866,SPG,JFA,JFA2,2149351,Lilypop,32,71,4,0
7866,SPG,JFA,MnC,541741,N4TH4N,69,70,2,0
7866,SPG,JFA,MnC,2003412,Vikenstein,63,60,6,0
7866,SPG,JFA,MnC,1586263,EzraRaihan,56,58,3,1
7866,SPG,JFA,PT,2023175,-Cahaya-,48,55,2,0
7866,SPG,JFA, JFR,1778428,Fox,90,54,2,0
7866,SPG,JFA,M&C,1622867,Lil_Grim_Reaper,96,48,1,1
7866,SPG,JFA,M&C,1318799,NightWing,72,47,2,0
7866,SPG,JFA,undefined,1598729,realistassasin,54,42,3,0
7866,SPG,JFA,JFK™,1455047,Stagger_Lee,91,35,2,2
7866,SPG,JFA,PT,1613023,Broly,16,34,3,1
7866,SPG,JFA,JFA2,1138025,Antastic,50,25,2,0
7866,SPG,JFA,JFA,315389,Spliffy,84,20,1,0
7866,SPG,JFA,MnC,2016736,Dutchie,73,18,1,0
7866,SPG,JFA,undefined,1649392,TheChechen,81,14,1,1
7866,SPG,JFA,MnC,2063435,Abdullah,73,12,1,0
7866,SPG,JFA,MnC,1927463,sharx,88,0,1,0