7807,JRC,Chain Reaction,FTW,99177,BodyBagger,100,84615,1,72
7807,JRC,Chain Reaction,R*1,302973,lonewolf,100,56867,11,41
7807,JRC,Chain Reaction,R*1,1523811,GoldenFeel,99,55530,17,3
7807,JRC,Chain Reaction,R*1,1785428,Td3h,99,49125,9,61
7807,JRC,Chain Reaction,C.R,1879587,Proxima,100,48519,103,66
7807,JRC,Chain Reaction,R*1,900534,Dekloren,100,46126,39,61
7807,JRC,Chain Reaction,FTW,108922,HT-Supermikk,100,45263,25,42
7807,JRC,Chain Reaction,R*1,1034523,Tezwar,100,44300,23,64
7807,JRC,Chain Reaction,C.R,77011,DFC,100,43949,49,43
7807,JRC,Chain Reaction,FTW,176898,SaliD,100,43090,20,45
7807,JRC,Chain Reaction,C.R,1915023,CrazedOne,99,42642,60,54
7807,JRC,Chain Reaction,R*1,442254,Montana,100,42261,14,45
7807,JRC,Chain Reaction,~SA~,482424,Nabisco,94,42232,37,67
7807,JRC,Chain Reaction,undefined,89581,Htr,100,42001,49,35
7807,JRC,Chain Reaction,~WP~,1317237,Touch,100,41673,43,43
7807,JRC,Chain Reaction,FTW,1815556,Nesa,100,41637,44,46
7807,JRC,Chain Reaction,R*1,1109901,ZaumonL,95,40976,20,61
7807,JRC,Chain Reaction,FTW,2050558,Hildegarde,100,38306,13,60
7807,JRC,Chain Reaction,~SA~,226888,snap,100,37492,55,25
7807,JRC,Chain Reaction,C.R,1288134,Browe,99,34389,121,31
7807,JRC,Chain Reaction,R*1,748022,Kookaburra,100,31669,6,18
7807,JRC,Chain Reaction,R*1,1825532,Alexstrasza,100,30730,6,41
7807,JRC,Chain Reaction,C.R,202258,piney,100,27079,34,30
7807,JRC,Chain Reaction,C.R,209070,Tascon,100,25800,14,6
7807,JRC,Chain Reaction,~WP~,1716970,loveu2,94,25651,126,18
7807,JRC,Chain Reaction,C.R,1352251,ChristmasBazaar,100,25167,20,34
7807,JRC,Chain Reaction,FTW,1337627,Afwas,100,23749,15,47
7807,JRC,Chain Reaction,R*1,1953860,RGiskard,100,23079,5,14
7807,JRC,Chain Reaction,39th,730674,Vernunzio,99,22628,20,24
7807,JRC,Chain Reaction,C.R,590839,-BC-Pagee,100,22303,22,26
7807,JRC,Chain Reaction,C.R,125079,No-Stress,99,20174,27,11
7807,JRC,Chain Reaction,C.R,1579270,PsycWard,91,18343,162,15
7807,JRC,Chain Reaction,~WP~,1554256,DoinYaMom,98,15139,60,20
7807,JRC,Chain Reaction,C.R,450820,Hydra,95,14845,39,16
7807,JRC,Chain Reaction,C.R,1265909,TGA_DeViL,95,14211,87,32
7807,JRC,Chain Reaction,~SA~,131289,Mia,99,14100,25,27
7807,JRC,Chain Reaction,~SA~,1285682,J-C,36,14011,65,8
7807,JRC,Chain Reaction,C.R,1697426,BrewDog,100,13651,16,27
7807,JRC,Chain Reaction,C.R,1525609,RefleX_,98,12954,38,40
7807,JRC,Chain Reaction,C.R,1914682,-DEL-,93,11686,75,20
7807,JRC,Chain Reaction,C.R,1958969,Mania,90,11026,89,15
7807,JRC,Chain Reaction,~SA~,332505,Midknight,100,10336,10,39
7807,JRC,Chain Reaction,R*1,1510489,TheHoneyBadger,93,8606,22,34
7807,JRC,Chain Reaction,C.R,1712182,Muttley,86,8582,66,3
7807,JRC,Chain Reaction,C.R,1884314,MeanMike,95,8191,72,13
7807,JRC,Chain Reaction,FTW,1033180,JS_Rep,95,8148,44,8
7807,JRC,Chain Reaction,C.R,2011902,CrimsonXray,89,8115,98,25
7807,JRC,Chain Reaction,C.R,1763067,Somebody,86,6988,91,32
7807,JRC,Chain Reaction,C.R,1899531,zaje,88,6734,83,20
7807,JRC,Chain Reaction,undefined,1992238,Ultrareign,95,6579,41,48
7807,JRC,Chain Reaction,~SA~,272331,Dave,96,6427,9,13
7807,JRC,Chain Reaction,~WP~,2003190,kittenaround,85,6148,118,30
7807,JRC,Chain Reaction,C.R,1446761,frostedclaws,90,5989,56,19
7807,JRC,Chain Reaction,~SA~,31567,NaX,97,5489,14,8
7807,JRC,Chain Reaction,FTW,1455847,Para,100,5403,4,5
7807,JRC,Chain Reaction,C.R,1967379,Tyrion,85,5136,97,25
7807,JRC,Chain Reaction,39th,23890,Tyler,90,5132,28,10
7807,JRC,Chain Reaction,C.R,750078,Captive,92,5074,41,21
7807,JRC,Chain Reaction,C.R,871983,YOUROWNER,95,5009,19,10
7807,JRC,Chain Reaction,C.R,1977742,NOLAW,86,4821,72,20
7807,JRC,Chain Reaction,C.R,2019440,Nefarious_,87,4720,53,15
7807,JRC,Chain Reaction,C.R,424299,WindDancer,92,4682,18,11
7807,JRC,Chain Reaction,C.R,1339003,Perioda,91,4480,42,6
7807,JRC,Chain Reaction,C.R,1648788,_7_,94,4273,26,1
7807,JRC,Chain Reaction,~WP~,1978428,Yautja,83,4247,26,4
7807,JRC,Chain Reaction,C.R,12469,Tygra,91,4136,33,3
7807,JRC,Chain Reaction,C.R,2042332,jjinn,84,3990,74,18
7807,JRC,Chain Reaction,C.R,428286,AlleyCat,100,3825,6,19
7807,JRC,Chain Reaction,C.R,1420465,Mujera,82,3820,82,14
7807,JRC,Chain Reaction,IA,1456558,-CaptainAmerica,99,3749,15,10
7807,JRC,Chain Reaction,C.R,1491264,Aldous_Snow,91,3672,9,9
7807,JRC,Chain Reaction,C.R,2013640,Johnny_G,90,3649,36,0
7807,JRC,Chain Reaction,C.R,1921594,Norm,90,3542,41,20
7807,JRC,Chain Reaction,C.R,1982831,VinnyCarwash,89,3242,75,21
7807,JRC,Chain Reaction,C.R,1988609,Dralcon,81,3134,51,2
7807,JRC,Chain Reaction,C.R,88656,the_gunners2004,88,3009,27,0
7807,JRC,Chain Reaction,C.R,1015037,TEEJ,97,2898,12,13
7807,JRC,Chain Reaction,C.R,1918071,DeusVorpal,80,2852,45,8
7807,JRC,Chain Reaction,C.R,249471,Decisive_Fire,90,2831,51,2
7807,JRC,Chain Reaction,C.R,1010587,myshoeshurt,100,2784,17,2
7807,JRC,Chain Reaction,C.R,1667842,Jokur,94,2761,33,14
7807,JRC,Chain Reaction,C.R,1996277,Metaldog,80,2393,38,2
7807,JRC,Chain Reaction,R*1,1970958,Echo,89,2358,45,5
7807,JRC,Chain Reaction,C.R,448404,ChaosCat,93,2305,13,2
7807,JRC,Chain Reaction,C.R,972654,Jacob,96,2247,11,15
7807,JRC,Chain Reaction,C.R,388263,iLL0GiCaLL0GiC,87,2243,24,6
7807,JRC,Chain Reaction,TNL,2015160,HDS_Andrew616,90,2203,34,13
7807,JRC,Chain Reaction,C.R,2001661,DrunkPunk,83,2067,41,1
7807,JRC,Chain Reaction,C.R,1805217,Devoid,84,1983,30,10
7807,JRC,Chain Reaction,IBB,1530574,Lily,92,1975,10,1
7807,JRC,Chain Reaction,39th,2046748,Digger67,50,1924,35,5
7807,JRC,Chain Reaction,C.R,1701390,Master3z,92,1904,10,3
7807,JRC,Chain Reaction,C.R,439035,BullsCry,90,1659,10,12
7807,JRC,Chain Reaction,C.R,496570,hustl3r,93,1623,6,15
7807,JRC,Chain Reaction,FTW,1057741,wolvie,90,1580,16,10
7807,JRC,Chain Reaction,~SA~,1639350,Rockem,92,1530,6,6
7807,JRC,Chain Reaction,C.R,361121,Breadfan,95,1414,4,17
7807,JRC,Chain Reaction,C.R,872103,Scampi,100,1288,1,1
7807,JRC,Chain Reaction,C.R,674660,Gogeta_SSJ4,85,1285,18,13
7807,JRC,Chain Reaction,C.R,1857028,CerealKillaKyle,93,1262,12,7
7807,JRC,Chain Reaction,C.R,1416950,Love_Muffin,78,1171,36,1
7807,JRC,Chain Reaction,C.R,2036550,punchin,83,1149,14,0
7807,JRC,Chain Reaction,C.R,1865243,IamIke,79,1097,16,1
7807,JRC,Chain Reaction,~WP~,1885249,Tinybubble,90,1034,13,5
7807,JRC,Chain Reaction,C.R,575512,shwibbing,80,943,13,13
7807,JRC,Chain Reaction,~SA~,487917,herself,91,923,5,1
7807,JRC,Chain Reaction,C.R,460247,Hippopotamus,95,876,4,4
7807,JRC,Chain Reaction,C.R,942591,MaxMekker,95,872,2,5
7807,JRC,Chain Reaction,C.R,1920851,0tt3r,83,841,24,8
7807,JRC,Chain Reaction,39th,1773750,makeway,83,588,8,7
7807,JRC,Chain Reaction,C.R,512975,Scuba,90,577,7,5
7807,JRC,Chain Reaction,C.R,1907489,Tramadol,84,564,11,5
7807,JRC,Chain Reaction,C.R,2001304,RealityShift,86,478,9,5
7807,JRC,Chain Reaction,C.R,1998312,MrLovePants,86,469,9,2
7807,JRC,Chain Reaction,C.R,1992055,JoeSomethin,73,445,4,0
7807,JRC,Chain Reaction,C.R,2021279,Raynie_,84,373,7,3
7807,JRC,Chain Reaction,C.R,1959944,NoGood,82,310,8,0
7807,JRC,Chain Reaction,FTW,4309,Buzz,95,241,1,3
7807,JRC,Chain Reaction,C.R,360957,CaptainBiceps,99,109,1,2
7807,JRC,Chain Reaction,FTW,915279,glados,98,22,1,1
7807,JRC,JFA,JFA,627688,MOJOMOFO,100,44126,35,11
7807,JRC,JFA,Bird,979003,deft,100,43725,96,60
7807,JRC,JFA,JFA,1321910,Ceberix,90,35300,12,3
7807,JRC,JFA,JFA,1461513,twak,99,35177,23,31
7807,JRC,JFA,JFA,343124,M3G47HR0N,100,35007,15,29
7807,JRC,JFA,JFA,1517799,Penicillin,100,33673,27,74
7807,JRC,JFA,JFA,1324651,Foesz,91,31798,49,0
7807,JRC,JFA,JFA,1598712,Tekkis,89,31500,44,8
7807,JRC,JFA,JFA,1899758,Stente,84,29245,18,13
7807,JRC,JFA,JFA,1598560,Ziusc,96,27820,92,29
7807,JRC,JFA,JFA,1009309,yawzaw,84,25481,6,0
7807,JRC,JFA,undefined,1185073,Sergeant_Major,92,25305,28,17
7807,JRC,JFA,JFA,376991,MrsMojoMofo,100,21796,26,6
7807,JRC,JFA,JFA,687643,Vicarious,99,19901,111,70
7807,JRC,JFA,JFA,1874922,JussiJernkuuk,90,19693,17,10
7807,JRC,JFA,JFK™,1465084,Subah,99,18020,49,38
7807,JRC,JFA,JFA,1966136,Armag3ddoN,83,17952,29,1
7807,JRC,JFA,JFK™,247674,Z_junior,100,17565,3,23
7807,JRC,JFA,JFA,866181,Deansrule,80,17133,20,5
7807,JRC,JFA,JFA,1913313,Snowball,90,15783,4,0
7807,JRC,JFA,JFA,663075,Adversary,100,15390,37,38
7807,JRC,JFA,JFK™,78403,CHunger,100,15017,14,5
7807,JRC,JFA,JFA,1617496,Intimidator,100,14760,23,45
7807,JRC,JFA,JFA,1846075,Stretch,95,14311,63,31
7807,JRC,JFA,DKS,1935006,Chronasseur,80,14276,67,12
7807,JRC,JFA,JFA,1580503,bloodbaine,91,13292,22,9
7807,JRC,JFA,JFK™,1187920,XIII,98,13207,74,32
7807,JRC,JFA,JFA,1558437,test90,91,13184,11,7
7807,JRC,JFA,Bird,986228,Eclipse,93,12554,10,5
7807,JRC,JFA,JFA,793214,Deebo,91,11832,10,0
7807,JRC,JFA,JFA,1795241,ZOMB13,89,11735,14,2
7807,JRC,JFA,JFA2,1521418,Super88,81,11577,1,0
7807,JRC,JFA,JFA,518314,RidgeRunner,100,11048,15,6
7807,JRC,JFA,JFA,585240,Cazio,83,10927,12,6
7807,JRC,JFA,JFA,865822,-Ryan,89,10757,23,16
7807,JRC,JFA,JFA,567927,Slashh,91,10718,2,0
7807,JRC,JFA,JFK™,59922,DrGonzo,100,10706,1,10
7807,JRC,JFA,JFA,1124215,__monk__,94,10669,3,0
7807,JRC,JFA,JFA,1496632,Reagan,95,10136,54,19
7807,JRC,JFA,JFK™,553318,mug,100,9970,33,34
7807,JRC,JFA,undefined,692571,TrAsH_FiSh,90,9438,69,27
7807,JRC,JFA,JFA,1862952,Psychotica,98,9311,43,16
7807,JRC,JFA,JFA,1875132,Karen,85,9101,40,15
7807,JRC,JFA,JFA2,1622585,Shit,47,7973,21,0
7807,JRC,JFA,JFK™,180202,SenSational,100,7126,43,41
7807,JRC,JFA,JFA,1512694,Donandres,95,6655,11,11
7807,JRC,JFA,JFA,2015134,Zachjuv,87,6463,155,41
7807,JRC,JFA,JFA,119434,Clifford,91,6209,7,0
7807,JRC,JFA,JFA,358730,Abrams,99,5813,3,1
7807,JRC,JFA,undefined,1608221,MOBSTYLE,86,5778,80,9
7807,JRC,JFA,JFA,1591396,Blaze,100,5709,61,55
7807,JRC,JFA,JFA,496062,TED,90,5609,36,2
7807,JRC,JFA,JFA,259767,Big_Rico,100,5192,22,30
7807,JRC,JFA,BS,2119592,imSkyler,35,5057,170,0
7807,JRC,JFA,JFK™,206758,Thief,100,4948,56,45
7807,JRC,JFA,JFA,1904837,CapturerHulkmad,83,4523,15,2
7807,JRC,JFA,JFK™,922212,Bullzeye,100,4387,46,43
7807,JRC,JFA,JFA2,1890233,Overatzez,79,4365,4,0
7807,JRC,JFA,JFA,262593,Flander,97,4316,12,10
7807,JRC,JFA,JFA,1392638,SparkyMarky,100,4119,24,23
7807,JRC,JFA,JFK™,1570883,Nova,100,3931,68,53
7807,JRC,JFA,JFK™,1939283,Saberwulf,75,3731,8,0
7807,JRC,JFA,undefined,1956200,RedHeadAssassin,71,3581,3,0
7807,JRC,JFA,JFA,1875013,Knuff,81,3553,39,7
7807,JRC,JFA,JFA,1183749,Baka,100,3537,10,11
7807,JRC,JFA,JFA,1632322,HTTR,98,3516,33,12
7807,JRC,JFA,JFK™,27478,HellR4iser,100,3511,26,5
7807,JRC,JFA,undefined,693575,ImWoman,88,3410,68,8
7807,JRC,JFA,JFK™,380980,Sky,100,3404,20,13
7807,JRC,JFA,2.1,1637653,Apo,95,3400,33,74
7807,JRC,JFA,JFK™,270517,rjkc4,100,3322,14,16
7807,JRC,JFA,[ÐA],996668,The-Evil-Monkey,100,3250,13,6
7807,JRC,JFA,JFA,1573265,Shadowe1,96,3189,22,20
7807,JRC,JFA,M&C,1307523,Drieke,100,3049,14,26
7807,JRC,JFA,M&C,1556113,Goggeli,100,3039,15,6
7807,JRC,JFA,JFK™,1568669,Boxer,100,2943,12,16
7807,JRC,JFA,JFK™,345050,CindyFury,100,2654,18,73
7807,JRC,JFA,Rose,751434,The_Gimp,81,2601,1,0
7807,JRC,JFA,M&C,1290526,G-STAR01,92,2456,31,11
7807,JRC,JFA,39th,1381769,Dexter,100,2235,4,2
7807,JRC,JFA,JFA2,2165616,hemi,35,2233,30,0
7807,JRC,JFA,JFK™,1854679,Daisy_Lynn,88,2177,49,31
7807,JRC,JFA,JFA2,1202310,Greg_The_Bunny,40,2128,4,0
7807,JRC,JFA,JFK™,1577993,PMV,99,2065,16,12
7807,JRC,JFA,JFA2,2136731,AnnieGwish,45,2030,102,0
7807,JRC,JFA,JFA,1414429,Slothex,100,1947,23,24
7807,JRC,JFA,Bird,1615339,sinisista,97,1945,26,16
7807,JRC,JFA,JFK™,74835,Aries21,100,1933,11,12
7807,JRC,JFA,JFA,1583141,ArticFz,91,1922,6,5
7807,JRC,JFA,JFK™,1518389,MimeFaceKiller,99,1867,21,17
7807,JRC,JFA,JFK™,988807,HairyHarry,89,1820,37,12
7807,JRC,JFA,JFA,1952447,EKO-Cobra,75,1791,81,8
7807,JRC,JFA,JFA,1821671,Otter,86,1743,57,7
7807,JRC,JFA,MnC,1644935,anghel,99,1722,8,9
7807,JRC,JFA,JFA,1870725,JimmyC,80,1717,18,0
7807,JRC,JFA,M&C,1857498,Admiral-Ol,45,1714,76,0
7807,JRC,JFA,M&C,560161,DiamondAce,100,1691,11,3
7807,JRC,JFA,JFA,220855,kardel,93,1556,13,4
7807,JRC,JFA,JFA,1866260,-prodigy-,86,1531,13,6
7807,JRC,JFA,JFA,1577887,Droxi,99,1484,10,6
7807,JRC,JFA,JFA,254727,four,95,1484,21,15
7807,JRC,JFA,JFA2,982382,Rhino,90,1479,29,17
7807,JRC,JFA,JFA,1563953,DieHardGunner,90,1473,14,22
7807,JRC,JFA,JFA2,1903685,Scamlife,79,1442,2,0
7807,JRC,JFA,JFA,995650,RowdyRedneck,81,1440,8,1
7807,JRC,JFA,JFA,1311397,wc_how,97,1428,8,10
7807,JRC,JFA,BSG,2085307,Venomancer,70,1372,12,0
7807,JRC,JFA,PT,997655,evilf9,99,1361,11,4
7807,JRC,JFA,JFK™,1740703,Relayer,99,1348,10,9
7807,JRC,JFA,undefined,1827148,Shorty,90,1344,2,0
7807,JRC,JFA,M&C,148386,eveo,95,1273,29,11
7807,JRC,JFA,JFA,1635353,Knuckles,89,1272,16,25
7807,JRC,JFA,BS,1562784,bblake17,93,1211,6,3
7807,JRC,JFA,JFK™,442441,Minorpath,95,1209,23,17
7807,JRC,JFA,JFA2,2016266,Sliceofpi,70,1200,57,0
7807,JRC,JFA,BS,52696,Staphylococcus,87,1162,23,6
7807,JRC,JFA,M&C,1791283,Vinkuun,99,1138,16,6
7807,JRC,JFA,PT,174660,MaLaB,99,1012,14,10
7807,JRC,JFA,JFA,1536612,TheCanadianPunk,89,1009,10,4
7807,JRC,JFA,PT,2097532,DeathFoundry,67,1006,50,0
7807,JRC,JFA,JFK™,7800,taktikz,100,1005,14,9
7807,JRC,JFA,JFK™,107946,BangNapi,97,981,13,14
7807,JRC,JFA,JFA,1886958,blackacidblood,91,967,15,6
7807,JRC,JFA,JFA,1869119,prehensile,93,935,11,6
7807,JRC,JFA,undefined,1649392,TheChechen,81,912,28,11
7807,JRC,JFA,JFA2,1522242,Cherreh,60,905,23,0
7807,JRC,JFA,,767572,pilsner,96,904,25,2
7807,JRC,JFA,MnC,1586263,EzraRaihan,56,872,18,1
7807,JRC,JFA,MnC,1792674,Robozookie,91,864,16,6
7807,JRC,JFA,M&C,1534025,OneTwistedKid,91,827,18,12
7807,JRC,JFA,JFA,1356715,Shagrath,98,813,1,0
7807,JRC,JFA,undefined,900338,PopadaPill,83,795,35,7
7807,JRC,JFA,undefined,1405520,gfK,91,763,1,0
7807,JRC,JFA,[ÐA],502675,ColdSystem,94,743,10,9
7807,JRC,JFA,JFA2,2149351,Lilypop,32,736,4,0
7807,JRC,JFA,JFA,1933955,John,88,719,1,0
7807,JRC,JFA,undefined,1266413,Schizophrenic--,50,709,26,0
7807,JRC,JFA,PT,1778539,Milutin_K,76,708,25,5
7807,JRC,JFA,JFK™,471591,Andyman,100,706,6,2
7807,JRC,JFA,undefined,1868280,Rayne,80,705,16,1
7807,JRC,JFA,JFA,1613784,IN_COLD_BLOOD,85,617,16,12
7807,JRC,JFA,JFA2,2157516,AlexSosa,28,616,7,0
7807,JRC,JFA,JFA2,2003693,Hcom3,76,605,25,0
7807,JRC,JFA,MnC,2058388,Ginth,58,604,20,0
7807,JRC,JFA,MnC,1655708,Firefox,49,583,31,0
7807,JRC,JFA,BS,1563099,Mekare,50,563,5,0
7807,JRC,JFA,JFA2,2185405,Tiksu,20,556,24,0
7807,JRC,JFA,PT,1613023,Broly,16,552,12,3
7807,JRC,JFA,PT,1476472,paddybhoy1,85,533,14,6
7807,JRC,JFA,undefined,1841988,razzaonpc,99,518,15,5
7807,JRC,JFA,MnC,1720019,Toottoo,91,506,7,1
7807,JRC,JFA,KMA,2185985,JonnyCase,25,496,20,0
7807,JRC,JFA,39th,1948134,Sharivan,57,442,19,6
7807,JRC,JFA,PT,954364,ENO,92,436,3,0
7807,JRC,JFA,BS,2077507,WalkingTarget,84,432,14,1
7807,JRC,JFA,PT,1044317,misanthrope,65,420,26,0
7807,JRC,JFA,undefined,71545,RonBurgundy,91,414,7,4
7807,JRC,JFA,JFA,573947,Punch_Drunk,92,410,8,6
7807,JRC,JFA,JFA,1869274,Dredd,93,408,6,1
7807,JRC,JFA,M&C,1030698,Graphite,98,362,9,8
7807,JRC,JFA,JFA2,2052982,Frej,50,357,17,0
7807,JRC,JFA,R²,2140083,Tryk,43,325,14,0
7807,JRC,JFA,M&C,1074856,Sarah01,91,317,8,1
7807,JRC,JFA,JFA2,1629411,Kronos,81,305,11,8
7807,JRC,JFA,MnC,1161029,slayer97,84,293,5,1
7807,JRC,JFA,PT,2100546,Legaci,60,265,17,0
7807,JRC,JFA,P,390936,Skipper,85,260,8,1
7807,JRC,JFA,JFA2,2094582,Ara,66,259,15,0
7807,JRC,JFA,JFA2,862128,uber_n00b,74,259,5,1
7807,JRC,JFA,Bird,1846174,Vshack,93,234,6,5
7807,JRC,JFA,JFA2,1619658,_DBCooper_,75,214,3,0
7807,JRC,JFA,PT,2104143,Smartaq,31,209,14,0
7807,JRC,JFA,MnC,2016736,Dutchie,73,205,10,0
7807,JRC,JFA,JFA2,315389,Spliffy,84,203,5,3
7807,JRC,JFA,PT,2106420,Rema_,31,201,8,0
7807,JRC,JFA,JFA2,2088627,Capgros,61,187,11,0
7807,JRC,JFA,BS,2052302,jukka,58,185,7,3
7807,JRC,JFA,JFA,1863998,ofgortens,96,177,4,1
7807,JRC,JFA,JFA,526512,Harris522,86,161,8,0
7807,JRC,JFA,MnC,2038846,sawfish,77,140,4,0
7807,JRC,JFA,JFA2,2075642,DekIoren,67,137,7,0
7807,JRC,JFA,PT,2023175,-Cahaya-,48,129,8,0
7807,JRC,JFA,MnC,1530413,RD_,93,122,1,2
7807,JRC,JFA,PT,42111,Beer_Bear,96,112,1,1
7807,JRC,JFA,2.1,1598729,realistassasin,53,109,5,0
7807,JRC,JFA,PT,2234445,-Jay-,15,109,4,0
7807,JRC,JFA,M&C,2063435,Abdullah,73,102,5,1
7807,JRC,JFA,MnC,1356670,speirsington,87,101,1,0
7807,JRC,JFA,PT,2046131,Sub,89,101,4,0
7807,JRC,JFA,ELTI,2224287,Popp,17,95,3,0
7807,JRC,JFA,MnC,2026909,Vybz_Kartel,56,90,11,0
7807,JRC,JFA,JFA,980873,Turtlobenzene,90,82,2,3
7807,JRC,JFA,MnC,2049890,Siguin96,60,81,3,0
7807,JRC,JFA,MnC,1833667,azde,55,79,6,0
7807,JRC,JFA,~U~,2153605,lPez,44,75,3,0
7807,JRC,JFA,MnC,2003412,Vikenstein,63,73,9,0
7807,JRC,JFA,PT,2088902,Wevie,32,70,5,0
7807,JRC,JFA,M&C,1300665,Savoie,92,70,2,1
7807,JRC,JFA,JFA2,2045029,Val_Venis,66,56,2,0
7807,JRC,JFA,JFA2,2014039,Canopy_Growth,65,51,3,0
7807,JRC,JFA,PT,532553,Asuran,31,33,8,0
7807,JRC,JFA,BS,1640904,Rchkeir,60,23,1,0
7807,JRC,JFA,JFA2,2097185,Shinsengumi,26,22,1,0
7807,JRC,JFA,HB2,2156627,Redfella,35,21,1,0
7807,JRC,JFA,JFK™,1532667,Apnea,53,17,1,0
7807,JRC,JFA,JFA2,1164669,AuditoreEzio,58,11,1,0
7807,JRC,JFA,M&C,1318799,NightWing,72,5,1,0
7807,JRC,JFA,undefined,1963826,Mundeer,47,2,3,0

7811,MBE,Mentos and Cola,MnC,1669064,H3llscr3am,95,73345,4,5
7811,MBE,Mentos and Cola,MnC,320064,boxman,77,73295,4,8
7811,MBE,Mentos and Cola,MnC,902478,Neo_Wells,80,68904,9,2
7811,MBE,Mentos and Cola,JFK™,221113,xMrPink,92,60948,2,7
7811,MBE,Mentos and Cola,MnC,1499158,breezymyneezy,70,60394,17,34
7811,MBE,Mentos and Cola,MnC,1703824,LoneGunman,95,52564,4,6
7811,MBE,Mentos and Cola,M&C,3403,DarK_PheoniX,80,50293,2,14
7811,MBE,Mentos and Cola,MnC,1927463,sharx,88,47436,9,1
7811,MBE,Mentos and Cola,MnC,1530413,RD_,93,46934,2,4
7811,MBE,Mentos and Cola,MnC,1582143,-FC-,39,45470,4,2
7811,MBE,Mentos and Cola,MnC,1161029,slayer97,84,45236,7,6
7811,MBE,Mentos and Cola,MnC,1700033,1dardardar1,83,43070,4,5
7811,MBE,Mentos and Cola,MnC,1720019,Toottoo,91,42944,4,3
7811,MBE,Mentos and Cola,MnC,202437,Oxside,91,35935,3,0
7811,MBE,Mentos and Cola,MnC,2016736,Dutchie,73,35836,3,0
7811,MBE,Mentos and Cola,MnC,420044,pingkings,26,35522,4,0
7811,MBE,Mentos and Cola,MnC,1188181,Carl,85,34531,8,4
7811,MBE,Mentos and Cola,MnC,1612389,Gerhalt,91,34099,3,3
7811,MBE,Mentos and Cola,MnC,1644935,anghel,99,31440,3,2
7811,MBE,Mentos and Cola,MnC,1872227,TheMightyThor,50,29663,5,3
7811,MBE,Mentos and Cola,MnC,1586263,EzraRaihan,56,27861,3,2
7811,MBE,Mentos and Cola,MnC,865555,Mega_Mindy,45,27295,6,3
7811,MBE,Mentos and Cola,MnC,1778268,Quan,79,26496,2,0
7811,MBE,Mentos and Cola,MnC,423015,Moguai,99,26245,2,0
7811,MBE,Mentos and Cola,MnC,224402,TopDawg,52,25615,2,0
7811,MBE,Mentos and Cola,MnC,2058388,Ginth,58,24635,9,1
7811,MBE,Mentos and Cola,M&C,75827,Kati,91,23159,4,1
7811,MBE,Mentos and Cola,M&C,74099,ttyper,100,21008,5,3
7811,MBE,Mentos and Cola,MnC,448041,Duncan_Idaho,96,20785,1,1
7811,MBE,Mentos and Cola,MnC,1315537,ItalianStallion,90,19734,1,0
7811,MBE,Mentos and Cola,MnC,1620580,BurningWinters,69,18487,1,0
7811,MBE,Mentos and Cola,MnC,1338194,lukemaster,93,18076,2,0
7811,MBE,Mentos and Cola,M&C,2063435,Abdullah,73,17894,5,1
7811,MBE,Mentos and Cola,MnC,1568978,ZzAsh92zZ,85,17314,2,1
7811,MBE,Mentos and Cola,MnC,2150095,Madfox,31,14245,7,2
7811,MBE,Mentos and Cola,MnC,541741,N4TH4N,69,14064,3,0
7811,MBE,Mentos and Cola,MnC,280289,mrrip,76,13516,3,1
7811,MBE,Mentos and Cola,MnC,1833667,azde,55,13516,5,0
7811,MBE,Mentos and Cola,MnC,1832047,Nightblader,79,13241,5,5
7811,MBE,Mentos and Cola,MnC,1958465,Jyu_Viole_Grace,75,13165,1,2
7811,MBE,Mentos and Cola,MnC,1858955,Chadwick369,61,11756,7,4
7811,MBE,Mentos and Cola,P,390936,Skipper,85,11622,3,4
7811,MBE,Mentos and Cola,MnC,759678,_Qwerty_,83,11582,3,5
7811,MBE,Mentos and Cola,MnC,1655708,Firefox,49,11165,14,10
7811,MBE,Mentos and Cola,MnC,247677,Simpsons,69,10833,1,0
7811,MBE,Mentos and Cola,undefined,634051,FauxPas,72,10624,1,3
7811,MBE,Mentos and Cola,MnC,2038846,sawfish,77,8615,3,1
7811,MBE,Mentos and Cola,MnC,1668100,Xuthas,60,8205,4,2
7811,MBE,Mentos and Cola,MnC,2043119,hoju,63,8122,6,3
7811,MBE,Mentos and Cola,MnC,2026909,Vybz_Kartel,56,5571,6,0
7811,MBE,Mentos and Cola,M&C,1857498,Admiral-Ol,45,5230,4,2
7811,MBE,Mentos and Cola,LS,2024220,lostabit,55,5190,2,1
7811,MBE,Mentos and Cola,MnC,2029854,Noir_et_fier,73,4890,5,35
7811,MBE,Mentos and Cola,MnC,2100735,xedx,50,4852,6,0
7811,MBE,Mentos and Cola,MnC,1957485,Alinon,62,4331,2,0
7811,MBE,Mentos and Cola,MnC,720502,7NiNe2SiX,65,3604,3,0
7811,MBE,Mentos and Cola,MnC,623223,BnNSpirit,55,3006,2,0
7811,MBE,Mentos and Cola,2.1,1598729,realistassasin,53,2943,2,1
7811,MBE,Mentos and Cola,MnC,1865083,AmonCyn,40,2374,2,0
7811,MBE,Mentos and Cola,MnC,1792674,Robozookie,91,2349,1,2
7811,MBE,Mentos and Cola,MnC,1459358,Jekar,89,1743,1,0
7811,MBE,Mentos and Cola,MnC,1485296,-Alica,74,1507,2,1
7811,MBE,Mentos and Cola,MnC,272283,Slavi_w,85,1440,3,0
7811,MBE,Mentos and Cola,PT,2106420,Rema_,31,1246,1,0
7811,MBE,Mentos and Cola,MnC,1771931,mikk,80,1157,2,2
7811,MBE,Mentos and Cola,NUKE,36875,AzTeCsCaRfAcE,90,1089,1,1
7811,MBE,Mentos and Cola,MnC,2095135,Eleanito,45,1032,1,0
7811,MBE,Mentos and Cola,MnC,1170226,Lift,81,506,2,2
7811,MBE,Mentos and Cola,MnC,2043025,XiMartinez,41,431,3,2
7811,MBE,Mentos and Cola,undefined,1665226,1665226,96,348,2,0
7811,MBE,Mentos and Cola,MnC,1836734,Ketone,80,305,2,1
7811,MBE,Mentos and Cola,MnC,420899,Jamrok,63,274,1,0
7811,MBE,Mentos and Cola,[ÐA],996668,The-Evil-Monkey,100,219,1,0
7811,MBE,Mentos and Cola,MnC,1941743,mogambo,66,91,1,1
7811,MBE,Mentos and Cola,MnC,2029248,Aelius,51,58,2,2
7811,MBE,Wolf Pack Next Generation,~WP~,2136707,musicmuncher,26,3467,25,0
7811,MBE,Wolf Pack Next Generation,WPNG,2125197,b97yqq,31,3432,13,2
7811,MBE,Wolf Pack Next Generation,WPNG,2106640,-Rogue-,31,2717,10,0
7811,MBE,Wolf Pack Next Generation,WPNG,2013988,Erbalicous,69,2235,11,2
7811,MBE,Wolf Pack Next Generation,WPNG,1915955,DougStamper,59,2000,10,0
7811,MBE,Wolf Pack Next Generation,WPNG,2118517,queer-qrimes,39,1748,4,0
7811,MBE,Wolf Pack Next Generation,WPNG,2139729,spamfajitas,22,1734,6,0
7811,MBE,Wolf Pack Next Generation,HeLa,2008978,heybaby,38,1692,3,0
7811,MBE,Wolf Pack Next Generation,WPNG,2016675,Natasha_Rostova,40,1537,11,0
7811,MBE,Wolf Pack Next Generation,WPNG,2161333,ArmaGalen,35,1412,9,0
7811,MBE,Wolf Pack Next Generation,WPNG,2208584,Apophis,25,1371,5,0
7811,MBE,Wolf Pack Next Generation,WPNG,1790887,General_Lo,68,1332,2,0
7811,MBE,Wolf Pack Next Generation,WPNG,2140032,Antony,20,1266,7,0
7811,MBE,Wolf Pack Next Generation,WPNG,1971462,iHalp,44,1232,3,0
7811,MBE,Wolf Pack Next Generation,WPNG,1138376,Rafster,85,1126,4,9
7811,MBE,Wolf Pack Next Generation,WPNG,2152032,Masja,31,1120,6,0
7811,MBE,Wolf Pack Next Generation,WPNG,1922943,Crosscoded,50,1072,3,1
7811,MBE,Wolf Pack Next Generation,~WP~,2177146,ZennomadneZ,22,1017,7,0
7811,MBE,Wolf Pack Next Generation,WPNG,2145261,shortstax,30,984,6,0
7811,MBE,Wolf Pack Next Generation,WPNG,2118797,Talamat,41,914,3,0
7811,MBE,Wolf Pack Next Generation,WPNG,2083223,erebus1,31,829,2,0
7811,MBE,Wolf Pack Next Generation,WPNG,2130283,artmise,21,734,6,0
7811,MBE,Wolf Pack Next Generation,WPNG,1969176,Hopebones5,55,686,5,0
7811,MBE,Wolf Pack Next Generation,HeLa,2006892,xXxMounTyxXx,35,660,8,0
7811,MBE,Wolf Pack Next Generation,WPNG,1917922,Simicz,56,596,2,0
7811,MBE,Wolf Pack Next Generation,WPNG,2090911,Eliminatus,21,566,2,0
7811,MBE,Wolf Pack Next Generation,WPNG,2135002,CreamyNougat,35,506,8,0
7811,MBE,Wolf Pack Next Generation,WPNG,1315198,Jimbonator,37,466,4,0
7811,MBE,Wolf Pack Next Generation,WPNG,2126961,coldarray,15,462,2,0
7811,MBE,Wolf Pack Next Generation,WPNG,7749,SinWolf,56,437,1,0
7811,MBE,Wolf Pack Next Generation,WPNG,1658953,Cpl_Armstrong,18,424,1,0
7811,MBE,Wolf Pack Next Generation,WPNG,246387,lostinthewoods,73,412,1,0
7811,MBE,Wolf Pack Next Generation,WPNG,2084316,Senpachie,15,406,2,0
7811,MBE,Wolf Pack Next Generation,WPNG,309615,GothThug,62,386,1,0
7811,MBE,Wolf Pack Next Generation,WPNG,732583,M-D-Luffy,75,386,1,0
7811,MBE,Wolf Pack Next Generation,WPNG,268561,Randydy,51,364,2,0
7811,MBE,Wolf Pack Next Generation,WPNG,1560293,Archaic,73,363,1,0
7811,MBE,Wolf Pack Next Generation,DE,1844409,Anelin,47,352,1,0
7811,MBE,Wolf Pack Next Generation,WPNG,306152,aappexxi,35,338,1,0
7811,MBE,Wolf Pack Next Generation,undefined,2106417,Azraile,31,317,1,0
7811,MBE,Wolf Pack Next Generation,WPNG,2124189,Undanya_Yue,35,316,2,0
7811,MBE,Wolf Pack Next Generation,WPNG,2059198,Aeirex,40,280,1,0
7811,MBE,Wolf Pack Next Generation,WPNG,1635385,Kapt420kronic,63,258,1,0
7811,MBE,Wolf Pack Next Generation,WPNG,2153629,stella582,29,248,1,0
7811,MBE,Wolf Pack Next Generation,WPNG,2152427,Demitori,24,234,1,0
7811,MBE,Wolf Pack Next Generation,WPNG,1474839,hiphopxqx,47,227,1,0
7811,MBE,Wolf Pack Next Generation,WPNG,1966746,Mike-Tyson,32,214,1,0
7811,MBE,Wolf Pack Next Generation,undefined,1014409,Brad0812,62,200,1,0
7811,MBE,Wolf Pack Next Generation,WPNG,2004844,Aquaphile,57,171,1,0
7811,MBE,Wolf Pack Next Generation,WPNG,1990925,Soulreaper111,32,161,1,0
7811,MBE,Wolf Pack Next Generation,WPNG,2096925,cancers,20,149,2,0
7811,MBE,Wolf Pack Next Generation,DD,2138527,Fuzz_Nutz,34,132,1,0
7811,MBE,Wolf Pack Next Generation,WPNG,2094214,Lancey,30,123,1,0
7811,MBE,Wolf Pack Next Generation,-TD-,2105701,Arjan,35,119,1,0
7811,MBE,Wolf Pack Next Generation,WPNG,2131801,Larrry,33,65,6,0
7811,MBE,Wolf Pack Next Generation,WPNG,2106239,PrivateHarambe,31,54,2,0
7811,MBE,Wolf Pack Next Generation,WPNG,1899368,HardCoreKiwi367,46,39,1,0
7811,MBE,Wolf Pack Next Generation,WPNG,2159813,RatKing,35,37,1,0
7811,MBE,Wolf Pack Next Generation,WPNG,2060828,Knytet,49,31,1,0
7811,MBE,Wolf Pack Next Generation,WPNG,1943337,Ivan,50,26,1,0
7811,MBE,Wolf Pack Next Generation,WPNG,2104903,Mydroflex,46,20,1,0
7811,MBE,Wolf Pack Next Generation,WPNG,2151632,TheWizardOfAus,25,19,1,0
7811,MBE,Wolf Pack Next Generation,WPNG,2172612,FaceYourFetus,23,11,1,0

7812,EQC,Relentless,R*1,1740595,BadDutchie,95,57168,3,0
7812,EQC,Relentless,R*1,958018,uLtraZ,100,48600,2,0
7812,EQC,Relentless,R*1,1625417,Yurnero,91,35313,3,0
7812,EQC,Relentless,R*1,367758,Tokig,96,35201,1,0
7812,EQC,Relentless,R*1,1060365,TORN_REAPER,92,32866,2,0
7812,EQC,Relentless,FTW,1732212,Hank,100,32347,1,0
7812,EQC,Relentless,R*1,1920048,William_Joker,83,32305,2,0
7812,EQC,Relentless,R*1,108862,Cirice,100,29095,1,0
7812,EQC,Relentless,R*1,295553,Lek,85,28610,1,0
7812,EQC,Relentless,R*1,84976,Jokar,89,27430,2,0
7812,EQC,Relentless,R*1,1765291,Chigurh,96,25935,1,0
7812,EQC,Relentless,undefined,1580868,Monkeymia,97,25031,1,0
7812,EQC,Relentless,HeLa,1889531,thelovelymoon,90,24494,1,0
7812,EQC,Relentless,R*1,1009539,kamas,99,23943,1,0
7812,EQC,Relentless,R*1,238634,Mover,85,23377,3,0
7812,EQC,Relentless,undefined,1722547,DnBDarryl,88,22806,1,0
7812,EQC,Relentless,R*1,845601,Shapke,90,20929,1,1
7812,EQC,Relentless,C.R,329437,Teddybears,94,19976,2,0
7812,EQC,Relentless,R*1,511272,Seth,100,19270,1,0
7812,EQC,Relentless,R*1,1626270,mortisult,98,18480,2,0
7812,EQC,Relentless,R*1,1154897,Milosh,100,16228,2,0
7812,EQC,Relentless,R*1,429874,Rumple4skinz,97,15610,1,0
7812,EQC,Relentless,R*1,1705890,DarkMaid,97,15459,1,3
7812,EQC,Relentless,R*1,1974874,PapaEmeritus,87,14678,6,2
7812,EQC,Relentless,R*1,1887093,pops333,98,14159,1,0
7812,EQC,Relentless,39th,23890,Tyler,90,13895,3,0
7812,EQC,Relentless,R*1,1420951,bulldog1,99,13013,1,0
7812,EQC,Relentless,R*1,1888994,Momo,96,12640,2,0
7812,EQC,Relentless,PIL1,1599136,winguard,90,11414,4,0
7812,EQC,Relentless,R*1,1503918,PhaNToM,95,11132,3,0
7812,EQC,Relentless,R*1,1547659,Ubique,99,10981,3,0
7812,EQC,Relentless,R*1,1798354,KaguroX,95,10962,1,0
7812,EQC,Relentless,R*1,1148150,natty1066,98,10503,3,0
7812,EQC,Relentless,R*1,50716,Honey-Badger,94,7315,1,0
7812,EQC,Relentless,JUX,420116,brendan106,98,7302,2,0
7812,EQC,Relentless,R*1,1953860,RGiskard,100,6081,1,0
7812,EQC,Relentless,C.R,1601768,Mundo,90,4892,1,0
7812,EQC,Relentless,R*1,1882094,GeorgeCostanza,89,4890,1,0
7812,EQC,Relentless,R*1,1620993,_Gabriel_,100,4387,4,0
7812,EQC,Relentless,C.R,2017141,TxGemini,85,2856,2,0
7812,EQC,Relentless,FTW,1815556,Nesa,100,2218,1,0
7812,EQC,Relentless,C.R,1541749,Pandora,100,1990,1,0
7812,EQC,Relentless,C.R,118943,_Big_GuNz_,100,1846,4,0
7812,EQC,Relentless,R*1,1109901,ZaumonL,95,1815,2,0
7812,EQC,Relentless,R*1,1629756,Lord_Gorgen,100,1607,1,0
7812,EQC,Relentless,R*1,1867608,decap101,90,1550,1,0
7812,EQC,Relentless,R*1,1900827,Bruce-LeeFFS,95,1300,1,0
7812,EQC,Relentless,C.R,1955477,Rowdy_Rebel357,86,814,2,0
7812,EQC,Relentless,C.R,1998312,MrLovePants,86,643,2,0
7812,EQC,Relentless,C.R,1763067,Somebody,86,563,1,0
7812,EQC,Relentless,R*1,420053,Agent327,95,422,2,0
7812,EQC,Relentless,R*1,1553363,Blistig,92,368,2,0
7812,EQC,Relentless,R*1,1713565,Yeezy,89,297,2,0
7812,EQC,Relentless,R*1,1970958,Echo,89,272,1,0
7812,EQC,Relentless,R*1,1474402,CorsiPukz,85,262,4,0
7812,EQC,Relentless,R*1,954429,DonCorleon,85,233,1,0
7812,EQC,Relentless,R*1,1811936,madbuns,100,218,1,0
7812,EQC,Relentless,R*1,38031,Pascal,100,149,1,4
7812,EQC,Relentless,R*1,1832759,CrookedPaper,93,119,1,0
7812,EQC,Relentless,C.R,1814138,Lilith,94,69,1,2
7812,EQC,Relentless,R*1,1025410,Pops,99,35,2,0
7812,EQC,Relentless,R*1,784338,Crystalz,96,8,1,0
7812,EQC,Relentless,R*1,812478,MightyGoober,100,7,1,0
7812,EQC,Relentless,R*1,1127528,Fanatic,100,7,1,0
7812,EQC,Relentless,~SA~,204836,Slork,100,3,1,5
7812,EQC,PT-IronHearts,undefined,1168957,gadanhas,87,604,1,0
7812,EQC,PT-IronHearts,PT,1163749,2nd_Skin,86,593,1,0
7812,EQC,PT-IronHearts,PT,1633697,4llsopp,84,582,1,0
7812,EQC,PT-IronHearts,PT,330973,Hogfather,78,566,1,0
7812,EQC,PT-IronHearts,PT,448872,Massarelli,89,557,1,0
7812,EQC,PT-IronHearts,PT,1169571,xanty,90,477,1,0
7812,EQC,PT-IronHearts,PT,1665757,Biggles,88,446,1,0
7812,EQC,PT-IronHearts,PT,1024935,deVona,89,425,1,0
7812,EQC,PT-IronHearts,PT,1310886,Boxxy,85,315,1,0
7812,EQC,PT-IronHearts,PT,1879936,Corvidae,73,283,1,0
7812,EQC,PT-IronHearts,PT,1071220,pat2008,83,251,1,0
7812,EQC,PT-IronHearts,PT,1426592,downkill,77,168,1,0
7812,EQC,PT-IronHearts,tBP,986435,Hammer_toe,65,124,1,0
7812,EQC,PT-IronHearts,BS,2074167,Blazescorch,40,98,1,0
7812,EQC,PT-IronHearts,DE,295146,Gunship,74,68,1,0
7812,EQC,PT-IronHearts,PT,2088902,Wevie,32,63,1,0
7812,EQC,PT-IronHearts,PT,1923258,Josephine,20,52,1,0
7812,EQC,PT-IronHearts,PR,2174905,AngeloNzu,31,21,1,0
7812,EQC,PT-IronHearts,PT,2082637,-Victor-,38,18,1,0

7813,SEF,Relentless,UR,1967332,MBX,90,52416,29,0
7813,SEF,Relentless,R*1,1025410,Pops,99,47065,35,4
7813,SEF,Relentless,R*1,1629756,Lord_Gorgen,100,44556,10,27
7813,SEF,Relentless,R*1,895688,Wicka,100,44268,7,3
7813,SEF,Relentless,C.R,1264011,Kraft,90,43512,9,2
7813,SEF,Relentless,C.R,1955477,Rowdy_Rebel357,86,40847,43,14
7813,SEF,Relentless,R*1,748022,Kookaburra,100,40115,5,11
7813,SEF,Relentless,C.R,118943,_Big_GuNz_,100,40056,22,22
7813,SEF,Relentless,R*1,84976,Jokar,89,39399,23,3
7813,SEF,Relentless,R*1,1793493,Rocmann,92,37933,23,12
7813,SEF,Relentless,R*1,1953860,RGiskard,100,37298,8,7
7813,SEF,Relentless,FTW,1732212,Hank,100,37265,13,44
7813,SEF,Relentless,R*1,1867608,decap101,90,35532,14,14
7813,SEF,Relentless,R*1,1832759,CrookedPaper,93,35270,15,5
7813,SEF,Relentless,R*1,1553363,Blistig,92,35045,14,4
7813,SEF,Relentless,R*1,784338,Crystalz,96,33590,12,13
7813,SEF,Relentless,R*1,1060365,TORN_REAPER,92,31811,6,0
7813,SEF,Relentless,R*1,1503918,PhaNToM,95,31304,21,15
7813,SEF,Relentless,R*1,89388,hiphopsoldier,96,29361,11,0
7813,SEF,Relentless,R*1,420053,Agent327,95,28773,10,2
7813,SEF,Relentless,R*1,1510489,TheHoneyBadger,93,28463,4,1
7813,SEF,Relentless,R*1,1888994,Momo,96,28204,15,2
7813,SEF,Relentless,R*1,1798354,KaguroX,95,26944,7,1
7813,SEF,Relentless,R*1,1713565,Yeezy,89,25022,25,4
7813,SEF,Relentless,R*1,50716,Honey-Badger,94,24787,13,6
7813,SEF,Relentless,R*1,1127528,Fanatic,100,24694,8,0
7813,SEF,Relentless,R*1,295516,Navahoes,100,24627,3,2
7813,SEF,Relentless,R*1,1974874,PapaEmeritus,87,24442,19,1
7813,SEF,Relentless,R*1,1825532,Alexstrasza,100,24381,10,16
7813,SEF,Relentless,R*1,442254,Montana,100,21197,3,3
7813,SEF,Relentless,R*1,1573549,f0rk,94,20936,3,9
7813,SEF,Relentless,R*1,38031,Pascal,100,20679,19,38
7813,SEF,Relentless,R*1,1811936,madbuns,100,20593,8,2
7813,SEF,Relentless,~SA~,204836,Slork,100,20501,11,9
7813,SEF,Relentless,R*1,1843716,Whittlinman,92,18620,5,0
7813,SEF,Relentless,PIL1,1599136,winguard,90,18616,5,2
7813,SEF,Relentless,R*1,1044213,Imrahil,100,18560,9,0
7813,SEF,Relentless,R*1,1685702,Bezee,90,18551,19,4
7813,SEF,Relentless,R*1,705319,Scar,94,18543,7,1
7813,SEF,Relentless,C.R,1601768,Mundo,90,17291,17,3
7813,SEF,Relentless,R*1,845601,Shapke,90,16515,14,7
7813,SEF,Relentless,R*1,302973,lonewolf,100,16125,4,6
7813,SEF,Relentless,R*1,812478,MightyGoober,100,15327,12,6
7813,SEF,Relentless,R*1,1705890,DarkMaid,97,14623,8,0
7813,SEF,Relentless,R*1,1620993,_Gabriel_,100,14171,11,3
7813,SEF,Relentless,R*1,108862,Cirice,100,14086,3,0
7813,SEF,Relentless,JUX,420116,brendan106,98,12671,6,0
7813,SEF,Relentless,R*1,1474402,CorsiPukz,85,12608,10,0
7813,SEF,Relentless,R*1,1547659,Ubique,99,12416,8,2
7813,SEF,Relentless,R*1,1740595,BadDutchie,95,12078,2,1
7813,SEF,Relentless,R*1,367758,Tokig,96,12073,1,0
7813,SEF,Relentless,R*1,1148150,natty1066,98,11505,12,15
7813,SEF,Relentless,C.R,1998312,MrLovePants,86,11471,16,2
7813,SEF,Relentless,R*1,194822,Illusions,99,11047,10,0
7813,SEF,Relentless,R*1,1847600,Baldr,98,10987,1,0
7813,SEF,Relentless,R*1,1626270,mortisult,98,10876,3,1
7813,SEF,Relentless,R*1,1901801,metalkarmak,88,10609,7,2
7813,SEF,Relentless,C.R,2017141,TxGemini,85,10137,11,3
7813,SEF,Relentless,R*1,1785428,Td3h,99,9941,5,16
7813,SEF,Relentless,R*1,429874,Rumple4skinz,97,9937,3,0
7813,SEF,Relentless,FTW,1815556,Nesa,100,9910,5,4
7813,SEF,Relentless,C.R,1814138,Lilith,94,9795,10,0
7813,SEF,Relentless,R*1,1882094,GeorgeCostanza,89,9692,8,1
7813,SEF,Relentless,~WP~,1716970,loveu2,94,9367,11,0
7813,SEF,Relentless,~SA~,1816368,NNWS,99,8353,5,3
7813,SEF,Relentless,C.R,1541749,Pandora,100,8308,10,4
7813,SEF,Relentless,R*1,82801,ShadowStriker,85,8218,4,1
7813,SEF,Relentless,R*1,1602605,Joxer,100,7300,7,0
7813,SEF,Relentless,R*1,1900827,Bruce-LeeFFS,95,7131,4,1
7813,SEF,Relentless,R*1,1625417,Yurnero,91,6711,6,3
7813,SEF,Relentless,R*1,2033210,OSA,84,6466,15,3
7813,SEF,Relentless,R*1,1153517,Shutter,100,5849,6,10
7813,SEF,Relentless,R*1,1154897,Milosh,100,4862,7,4
7813,SEF,Relentless,undefined,1803901,Spaghetti360,89,4801,3,0
7813,SEF,Relentless,39th,23890,Tyler,90,4753,3,1
7813,SEF,Relentless,R*1,1109901,ZaumonL,95,4262,2,0
7813,SEF,Relentless,HeLa,1889531,thelovelymoon,90,4044,5,13
7813,SEF,Relentless,R*1,511272,Seth,100,4034,4,2
7813,SEF,Relentless,R*1,1739685,Habanero,95,3543,1,0
7813,SEF,Relentless,R*1,1970958,Echo,89,3446,4,1
7813,SEF,Relentless,R*1,1765291,Chigurh,96,3359,2,0
7813,SEF,Relentless,R*1,671797,sexxysweety,92,3160,2,5
7813,SEF,Relentless,undefined,1722547,DnBDarryl,88,2965,5,1
7813,SEF,Relentless,~OP~,1935090,SlaineTroyard,82,2689,4,2
7813,SEF,Relentless,FTW,1666253,Erebus,89,2616,5,1
7813,SEF,Relentless,R*1,238634,Mover,85,2503,7,11
7813,SEF,Relentless,R*1,954429,DonCorleon,85,2012,2,1
7813,SEF,Relentless,C.R,329437,Teddybears,94,1978,4,0
7813,SEF,Relentless,C.R,1763067,Somebody,86,1974,6,2
7813,SEF,Relentless,C.R,1977742,NOLAW,86,1726,2,0
7813,SEF,Relentless,~WP~,1514485,Stan,88,1458,1,0
7813,SEF,Relentless,R*1,958018,uLtraZ,100,973,2,0
7813,SEF,Relentless,R*1,1009539,kamas,99,871,1,0
7813,SEF,Relentless,undefined,1962958,Dollhouse,84,758,1,0
7813,SEF,Relentless,undefined,1580868,Monkeymia,97,670,1,0
7813,SEF,Relentless,R*1,1420951,bulldog1,99,620,1,0
7813,SEF,Relentless,R*1,1887093,pops333,98,73,1,1
7813,SEF,Relentless,R*1,1921540,keego73,88,61,2,0
7813,SEF,Milk and Cookies,JFK™,59922,DrGonzo,100,62351,9,44
7813,SEF,Milk and Cookies,JFK™,247674,Z_junior,100,31016,6,23
7813,SEF,Milk and Cookies,M&C,1556113,Goggeli,100,20254,8,33
7813,SEF,Milk and Cookies,M&C,1307523,Drieke,100,17342,19,103
7813,SEF,Milk and Cookies,M&C,732810,Michelle-420-,100,15207,36,33
7813,SEF,Milk and Cookies,M&C,40876,Einstein_,99,12784,12,23
7813,SEF,Milk and Cookies,M&C,1458703,Blexi,100,11638,13,30
7813,SEF,Milk and Cookies,M&C,192348,Gob,100,7077,28,10
7813,SEF,Milk and Cookies,JFK™,471591,Andyman,100,4868,12,15
7813,SEF,Milk and Cookies,M&C,74099,ttyper,100,3902,6,9
7813,SEF,Milk and Cookies,M&C,1534025,OneTwistedKid,91,3881,39,13
7813,SEF,Milk and Cookies,PT,163143,Mentalist,99,3825,5,5
7813,SEF,Milk and Cookies,JFK™,27478,HellR4iser,100,3122,7,2
7813,SEF,Milk and Cookies,JFK™,922212,Bullzeye,100,2729,3,3
7813,SEF,Milk and Cookies,JFK™,1740703,Relayer,99,2140,10,9
7813,SEF,Milk and Cookies,M&C,635043,johnnyrambo,94,2035,5,2
7813,SEF,Milk and Cookies,HERO,464386,zorroxtreme,95,2027,10,2
7813,SEF,Milk and Cookies,M&C,144651,UNRIVALED,100,1937,4,5
7813,SEF,Milk and Cookies,undefined,1841988,razzaonpc,99,1802,10,1
7813,SEF,Milk and Cookies,M&C,1290526,G-STAR01,92,1777,20,15
7813,SEF,Milk and Cookies,JFK™,1570883,Nova,100,1667,7,8
7813,SEF,Milk and Cookies,MnC,1643018,MagicDust,90,1646,11,1
7813,SEF,Milk and Cookies,JFK™,74835,Aries21,100,1623,5,5
7813,SEF,Milk and Cookies,M&C,878252,Naryus,95,1463,4,11
7813,SEF,Milk and Cookies,M&C,231334,Kanzu,96,1434,11,11
7813,SEF,Milk and Cookies,[ÐA],502675,ColdSystem,94,1418,20,9
7813,SEF,Milk and Cookies,M&C,148386,eveo,95,1395,13,3
7813,SEF,Milk and Cookies,R²,2140083,Tryk,43,1094,25,0
7813,SEF,Milk and Cookies,JFA,1869274,Dredd,93,1018,5,0
7813,SEF,Milk and Cookies,M&C,1617456,Shot_Ta_Bitz,79,967,6,0
7813,SEF,Milk and Cookies,M&C,1622867,Lil_Grim_Reaper,96,929,8,23
7813,SEF,Milk and Cookies,JFK™,180202,SenSational,100,917,3,5
7813,SEF,Milk and Cookies,MnC,49368,Denom,89,896,4,3
7813,SEF,Milk and Cookies,M&C,834584,MaxManus,100,722,6,17
7813,SEF,Milk and Cookies,2.1,1598729,realistassasin,53,650,14,0
7813,SEF,Milk and Cookies,MMCP,1976790,T3440R,48,630,12,0
7813,SEF,Milk and Cookies,BSG,1574941,-Annabelle-,55,606,7,0
7813,SEF,Milk and Cookies,M&C,1485341,Trole,38,603,3,1
7813,SEF,Milk and Cookies,M&C,1162351,budo_scarecrow,89,587,2,0
7813,SEF,Milk and Cookies,M&C,1552953,screwyou,86,555,10,1
7813,SEF,Milk and Cookies,M&C,1318799,NightWing,72,537,11,0
7813,SEF,Milk and Cookies,M&C,1030698,Graphite,98,501,6,6
7813,SEF,Milk and Cookies,M&C,500544,DonDantoni,96,464,5,6
7813,SEF,Milk and Cookies,M&C,1857498,Admiral-Ol,45,453,3,0
7813,SEF,Milk and Cookies,M&C,854628,feanor,90,448,7,12
7813,SEF,Milk and Cookies,CK,214123,JerseyJay,92,387,4,0
7813,SEF,Milk and Cookies,M&C,666533,Insomniak,93,358,1,0
7813,SEF,Milk and Cookies,undefined,140306,HippoHugger,100,352,1,0
7813,SEF,Milk and Cookies,JFK™,467642,Scorpious,99,345,1,0
7813,SEF,Milk and Cookies,M&C,195813,Veghard,93,330,1,0
7813,SEF,Milk and Cookies,M&C,537506,Aimee_,85,328,2,1
7813,SEF,Milk and Cookies,undefined,477423,-SK-,92,309,3,0
7813,SEF,Milk and Cookies,M&C,1791283,Vinkuun,99,309,1,0
7813,SEF,Milk and Cookies,M&C,356821,neozombie,99,304,4,3
7813,SEF,Milk and Cookies,M&C,1557759,Valdemor,90,288,2,0
7813,SEF,Milk and Cookies,M&C,298931,HeroponRiki,87,282,2,1
7813,SEF,Milk and Cookies,MnC,187808,Salvatore87,90,263,5,1
7813,SEF,Milk and Cookies,JFA2,2065865,Ampheromine,48,261,8,0
7813,SEF,Milk and Cookies,M&C,130690,Venz,97,253,1,0
7813,SEF,Milk and Cookies,M&C,1646570,JohnCKL,98,228,1,1
7813,SEF,Milk and Cookies,M&C,42179,A_B34R,99,222,1,0
7813,SEF,Milk and Cookies,JFK™,424998,UBIK,100,218,2,0
7813,SEF,Milk and Cookies,M&C,1307007,Divinity,89,210,2,7
7813,SEF,Milk and Cookies,M&C,1707129,Hawksmere,71,209,5,0
7813,SEF,Milk and Cookies,JFK™,442441,Minorpath,95,186,1,5
7813,SEF,Milk and Cookies,M&C,968180,Whaleter,96,183,2,1
7813,SEF,Milk and Cookies,MMCP,485873,GAMBLER,93,175,3,20
7813,SEF,Milk and Cookies,M&C,2038773,KRobert,83,173,4,0
7813,SEF,Milk and Cookies,M&C,385128,mindwar,91,162,6,4
7813,SEF,Milk and Cookies,undefined,1601050,Nash,99,158,2,5
7813,SEF,Milk and Cookies,DEN,2084723,GokuBlack,50,155,7,0
7813,SEF,Milk and Cookies,HB1,1001335,Carnale,96,153,1,0
7813,SEF,Milk and Cookies,M&C,1461614,Blackbear,95,150,1,0
7813,SEF,Milk and Cookies,M&C,1202931,Fearfactor,100,141,1,0
7813,SEF,Milk and Cookies,JFK™,200267,Molson,95,131,1,0
7813,SEF,Milk and Cookies,M&C,172806,weebl,100,124,2,1
7813,SEF,Milk and Cookies,M&C,1324531,McLaurens,90,114,2,2
7813,SEF,Milk and Cookies,M&C,543148,diggeer,93,107,1,0
7813,SEF,Milk and Cookies,MnC,1026373,MY_NAME_IS_TORN,68,105,1,0
7813,SEF,Milk and Cookies,M&C,560161,DiamondAce,100,102,1,0
7813,SEF,Milk and Cookies,M&C,1014257,Painkiller_,97,99,1,0
7813,SEF,Milk and Cookies,39th,428220,_Kitty,39,89,1,2
7813,SEF,Milk and Cookies,M&C,304440,skorp,99,72,1,0
7813,SEF,Milk and Cookies,M&C,530518,Timoteo32,66,66,2,0
7813,SEF,Milk and Cookies,PT,363768,Desperados,100,62,1,4
7813,SEF,Milk and Cookies,BS,1535723,echosummet,71,49,3,0
7813,SEF,Milk and Cookies,M&C,889930,PsyTrance,87,26,1,0
7813,SEF,Milk and Cookies,M&C,154044,Str_Madman,75,26,1,0
7813,SEF,Milk and Cookies,39th,1948134,Sharivan,57,15,1,0
7813,SEF,Milk and Cookies,MnC,2014627,TheDookieBaron,54,4,1,0
7813,SEF,Milk and Cookies,JFK™,1455047,Stagger_Lee,91,0,0,3
7813,SEF,Milk and Cookies,M&C,828140,valentinos,96,0,0,4

7814,UQC,Relentless,R*1,1847600,Baldr,98,71239,1,0
7814,UQC,Relentless,R*1,671797,sexxysweety,92,57858,6,1
7814,UQC,Relentless,R*1,1148150,natty1066,98,56229,1,0
7814,UQC,Relentless,R*1,1154897,Milosh,100,51586,6,2
7814,UQC,Relentless,R*1,1888994,Momo,96,50323,4,0
7814,UQC,Relentless,~SA~,204836,Slork,100,49439,2,12
7814,UQC,Relentless,R*1,1970958,Echo,89,34727,1,0
7814,UQC,Relentless,C.R,1955477,Rowdy_Rebel357,86,33968,2,0
7814,UQC,Relentless,R*1,108862,Cirice,100,31917,3,1
7814,UQC,Relentless,R*1,845601,Shapke,90,31730,1,0
7814,UQC,Relentless,R*1,1602605,Joxer,100,30254,3,1
7814,UQC,Relentless,R*1,367758,Tokig,96,27916,3,0
7814,UQC,Relentless,R*1,1626270,mortisult,98,27832,1,0
7814,UQC,Relentless,R*1,50716,Honey-Badger,94,27246,1,0
7814,UQC,Relentless,HeLa,1889531,thelovelymoon,90,19461,2,0
7814,UQC,Relentless,R*1,1739685,Habanero,95,18500,1,0
7814,UQC,Relentless,~WP~,1514485,Stan,88,16032,1,0
7814,UQC,Relentless,R*1,705319,Scar,94,15782,3,1
7814,UQC,Relentless,R*1,295553,Lek,85,13547,2,0
7814,UQC,Relentless,R*1,784338,Crystalz,96,12739,5,0
7814,UQC,Relentless,PIL1,1599136,winguard,90,12704,1,0
7814,UQC,Relentless,R*1,1793493,Rocmann,92,12659,1,0
7814,UQC,Relentless,R*1,1625417,Yurnero,91,10437,3,0
7814,UQC,Relentless,C.R,2017141,TxGemini,85,10263,1,0
7814,UQC,Relentless,undefined,1580868,Monkeymia,97,8972,1,0
7814,UQC,Relentless,R*1,1553363,Blistig,92,8332,2,0
7814,UQC,Relentless,R*1,1882094,GeorgeCostanza,89,8162,2,0
7814,UQC,Relentless,R*1,238634,Mover,85,7751,2,1
7814,UQC,Relentless,R*1,1713565,Yeezy,89,7353,2,0
7814,UQC,Relentless,R*1,511272,Seth,100,7255,2,1
7814,UQC,Relentless,R*1,1974874,PapaEmeritus,87,6368,2,0
7814,UQC,Relentless,R*1,954429,DonCorleon,85,5888,4,0
7814,UQC,Relentless,R*1,1044213,Imrahil,100,5883,3,0
7814,UQC,Relentless,R*1,1629756,Lord_Gorgen,100,4010,3,0
7814,UQC,Relentless,R*1,1153517,Shutter,100,3672,1,1
7814,UQC,Relentless,undefined,1962958,Dollhouse,84,3566,2,0
7814,UQC,Relentless,R*1,1547659,Ubique,99,2430,1,0
7814,UQC,Relentless,R*1,812478,MightyGoober,100,2245,2,6
7814,UQC,Relentless,C.R,1814138,Lilith,94,2065,1,0
7814,UQC,Relentless,R*1,295516,Navahoes,100,1930,3,0
7814,UQC,Relentless,FTW,1732212,Hank,100,1883,1,1
7814,UQC,Relentless,~OP~,1935090,SlaineTroyard,82,1639,1,0
7814,UQC,Relentless,C.R,1998312,MrLovePants,86,1450,3,0
7814,UQC,Relentless,UR,1967332,MBX,90,1362,1,0
7814,UQC,Relentless,R*1,194822,Illusions,99,1123,2,0
7814,UQC,Relentless,R*1,84976,Jokar,89,1047,2,0
7814,UQC,Relentless,R*1,1127528,Fanatic,100,971,1,0
7814,UQC,Relentless,R*1,1798354,KaguroX,95,881,1,0
7814,UQC,Relentless,~SA~,1816368,NNWS,99,866,1,0
7814,UQC,Relentless,R*1,1900827,Bruce-LeeFFS,95,711,1,0
7814,UQC,Relentless,R*1,1832759,CrookedPaper,93,629,2,0
7814,UQC,Relentless,R*1,420053,Agent327,95,622,2,0
7814,UQC,Relentless,R*1,1887093,pops333,98,424,1,0
7814,UQC,Relentless,R*1,1705890,DarkMaid,97,288,2,0
7814,UQC,Relentless,R*1,1060365,TORN_REAPER,92,150,1,0
7814,UQC,Relentless,R*1,1573549,f0rk,94,138,1,0
7814,UQC,Relentless,R*1,1920048,William_Joker,83,126,1,0
7814,UQC,Relentless,R*1,1503918,PhaNToM,95,72,2,1
7814,UQC,Relentless,R*1,1843716,Whittlinman,92,48,1,0
7814,UQC,Relentless,C.R,1601768,Mundo,90,11,1,2
7814,UQC,Relentless,R*1,1474402,CorsiPukz,85,10,1,0
7814,UQC,Relentless,C.R,118943,_Big_GuNz_,100,0,0,1
7814,UQC,Relentless,JUX,420116,brendan106,98,0,0,1
7814,UQC,Relentless,C.R,1541749,Pandora,100,0,0,2
7814,UQC,Relentless,39th,23890,Tyler,90,0,0,3
7814,UQC,PT-Family,PT,51498,MaGnO,100,7559,1,0
7814,UQC,PT-Family,PT,865186,GenBlood,93,2079,1,0
7814,UQC,PT-Family,JFK™,1518389,MimeFaceKiller,99,1233,7,2
7814,UQC,PT-Family,PT,1613023,Broly,16,1214,2,0
7814,UQC,PT-Family,JFK™,27478,HellR4iser,100,1212,5,1
7814,UQC,PT-Family,PT,34298,Butters,85,932,1,2
7814,UQC,PT-Family,PT,997655,evilf9,99,835,2,4
7814,UQC,PT-Family,JFK™,345050,CindyFury,100,804,2,0
7814,UQC,PT-Family,SE,2186178,-MIYA-,25,773,1,0
7814,UQC,PT-Family,PT,1778539,Milutin_K,76,749,3,0
7814,UQC,PT-Family,M&C,560161,DiamondAce,100,665,4,0
7814,UQC,PT-Family,MnC,1459358,Jekar,89,590,2,1
7814,UQC,PT-Family,2.1,1637653,Apo,95,483,1,0
7814,UQC,PT-Family,PT,1321316,Cheekym0nkey,100,475,1,0
7814,UQC,PT-Family,M&C,878252,Naryus,95,413,1,0
7814,UQC,PT-Family,MnC,720502,7NiNe2SiX,65,386,6,0
7814,UQC,PT-Family,JFK™,270517,rjkc4,100,384,1,0
7814,UQC,PT-Family,PT,1132337,LumbricuS,90,331,1,0
7814,UQC,PT-Family,JFK™,7800,taktikz,100,322,2,0
7814,UQC,PT-Family,undefined,1915577,Mlkey,72,304,1,0
7814,UQC,PT-Family,PT,587729,Stiffmeister,100,287,1,0
7814,UQC,PT-Family,JFA2,2165616,hemi,35,272,9,0
7814,UQC,PT-Family,JFK™,868334,Tiller,100,247,1,0
7814,UQC,PT-Family,PT,96875,Spurtung,95,223,1,0
7814,UQC,PT-Family,PT,940584,ruler,100,211,1,0
7814,UQC,PT-Family,JFK™,1570883,Nova,100,178,1,0
7814,UQC,PT-Family,MnC,1720019,Toottoo,91,160,1,0
7814,UQC,PT-Family,JFA,1573265,Shadowe1,96,133,1,0
7814,UQC,PT-Family,JFK™,380980,Sky,100,130,1,0
7814,UQC,PT-Family,PT,155541,MasterOfSex,93,122,1,0
7814,UQC,PT-Family,PT,1044317,misanthrope,65,71,2,0
7814,UQC,PT-Family,GnM,2047313,kirkham,30,65,1,0
7814,UQC,PT-Family,PT,1834771,zombieroadie,83,53,1,0
7814,UQC,PT-Family,PT,1771266,rocinante,60,49,1,0
7814,UQC,PT-Family,JFA2,1164669,AuditoreEzio,58,47,1,0
7814,UQC,PT-Family,MnC,1338194,lukemaster,93,34,1,0
7814,UQC,PT-Family,PT,954364,ENO,92,20,1,1
7814,UQC,PT-Family,PT,60666,alguem,100,19,3,1
7814,UQC,PT-Family,MnC,1586263,EzraRaihan,56,5,1,0
7814,UQC,PT-Family,PT,275993,Teardrop,91,0,0,1

7815,BPF,JFA,M&C,1074856,Sarah01,91,635,2,0
7815,BPF,JFA,JFA,1009309,yawzaw,84,350,2,1
7815,BPF,JFA,JFA2,2157516,AlexSosa,28,79,2,0
7815,BPF,JFA,JFA,259767,Big_Rico,100,4,1,1
7815,BPF,PT-Family,PT,1526820,ReyDuvall,94,39760,1,0
7815,BPF,PT-Family,PT,1562627,vInDicaTed,93,13560,1,0
7815,BPF,PT-Family,PT,861584,Tammy,79,10060,1,0
7815,BPF,PT-Family,PT,5736,Badwolf,72,9281,1,0
7815,BPF,PT-Family,MnC,1338194,lukemaster,93,7909,1,0
7815,BPF,PT-Family,PT,67340,Mickey,95,6273,1,0
7815,BPF,PT-Family,PT,1613023,Broly,16,5634,2,0
7815,BPF,PT-Family,PT,1534628,Hydrogen,80,4583,1,0
7815,BPF,PT-Family,IBB,661036,LeaderEagle,89,4541,1,0
7815,BPF,PT-Family,PT,1444059,JVS,79,3697,1,0
7815,BPF,PT-Family,PT,1497907,The_Boss,75,2179,1,0
7815,BPF,PT-Family,PT,155541,MasterOfSex,93,1197,1,0
7815,BPF,PT-Family,LS,2024220,lostabit,55,1154,4,0
7815,BPF,PT-Family,PT,1778539,Milutin_K,76,571,1,0
7815,BPF,PT-Family,JFA2,1522242,Cherreh,60,533,1,0
7815,BPF,PT-Family,JFA2,1164669,AuditoreEzio,58,528,2,0
7815,BPF,PT-Family,MnC,1459358,Jekar,89,245,2,0
7815,BPF,PT-Family,PT,60666,alguem,100,230,1,0
7815,BPF,PT-Family,JFK™,27478,HellR4iser,100,212,1,0
7815,BPF,PT-Family,MnC,423015,Moguai,99,200,1,0
7815,BPF,PT-Family,JFA,1863998,ofgortens,96,159,1,0
7815,BPF,PT-Family,PT,452500,Mr_Charlie,60,129,1,0
7815,BPF,PT-Family,JFA,1870725,JimmyC,80,73,1,0
7815,BPF,PT-Family,PT,1044317,misanthrope,65,39,1,0
7815,BPF,PT-Family,PT,51498,MaGnO,100,29,1,0
7815,BPF,PT-Family,JFK™,1854679,Daisy_Lynn,88,25,1,0
7815,BPF,PT-Family,JFA2,1202310,Greg_The_Bunny,40,15,1,0

7817,GRC,PT-IronHearts,PT,37524,aurigus,55,747,1,0
7817,GRC,PT-IronHearts,PT,2157640,mkmarq,37,747,1,0
7817,GRC,PT-IronHearts,PT,2130115,XD_Ninja_Killz,24,747,1,0
7817,GRC,PT-IronHearts,PT,2099743,Bearden,48,747,1,0
7817,GRC,PT-IronHearts,PT,2098829,Samurai,37,747,1,0
7817,GRC,PT-IronHearts,PT,2097454,Dr-Strangelove,55,747,1,0
7817,GRC,PT-IronHearts,PT,2082637,-Victor-,38,747,1,0
7817,GRC,PT-IronHearts,undefined,2066557,Valentine,36,747,1,0
7817,GRC,PT-IronHearts,PT,1770001,Kamatez,15,747,1,0
7817,GRC,PT-IronHearts,undefined,1415505,innocent_angel,29,747,1,0
7817,GRC,PT-IronHearts,PT,876657,Cheb,38,747,1,0
7817,GRC,PT-IronHearts,PT,515203,PapaSetNov,31,747,1,0
7817,GRC,PT-IronHearts,DA,333510,White-Raven,46,747,1,0
7817,GRC,PT-IronHearts,PT,330973,Hogfather,78,747,1,0
7817,GRC,PT-IronHearts,PT,206028,Albie,36,747,1,0
7817,GRC,PT-IronHearts,PT,2212604,Chateau,20,19,1,0

7818,SFF,PT-Family,PT,363768,Desperados,100,35769,4,2
7818,SFF,PT-Family,PT,1321316,Cheekym0nkey,100,35025,6,3
7818,SFF,PT-Family,JFK™,27478,HellR4iser,100,34990,12,5
7818,SFF,PT-Family,PT,177606,malamen,100,32536,8,23
7818,SFF,PT-Family,PT,155541,MasterOfSex,93,30527,7,0
7818,SFF,PT-Family,PT,34298,Butters,85,27404,6,4
7818,SFF,PT-Family,PT,51498,MaGnO,100,23897,4,7
7818,SFF,PT-Family,PT,336112,Akagami,90,19643,12,13
7818,SFF,PT-Family,PT,1132337,LumbricuS,90,19143,6,6
7818,SFF,PT-Family,PT,1169571,xanty,90,17841,17,5
7818,SFF,PT-Family,PT,42111,Beer_Bear,96,16284,19,5
7818,SFF,PT-Family,PT,67340,Mickey,95,14835,5,4
7818,SFF,PT-Family,PT,1786423,Gholden,89,13606,10,2
7818,SFF,PT-Family,PT,121433,Pidu,100,13050,7,1
7818,SFF,PT-Family,PT,1562627,vInDicaTed,93,11605,4,4
7818,SFF,PT-Family,PT,1834771,zombieroadie,83,11489,8,9
7818,SFF,PT-Family,PT,1682299,EmperorGarm,90,10840,5,6
7818,SFF,PT-Family,PT,1516155,Kaxuxo,92,10493,6,1
7818,SFF,PT-Family,PT,60666,alguem,100,9980,3,6
7818,SFF,PT-Family,PT,1613023,Broly,16,9492,13,0
7818,SFF,PT-Family,PT,2061118,Vader,80,9107,1,0
7818,SFF,PT-Family,PT,997655,evilf9,99,9016,3,0
7818,SFF,PT-Family,PT,330973,Hogfather,78,8747,14,2
7818,SFF,PT-Family,PT,1778539,Milutin_K,76,7935,2,1
7818,SFF,PT-Family,undefined,900338,PopadaPill,83,7369,19,0
7818,SFF,PT-Family,PT,954364,ENO,92,7248,5,1
7818,SFF,PT-Family,PT,190066,Peryton,70,6871,15,2
7818,SFF,PT-Family,PR,2169241,Pathogen,34,6566,16,0
7818,SFF,PT-Family,PT,2099743,Bearden,48,6102,13,0
7818,SFF,PT-Family,PT,240873,Nando,96,5750,4,5
7818,SFF,PT-Family,VIP,2037780,Dr_V,70,5739,12,2
7818,SFF,PT-Family,PT,1771266,rocinante,60,3928,7,1
7818,SFF,PT-Family,PT,275993,Teardrop,91,3684,4,2
7818,SFF,PT-Family,PT,1534628,Hydrogen,80,3583,2,1
7818,SFF,PT-Family,PT,174660,MaLaB,99,3583,3,2
7818,SFF,PT-Family,PT,96875,Spurtung,95,3525,8,28
7818,SFF,PT-Family,PT,1526820,ReyDuvall,94,3464,3,3
7818,SFF,PT-Family,PT,865186,GenBlood,93,3326,9,2
7818,SFF,PT-Family,DE,2084119,Revenant,55,3261,6,4
7818,SFF,PT-Family,MnC,1644264,Raider,85,2679,6,0
7818,SFF,PT-Family,PT,345322,lost_soulx,96,1985,6,2
7818,SFF,PT-Family,GnM,2047313,kirkham,30,1722,13,0
7818,SFF,PT-Family,PT,888758,Jeffromofo,100,1646,3,3
7818,SFF,PT-Family,JFK™,38747,Concrete_Shoes,100,1610,1,0
7818,SFF,PT-Family,PT,281934,pt99,86,1506,2,0
7818,SFF,PT-Family,PT,452500,Mr_Charlie,60,1367,5,0
7818,SFF,PT-Family,PR,2174905,AngeloNzu,31,1308,3,2
7818,SFF,PT-Family,PT,969050,ey3,81,1172,8,1
7818,SFF,PT-Family,PT,2075210,NickHendrix,71,1081,1,0
7818,SFF,PT-Family,PT,2174915,Itza_me_MARIOO,27,712,3,0
7818,SFF,PT-Family,PT,563108,JPCS5917,81,709,1,0
7818,SFF,PT-Family,MnC,1338194,lukemaster,93,699,1,3
7818,SFF,PT-Family,IBB,661036,LeaderEagle,89,484,6,2
7818,SFF,PT-Family,MnC,1865083,AmonCyn,40,261,2,0
7818,SFF,PT-Family,M&C,2063435,Abdullah,73,121,1,1
7818,SFF,PT-Family,PT,861584,Tammy,79,26,1,1
7818,SFF,PT-Family,SE,2186178,-MIYA-,25,10,1,0
7818,SFF,PT-Family,JFK™,1518389,MimeFaceKiller,99,0,0,3
7818,SFF,One Punch,~OP~,546902,FIST-OF-FURY,81,94418,1,0
7818,SFF,One Punch,~OP~,1007672,bobiii,92,91097,3,1
7818,SFF,One Punch,~OP~,856143,iamthechief,68,90598,1,0
7818,SFF,One Punch,~OP~,539612,DrUniverse,89,87540,1,0
7818,SFF,One Punch,~OP~,913832,MoneyBadger,85,87017,1,0
7818,SFF,One Punch,~OP~,1602780,jfive,71,78065,4,3
7818,SFF,One Punch,~OP~,64263,Suehtomit,88,74356,2,2
7818,SFF,One Punch,~OP~,288076,Tankbusta,80,68175,4,0
7818,SFF,One Punch,~OP~,1786727,LittleVinnie,56,67649,7,2
7818,SFF,One Punch,~OP~,867659,Midnight_Mack,80,66347,4,1
7818,SFF,One Punch,undefined,423689,Banana_Man,72,66185,2,0
7818,SFF,One Punch,~OP~,827175,Nuclear,83,62222,6,0
7818,SFF,One Punch,~OP~,81345,Lost-Soul,65,60832,13,4
7818,SFF,One Punch,~OP~,1952888,SHIINA,75,60468,5,1
7818,SFF,One Punch,~OP~,1280905,Hypocritical,84,50692,10,15
7818,SFF,One Punch,CR²,78061,-Glitch-,65,47505,6,2
7818,SFF,One Punch,~OP~,997432,Hermit,85,47183,4,1
7818,SFF,One Punch,~OP~,1328849,EX3,86,46994,2,3
7818,SFF,One Punch,~OP~,487193,Sorry6,86,46401,1,0
7818,SFF,One Punch,~OP~,1291481,sawas,89,45845,2,1
7818,SFF,One Punch,~OP~,2014395,DrillerDave,50,45668,2,0
7818,SFF,One Punch,~OP~,1925343,EnglandsFinest,80,43787,8,2
7818,SFF,One Punch,undefined,2096994,Prettypetythief,28,41720,1,0
7818,SFF,One Punch,~OP~,189986,fazi000000,84,41250,3,0
7818,SFF,One Punch,~OP~,1914854,BuLLsDiE,38,40373,7,0
7818,SFF,One Punch,~OP~,420408,Greasha,85,40145,5,4
7818,SFF,One Punch,~OP~,1430520,HideOut,77,39842,7,11
7818,SFF,One Punch,~OP~,949810,heresy23,70,38731,6,0
7818,SFF,One Punch,~OP~,129990,King_David,95,38434,9,16
7818,SFF,One Punch,~OP~,1161983,TwoEleven,90,37437,11,24
7818,SFF,One Punch,~OP~,1495224,tobias,58,36477,2,0
7818,SFF,One Punch,tBP,501007,LadyVirgo,72,36339,10,0
7818,SFF,One Punch,~OP~,1618958,Master,91,35713,1,0
7818,SFF,One Punch,~OP~,761663,Fishhead,90,35595,1,0
7818,SFF,One Punch,~OP~,1484195,coopoon,78,35491,3,0
7818,SFF,One Punch,~OP~,1156272,Ijipop,60,35072,4,0
7818,SFF,One Punch,~OP~,1264572,Death,96,34916,7,10
7818,SFF,One Punch,undefined,1872733,Sambam,35,33079,2,0
7818,SFF,One Punch,undefined,2100933,Cinderalla,25,31690,4,0
7818,SFF,One Punch,~OP~,668362,Revelation,90,28865,3,3
7818,SFF,One Punch,~OP~,245215,Ground,30,28238,6,0
7818,SFF,One Punch,~OP~,734492,BabyLuST,49,28168,4,0
7818,SFF,One Punch,~OP~,681916,Lil_Hitman,55,28075,8,5
7818,SFF,One Punch,HeLa,1958780,skyarya,35,25840,4,0
7818,SFF,One Punch,~OP~,949847,jacks_colon,65,25258,6,0
7818,SFF,One Punch,undefined,110280,-munk-,87,23813,1,0
7818,SFF,One Punch,~OP~,5510,12Digitdan,65,23209,8,0
7818,SFF,One Punch,~OP~,865494,KlownKilla,56,19353,1,0
7818,SFF,One Punch,~OP~,2058538,Jibblets,28,19343,8,1
7818,SFF,One Punch,~OP~,1474240,boonick44,69,19232,8,0
7818,SFF,One Punch,ELTI,2180487,the_ENEMY_,30,17548,2,0
7818,SFF,One Punch,undefined,2073986,FunkyDo,30,15689,3,1
7818,SFF,One Punch,~OP~,187782,Hard_wall,100,13792,3,2
7818,SFF,One Punch,~OP~,671176,Cobralov3r,81,13333,1,2
7818,SFF,One Punch,~OP~,1008657,Soul_Survivor,40,12977,7,3
7818,SFF,One Punch,~OP~,1554173,H1ghl4nder,71,12468,1,2
7818,SFF,One Punch,~OP~,1863227,Zwel,89,12423,5,7
7818,SFF,One Punch,~OP~,28232,Daeron,47,8863,1,0
7818,SFF,One Punch,~OP~,522994,Ezi0,73,8213,2,0
7818,SFF,One Punch,UGK,1034218,Diamond_Dog,61,8154,5,1
7818,SFF,One Punch,~OP~,1618610,Sarkov,45,7870,5,0
7818,SFF,One Punch,BoTS,2141705,nadinschh,30,7730,2,0
7818,SFF,One Punch,~SA~,332505,Midknight,100,7195,6,11
7818,SFF,One Punch,~OP~,2131856,100T,42,6545,13,2
7818,SFF,One Punch,~OP~,1954421,ArttiIsGod,79,4640,3,1
7818,SFF,One Punch,undefined,89581,Htr,100,3976,10,6
7818,SFF,One Punch,~OP~,812471,BORK,54,3700,13,0
7818,SFF,One Punch,~OP~,2113961,BaasJ,30,3148,1,0
7818,SFF,One Punch,~OP~,1616518,Motag8tor,55,3066,5,2
7818,SFF,One Punch,DEN,2173811,XCFRES,20,2897,6,0
7818,SFF,One Punch,~OP~,1502426,waybeyondhelp,78,2843,3,1
7818,SFF,One Punch,~OP~,1956826,mklewis,67,2685,2,0
7818,SFF,One Punch,~OP~,1531045,Mr_Owl,70,2611,1,0
7818,SFF,One Punch,~OP~,1960427,_BabyDoll_,62,1167,1,0
7818,SFF,One Punch,~OP~,956187,ladyK,26,956,4,0
7818,SFF,One Punch,FTW,1033180,JS_Rep,95,866,2,1
7818,SFF,One Punch,~OP~,1916362,Vegas_Dave,50,706,6,0
7818,SFF,One Punch,~OP~,1903327,Kingdingaling,39,652,2,0
7818,SFF,One Punch,~OP~,1904716,Madangeltje,23,529,3,0
7818,SFF,One Punch,undefined,2115229,cactido,45,363,1,0
7818,SFF,One Punch,BoTS,1787515,The_Healer,74,216,1,3
7818,SFF,One Punch,R*1,812478,MightyGoober,100,156,4,3
7818,SFF,One Punch,~OP~,889384,peteTHEwolve,68,75,1,0
7818,SFF,One Punch,BSG,2085307,Venomancer,70,39,1,0
7818,SFF,One Punch,~SA~,983221,Nath,100,0,0,1
7818,SFF,One Punch,DA,2048878,TheDarkLight,65,0,0,4

7819,GRC,Subversive Alliance,FTW,915279,glados,98,52984,1,2
7819,GRC,Subversive Alliance,~SA~,315134,LESTAT,100,52911,1,2
7819,GRC,Subversive Alliance,~SA~,343651,Melotto,94,52767,1,0
7819,GRC,Subversive Alliance,~SA~,1910082,LoveFaithHope,86,52310,1,0
7819,GRC,Subversive Alliance,~SA~,711590,ghostcell,95,51951,1,0
7819,GRC,Subversive Alliance,~SA~,1486772,Smiles,100,51677,1,0
7819,GRC,Subversive Alliance,FTW,302832,Duk4,51,51394,1,0
7819,GRC,Subversive Alliance,~SA~,23707,Hate_Train,99,51306,1,0
7819,GRC,Subversive Alliance,MMCP,919365,GreeDy,99,50815,1,0
7819,GRC,Subversive Alliance,~SA~,424017,Ohadik,99,50693,8,3
7819,GRC,Subversive Alliance,C.R,239119,Veins,96,50494,3,0
7819,GRC,Subversive Alliance,~SA~,1602158,Queequeg,95,47024,1,0
7819,GRC,Subversive Alliance,R*1,503521,Babyte_Brone,100,44276,2,0
7819,GRC,Subversive Alliance,~SA~,370359,007,95,42499,1,0
7819,GRC,Subversive Alliance,~SA~,710831,Veteran,93,41780,2,0
7819,GRC,Subversive Alliance,~SA~,2020322,killin,74,38295,1,0
7819,GRC,Subversive Alliance,~SA~,272331,Dave,96,36484,2,0
7819,GRC,Subversive Alliance,~SA~,557912,All_in_Ken,100,36024,1,0
7819,GRC,Subversive Alliance,~SA~,779368,ShuKa,100,33560,4,0
7819,GRC,Subversive Alliance,39th,120362,WarAndPeace,86,33334,1,0
7819,GRC,Subversive Alliance,FTW,1632988,N3m,100,32717,1,0
7819,GRC,Subversive Alliance,~SA~,910863,Shod,98,31600,2,0
7819,GRC,Subversive Alliance,~SA~,1816368,NNWS,99,30420,1,0
7819,GRC,Subversive Alliance,~SA~,621230,MassiveWeapon,97,29281,1,0
7819,GRC,Subversive Alliance,~SA~,1014664,2dogs,99,28766,1,0
7819,GRC,Subversive Alliance,~SA~,332505,Midknight,100,28701,2,0
7819,GRC,Subversive Alliance,~SA~,1027599,UberMorlock,100,25545,2,0
7819,GRC,Subversive Alliance,~SA~,237547,Nobody,94,24706,4,0
7819,GRC,Subversive Alliance,~SA~,1338102,KarateMan,93,20334,1,0
7819,GRC,Subversive Alliance,~SA~,1639350,Rockem,92,19082,2,0
7819,GRC,Subversive Alliance,FTW,1033180,JS_Rep,95,18843,2,1
7819,GRC,Subversive Alliance,~SA~,983221,Nath,100,17910,2,0
7819,GRC,Subversive Alliance,FTW,1335768,nerbas,93,17172,2,0
7819,GRC,Subversive Alliance,~SA~,1296148,Saucy_Jack,21,17024,2,0
7819,GRC,Subversive Alliance,~SA~,85088,Brian,90,16430,1,0
7819,GRC,Subversive Alliance,~SA~,1474127,Stylin,100,15815,2,0
7819,GRC,Subversive Alliance,~SA~,1469886,Chiubiz,97,14124,1,0
7819,GRC,Subversive Alliance,~SA~,234103,Morcha,93,13719,1,0
7819,GRC,Subversive Alliance,~SA~,1537440,dinky,100,12443,1,0
7819,GRC,Subversive Alliance,HB1,1609308,Judea,100,10378,1,0
7819,GRC,Subversive Alliance,~SA~,927477,Oh_Dae-su,97,9543,1,0
7819,GRC,Subversive Alliance,R*1,546989,Edge,100,8737,1,0
7819,GRC,Subversive Alliance,EQ3U,195437,Phatjack,99,8578,3,0
7819,GRC,Subversive Alliance,~SA~,256222,MmM,97,7147,1,0
7819,GRC,Subversive Alliance,FTW,1315845,Billiken,97,6994,1,0
7819,GRC,Subversive Alliance,~SA~,15397,blyk,100,5298,1,0
7819,GRC,Subversive Alliance,~SA~,1689701,miro,100,4693,2,0
7819,GRC,Subversive Alliance,FTW,177901,Gus,100,3517,2,0
7819,GRC,Subversive Alliance,~SA~,487917,herself,91,3089,4,0
7819,GRC,Subversive Alliance,FTW,1542326,Krastinov,100,2989,1,0
7819,GRC,Subversive Alliance,~SA~,5918,Sephiroth,100,2719,2,0
7819,GRC,Subversive Alliance,R*1,445884,sportyguy92,95,2451,1,0
7819,GRC,Subversive Alliance,~SA~,1285682,J-C,36,1299,1,0
7819,GRC,Subversive Alliance,~SA~,622539,gintux,87,797,1,0
7819,GRC,Subversive Alliance,~SA~,31567,NaX,97,783,1,0
7819,GRC,Subversive Alliance,~SA~,131289,Mia,99,500,1,4
7819,GRC,Subversive Alliance,~SA~,1414372,Fortytwo,100,283,1,0
7819,GRC,Subversive Alliance,HB1,1611194,Aitch,98,122,1,0
7819,GRC,Subversive Alliance,~SA~,1373916,icedogg,90,89,1,0
7819,GRC,Subversive Alliance,~SA~,482424,Nabisco,94,41,1,0
7819,GRC,PT-IronHearts,PT,876657,Cheb,38,242,1,0
7819,GRC,PT-IronHearts,PT,206028,Albie,36,224,1,0
7819,GRC,PT-IronHearts,undefined,2066557,Valentine,36,219,1,0
7819,GRC,PT-IronHearts,PT,2157640,mkmarq,37,210,1,0
7819,GRC,PT-IronHearts,PT,1367392,Ase,35,206,1,0
7819,GRC,PT-IronHearts,PT,1524338,OmegaNoob,20,206,1,0
7819,GRC,PT-IronHearts,PT,2114739,alexdts,44,195,1,0
7819,GRC,PT-IronHearts,undefined,1415505,innocent_angel,29,188,1,0
7819,GRC,PT-IronHearts,PT,2098829,Samurai,37,175,1,0
7819,GRC,PT-IronHearts,PT,2031085,PetNoot,28,168,1,0
7819,GRC,PT-IronHearts,PT,1968660,DavetheWanderer,21,122,1,0
7819,GRC,PT-IronHearts,PT,515203,PapaSetNov,31,79,1,0
7819,GRC,PT-IronHearts,PT,2016129,bcla7,57,78,1,0
7819,GRC,PT-IronHearts,PT,174660,MaLaB,99,70,1,0
7819,GRC,PT-IronHearts,PT,330973,Hogfather,78,26,1,0
7819,GRC,PT-IronHearts,PT,1328477,jannatul,49,18,1,0
7819,GRC,PT-IronHearts,PT,2088902,Wevie,32,7,1,0

7820,QXD,Unrelenting,UR,4309,Buzz,95,75393,36,19
7820,QXD,Unrelenting,UR,1900654,ItsZahid,65,68626,177,10
7820,QXD,Unrelenting,UR,1724255,BigBoyKhan,62,66223,78,0
7820,QXD,Unrelenting,UR,2107926,Wompyyy,42,53821,75,1
7820,QXD,Unrelenting,UR,2110470,DeathToAmerica,35,42941,46,0
7820,QXD,Unrelenting,UR,111337,PxKSnowball,68,41939,61,8
7820,QXD,Unrelenting,UR,1662528,Lucretia,45,36418,25,1
7820,QXD,Unrelenting,UR,10163,xXSupraXx,40,34855,28,0
7820,QXD,Unrelenting,UR,1980309,gustapo,65,34313,35,2
7820,QXD,Unrelenting,UR,2075264,JinHoshi,60,33188,55,3
7820,QXD,Unrelenting,UR,2203961,Red-Rabbit,23,33171,54,0
7820,QXD,Unrelenting,UR,2066685,Pachico,61,33168,37,2
7820,QXD,Unrelenting,URM,1977350,g-eazy,48,32279,37,0
7820,QXD,Unrelenting,UR,420413,DrWEEDKILLA,65,30496,27,2
7820,QXD,Unrelenting,UR,420862,Rico_,86,28940,11,0
7820,QXD,Unrelenting,UR,1040269,Uncle_D,61,28256,26,8
7820,QXD,Unrelenting,UR,1815363,Wing-Zero,65,27780,26,7
7820,QXD,Unrelenting,UR,1044045,WasteItOnMe,42,27515,44,0
7820,QXD,Unrelenting,UR,1179551,holman76,57,27447,13,0
7820,QXD,Unrelenting,UR,2161724,CaptainGreen,25,25310,41,6
7820,QXD,Unrelenting,UR,1924816,Prometheus,62,21376,8,0
7820,QXD,Unrelenting,UR,2192470,EvenOdds_,32,21248,25,4
7820,QXD,Unrelenting,UR,1754417,MRDON,17,20508,13,1
7820,QXD,Unrelenting,UR,1850088,Yellow,33,20178,37,1
7820,QXD,Unrelenting,HeLa,2150408,EtherealZ,31,20103,47,0
7820,QXD,Unrelenting,BT,1569797,Larten_Crepsley,69,18313,15,3
7820,QXD,Unrelenting,URM,115716,ScroogeMcDuck,78,18185,22,6
7820,QXD,Unrelenting,UR,1980299,Tanne,56,17413,18,4
7820,QXD,Unrelenting,UR,2072034,MolonLabe,58,17411,23,11
7820,QXD,Unrelenting,UR,2173624,PanzerFuhrer,25,16636,16,0
7820,QXD,Unrelenting,BT,1782274,Seba_Nile,57,16629,9,1
7820,QXD,Unrelenting,UR,21666,Mix,98,15910,5,0
7820,QXD,Unrelenting,UR,2038635,Gadzt,51,15316,11,0
7820,QXD,Unrelenting,HeLa,2163319,Sparklemadness,27,14150,16,2
7820,QXD,Unrelenting,UR,2127863,OpenSeason,34,13883,13,0
7820,QXD,Unrelenting,UR,2148145,-_-BIRD-_-,44,13612,16,0
7820,QXD,Unrelenting,UR,2150607,Blakeness,30,13273,7,0
7820,QXD,Unrelenting,HA,2106899,ash1futbol,48,11869,18,3
7820,QXD,Unrelenting,UR,2007755,Rajput15,31,11569,11,0
7820,QXD,Unrelenting,UR,2014756,schwendy,22,10622,7,0
7820,QXD,Unrelenting,UR,2173602,ItsSpaceOG,20,10218,13,0
7820,QXD,Unrelenting,UR,920743,aftershock,66,8964,15,13
7820,QXD,Unrelenting,UR,2031027,Woytech,39,8501,6,0
7820,QXD,Unrelenting,UR,2082068,NevilleHuffy,39,8492,22,0
7820,QXD,Unrelenting,UR,1642528,-BV-,75,8226,3,3
7820,QXD,Unrelenting,UR,1383932,Seedman123,45,6967,3,0
7820,QXD,Unrelenting,NOM,2220410,ChopperGunner,20,6777,3,0
7820,QXD,Unrelenting,UR,1784533,ametropia,61,6645,11,0
7820,QXD,Unrelenting,UR,2121421,nefarious_child,25,6398,4,0
7820,QXD,Unrelenting,UR,2116074,xHageneeSx,40,6314,23,0
7820,QXD,Unrelenting,undefined,985017,abzzy12988,43,6122,14,0
7820,QXD,Unrelenting,UR,1776756,Cxurtney,39,5619,13,4
7820,QXD,Unrelenting,SWAN,1425903,RaverBaloo,60,5469,4,0
7820,QXD,Unrelenting,UR,2040977,k3ryck,32,4659,4,0
7820,QXD,Unrelenting,UR,2097950,biltre,23,4530,4,0
7820,QXD,Unrelenting,URM,145785,Warrior888pro,59,3268,9,1
7820,QXD,Unrelenting,UR,1992877,Zakara,37,2621,2,0
7820,QXD,Unrelenting,UR,926617,Willie_Cicci,40,2443,3,0
7820,QXD,Unrelenting,GOLD,2125539,Psychomatic,24,2166,4,0
7820,QXD,Unrelenting,UR,586394,Cynical,52,2158,5,1
7820,QXD,Unrelenting,39th,256850,Killer-For-Hire,88,1252,3,1
7820,QXD,Unrelenting,HA,2172279,NorseDwarf,25,1171,2,0
7820,QXD,Unrelenting,BT,1950560,TheAdvert,35,1075,6,0
7820,QXD,Unrelenting,UR,1399239,Goltred,37,1011,4,1
7820,QXD,Unrelenting,UR,1927822,Hisame,41,956,1,0
7820,QXD,Unrelenting,UR,2029161,FilippaPingvin,50,956,2,1
7820,QXD,Unrelenting,UR,1314776,idkwhoiam,53,828,1,0
7820,QXD,Unrelenting,UR,2114845,Jedlin,25,770,2,0
7820,QXD,Unrelenting,UR,1956401,Tax_Man,40,319,1,0
7820,QXD,Unrelenting,UR,1045377,schilz,64,281,3,0
7820,QXD,Unrelenting,GOW,1988367,Nilraf,27,270,1,0
7820,QXD,Unrelenting,UR,2082554,Blume,50,115,2,0
7820,QXD,Unrelenting,UR,2147852,Evolved_Theroy,36,80,5,0
7820,QXD,Unrelenting,UR,512463,Stallion,52,21,1,0
7820,QXD,Unrelenting,UR,2118976,Pitka,26,4,1,0
7820,QXD,PT-Calculated,PT,1544514,Murd0Maniak,97,19928,12,76
7820,QXD,PT-Calculated,PT,83210,Nino,90,8418,3,13
7820,QXD,PT-Calculated,PT,955237,Yellowman,93,8226,5,28
7820,QXD,PT-Calculated,PT,34298,Butters,85,5566,1,3
7820,QXD,PT-Calculated,PT,1846544,JaFosteHaha,15,4893,19,19
7820,QXD,PT-Calculated,undefined,2246105,Yasmino,14,3971,6,0
7820,QXD,PT-Calculated,Pony,2249291,siuwandy,13,3165,14,0
7820,QXD,PT-Calculated,PT,2104143,Smartaq,31,2927,1,0
7820,QXD,PT-Calculated,PT,930499,MsJollyRancher,76,2471,7,38
7820,QXD,PT-Calculated,PT,949262,MeRocks,69,2339,34,39
7820,QXD,PT-Calculated,undefined,2249019,SandraG,11,2252,14,0
7820,QXD,PT-Calculated,PT,1946702,Stratiotis,73,1882,9,41
7820,QXD,PT-Calculated,PT,2189331,Hotshot,26,1244,6,20
7820,QXD,PT-Calculated,PT,2140025,BeerDrinker,15,1227,10,16
7820,QXD,PT-Calculated,PT,1730561,TheDaredVermin,75,1075,5,18
7820,QXD,PT-Calculated,PT,882958,Grif,95,1004,1,1
7820,QXD,PT-Calculated,undefined,894480,The_Spank,69,962,1,12
7820,QXD,PT-Calculated,undefined,1963826,Mundeer,47,953,4,1
7820,QXD,PT-Calculated,PT,229072,Sykor,40,940,5,28
7820,QXD,PT-Calculated,PT,1579225,logiet,80,935,11,15
7820,QXD,PT-Calculated,undefined,134122,The_New_Hope,100,903,1,0
7820,QXD,PT-Calculated,PT,887880,Devils-Advocate,88,873,2,0
7820,QXD,PT-Calculated,PT,2059567,WagwanG,17,840,15,52
7820,QXD,PT-Calculated,undefined,1503919,Valaskjalf,95,832,1,0
7820,QXD,PT-Calculated,PT,35198,Boxcar182,91,779,1,0
7820,QXD,PT-Calculated,DE,1844003,LODIzFINEST,69,779,2,0
7820,QXD,PT-Calculated,PT,67441,Destroys,100,730,4,30
7820,QXD,PT-Calculated,undefined,2248790,Slapjacky,13,727,3,0
7820,QXD,PT-Calculated,PT,1565387,WWG1WGA,75,692,1,0
7820,QXD,PT-Calculated,undefined,1263800,0zero7,55,660,1,0
7820,QXD,PT-Calculated,PT,761776,I_Am_BaZaaR,72,632,5,43
7820,QXD,PT-Calculated,undefined,2200759,percivaljackson,15,622,2,0
7820,QXD,PT-Calculated,PT,1609138,_AJ_,74,596,1,0
7820,QXD,PT-Calculated,PT,2003812,Groll,61,587,6,22
7820,QXD,PT-Calculated,PT,949287,--ccman2215--,81,578,1,0
7820,QXD,PT-Calculated,PT,1686809,lifu,65,578,1,0
7820,QXD,PT-Calculated,PT,1183240,Rua,71,547,1,10
7820,QXD,PT-Calculated,*DP*,1025362,BudRose,84,520,1,0
7820,QXD,PT-Calculated,PT,65635,bangster,91,509,1,0
7820,QXD,PT-Calculated,PT,1976145,Maching,80,478,1,0
7820,QXD,PT-Calculated,PT,1457539,Girish09,20,450,1,0
7820,QXD,PT-Calculated,PT,1434914,Zwixxx,83,436,1,0
7820,QXD,PT-Calculated,PT,2095726,The_Swag,51,274,9,20
7820,QXD,PT-Calculated,PT,2046131,Sub,89,273,1,4
7820,QXD,PT-Calculated,PT,527397,cooljoew,62,217,2,3
7820,QXD,PT-Calculated,STAR,2250550,Connan,7,187,3,0
7820,QXD,PT-Calculated,PT,2197102,Inochi,25,162,5,1
7820,QXD,PT-Calculated,PT,1612601,Gooding,67,157,1,8
7820,QXD,PT-Calculated,PT,273372,ATO,63,157,3,10
7820,QXD,PT-Calculated,PT,838134,Limonada,69,152,2,19
7820,QXD,PT-Calculated,UNT,2090451,MissHavisham,66,128,6,14
7820,QXD,PT-Calculated,PT,235408,RonSwanson,68,104,2,7
7820,QXD,PT-Calculated,PT,1867085,Recidivist,40,97,2,8
7820,QXD,PT-Calculated,PT,470785,DieselMack,85,94,2,11
7820,QXD,PT-Calculated,undefined,495689,Manners,80,92,2,19
7820,QXD,PT-Calculated,PT,1625061,Medikation,35,92,3,2
7820,QXD,PT-Calculated,PT,1631069,Mathematics,85,90,1,9
7820,QXD,PT-Calculated,PT,1658676,Trippn,35,89,1,1
7820,QXD,PT-Calculated,PT,2219788,Crylix,23,86,1,1
7820,QXD,PT-Calculated,PT,465395,The_Stab,69,79,1,16
7820,QXD,PT-Calculated,PT,2078209,PissinLizard,48,75,4,4
7820,QXD,PT-Calculated,PT,2091861,Sulla_Khan,42,69,2,18
7820,QXD,PT-Calculated,39th,1948134,Sharivan,57,66,1,2
7820,QXD,PT-Calculated,PT,2010418,Krakatok,30,65,1,0
7820,QXD,PT-Calculated,undefined,2190937,MiniMango,14,62,1,0
7820,QXD,PT-Calculated,PT,60666,alguem,100,55,1,0
7820,QXD,PT-Calculated,UNT,1433367,CitizenSnips,66,50,1,1
7820,QXD,PT-Calculated,PT,2091318,tyrech,49,44,3,13
7820,QXD,PT-Calculated,DA,1845013,edwardasl,44,40,1,1
7820,QXD,PT-Calculated,PT,2027126,Saf36,50,40,1,0
7820,QXD,PT-Calculated,PT,2023175,-Cahaya-,48,30,2,1
7820,QXD,PT-Calculated,undefined,2243952,kPUSH,7,28,1,0
7820,QXD,PT-Calculated,PT,2062714,-Grey-,15,18,2,9
7820,QXD,PT-Calculated,PT,2109263,Vanq,36,10,1,8
7820,QXD,PT-Calculated,MnC,2011298,Sanidade,60,0,0,6
7820,QXD,PT-Calculated,PT,222784,mave,81,0,0,8
7820,QXD,PT-Calculated,PT,1955080,AzureFlameGod,52,0,0,7
7820,QXD,PT-Calculated,PT,532553,Asuran,31,0,0,1
7820,QXD,PT-Calculated,PT,336112,Akagami,90,0,0,2
7820,QXD,PT-Calculated,PT,2074333,Ish_Joker,75,0,0,1
7820,QXD,PT-Calculated,PT,1710839,Gatusso,37,0,0,5
7820,QXD,PT-Calculated,KMA,2150836,Ashleyy_,35,0,0,5