7902,YQC,Subversive Alliance,39th,120362,WarAndPeace,86,372,1,1
7902,YQC,Chain Reaction,IA,1456558,-CaptainAmerica,99,2921,1,0
7902,YQC,Chain Reaction,~WP~,1716970,loveu2,94,2921,1,0
7902,YQC,Chain Reaction,C.R,1697426,BrewDog,100,2921,1,0
7902,YQC,Chain Reaction,C.R,1352251,ChristmasBazaar,100,2921,1,0
7902,YQC,Chain Reaction,39th,730674,Vernunzio,99,2921,1,0
7902,YQC,Chain Reaction,R*1,1825532,Alexstrasza,100,2921,1,0
7902,YQC,Chain Reaction,C.R,1648736,lewis_makumba,100,2921,1,0
7902,YQC,Chain Reaction,C.R,460247,Hippopotamus,95,2921,1,0
7902,YQC,Chain Reaction,C.R,428286,AlleyCat,100,2921,1,0
7902,YQC,Chain Reaction,C.R,125079,No-Stress,99,2921,1,0
7902,YQC,Chain Reaction,C.R,1701390,Master3z,92,2921,1,0
7902,YQC,Chain Reaction,R*1,748022,Kookaburra,100,1849,1,0
7902,YQC,Chain Reaction,~WP~,1554256,DoinYaMom,98,775,2,0
7902,YQC,Chain Reaction,~SA~,482424,Nabisco,94,713,1,0
7902,YQC,Chain Reaction,C.R,871983,YOUROWNER,95,574,1,0
7902,YQC,Chain Reaction,TNL,2015160,HDS_Andrew616,90,427,1,0
7902,YQC,Chain Reaction,C.R,674660,Gogeta_SSJ4,85,335,1,0
7902,YQC,Chain Reaction,C.R,1959944,NoGood,82,332,1,0
7902,YQC,Chain Reaction,C.R,1416950,Love_Muffin,78,331,3,0
7902,YQC,Chain Reaction,C.R,1763067,Somebody,86,319,2,0
7902,YQC,Chain Reaction,C.R,1879587,Proxima,100,266,2,0
7902,YQC,Chain Reaction,undefined,1992238,Ultrareign,95,232,1,0
7902,YQC,Chain Reaction,C.R,1288134,Browe,99,208,1,0
7902,YQC,Chain Reaction,C.R,1967379,Tyrion,85,82,1,0
7902,YQC,Chain Reaction,~SA~,1285682,J-C,36,54,1,0
7902,YQC,Chain Reaction,C.R,1814138,Lilith,94,31,1,0
7902,YQC,Chain Reaction,~WP~,1317237,Touch,100,4,1,0
7902,YQC,Chain Reaction,~WP~,2003190,kittenaround,85,0,1,0
7906,OFF,One Punch,~OP~,1618958,Master,91,45060,5,0
7906,OFF,One Punch,~OP~,1863227,Zwel,89,27320,4,5
7906,OFF,One Punch,~OP~,129990,King_David,95,26583,6,4
7906,OFF,One Punch,~OP~,1161983,TwoEleven,90,26190,9,0
7906,OFF,One Punch,~OP~,187782,Hard_wall,100,22100,2,0
7906,OFF,One Punch,~OP~,1264572,Death,96,20618,8,2
7906,OFF,One Punch,~OP~,668362,Revelation,90,18625,7,0
7906,OFF,One Punch,~OP~,1502426,waybeyondhelp,78,17483,11,0
7906,OFF,One Punch,~OP~,1328849,EX3,86,16955,10,0
7906,OFF,One Punch,~OP~,288076,Tankbusta,80,16915,2,0
7906,OFF,One Punch,~OP~,1925343,EnglandsFinest,80,16468,13,0
7906,OFF,One Punch,~OP~,1954421,ArttiIsGod,79,15717,10,1
7906,OFF,One Punch,~OP~,1291481,sawas,89,15481,3,0
7906,OFF,One Punch,~OP~,761663,Fishhead,90,15367,1,0
7906,OFF,One Punch,BoTS,1787515,The_Healer,74,14398,8,2
7906,OFF,One Punch,~OP~,1008657,Soul_Survivor,40,14380,6,0
7906,OFF,One Punch,~OP~,1952888,SHIINA,75,12213,4,0
7906,OFF,One Punch,~OP~,1484195,coopoon,78,11028,1,0
7906,OFF,One Punch,~OP~,867659,Midnight_Mack,80,10555,1,0
7906,OFF,One Punch,~OP~,997432,Hermit,85,10358,2,0
7906,OFF,One Punch,FTW,1033180,JS_Rep,95,9679,10,0
7906,OFF,One Punch,~OP~,1430520,HideOut,77,8849,5,0
7906,OFF,One Punch,~OP~,671176,Cobralov3r,81,8788,6,0
7906,OFF,One Punch,~OP~,5510,12Digitdan,65,8516,4,0
7906,OFF,One Punch,~OP~,681916,Lil_Hitman,55,7573,2,0
7906,OFF,One Punch,~OP~,1786727,LittleVinnie,56,7149,5,0
7906,OFF,One Punch,~OP~,81345,Lost-Soul,65,5892,9,0
7906,OFF,One Punch,~OP~,827175,Nuclear,83,5841,3,0
7906,OFF,One Punch,~OP~,1156272,Ijipop,60,5168,3,0
7906,OFF,One Punch,~OP~,1554173,H1ghl4nder,71,4735,9,0
7906,OFF,One Punch,~OP~,245215,Ground,30,4681,8,0
7906,OFF,One Punch,CR²,78061,-Glitch-,65,4616,2,0
7906,OFF,One Punch,~OP~,949810,heresy23,70,4560,4,0
7906,OFF,One Punch,~OP~,2131856,100T,42,4477,13,0
7906,OFF,One Punch,DA,2048878,TheDarkLight,65,3753,3,0
7906,OFF,One Punch,~OP~,2014395,DrillerDave,50,3433,2,0
7906,OFF,One Punch,~OP~,949847,jacks_colon,65,3421,6,0
7906,OFF,One Punch,~OP~,1602780,jfive,71,3228,10,1
7906,OFF,One Punch,~OP~,812471,BORK,54,2972,7,0
7906,OFF,One Punch,~OP~,551742,True_Aryas,55,2592,1,0
7906,OFF,One Punch,~SA~,332505,Midknight,100,2380,1,0
7906,OFF,One Punch,tBP,501007,LadyVirgo,72,2138,9,0
7906,OFF,One Punch,BSG,2085307,Venomancer,70,1825,19,0
7906,OFF,One Punch,~OP~,1474240,boonick44,69,1783,5,0
7906,OFF,One Punch,~OP~,1914854,BuLLsDiE,38,1428,1,0
7906,OFF,One Punch,~OP~,956187,ladyK,26,1306,2,0
7906,OFF,One Punch,~OP~,2113961,BaasJ,30,1175,1,0
7906,OFF,One Punch,~OP~,2058538,Jibblets,28,988,6,0
7906,OFF,One Punch,~OP~,1280905,Hypocritical,84,976,6,0
7906,OFF,One Punch,DEN,2173811,XCFRES,20,924,3,0
7906,OFF,One Punch,~OP~,1531045,Mr_Owl,70,797,7,0
7906,OFF,One Punch,IA,1971205,White_Lightning,15,772,3,0
7906,OFF,One Punch,~OP~,1916362,Vegas_Dave,50,593,5,0
7906,OFF,One Punch,~OP~,913832,MoneyBadger,85,593,2,0
7906,OFF,One Punch,UGK,1034218,Diamond_Dog,61,547,2,0
7906,OFF,One Punch,C.R,89581,Htr,100,501,1,0
7906,OFF,One Punch,~OP~,420408,Greasha,85,482,2,0
7906,OFF,One Punch,HeLa,1958780,skyarya,35,476,3,0
7906,OFF,One Punch,~OP~,748455,rottenstock,69,359,1,0
7906,OFF,One Punch,~OP~,734492,BabyLuST,49,226,1,0
7906,OFF,One Punch,~OP~,1616518,Motag8tor,55,163,3,1
7906,OFF,PT-Penguins,PT,1021253,TriTuRaDor,81,464,5,4
7906,OFF,PT-Penguins,PT,169777,daCampa,100,459,1,0
7906,OFF,PT-Penguins,PT,1516155,Kaxuxo,92,415,1,0
7906,OFF,PT-Penguins,PT,213538,SaTuRn0,91,330,1,0
7906,OFF,PT-Penguins,PT,1654931,thestud,98,309,1,0
7906,OFF,PT-Penguins,KMA,539752,Garrincha,82,211,1,0
7906,OFF,PT-Penguins,PT,639340,PERESTROIKA,66,192,1,0
7906,OFF,PT-Penguins,PT,2224491,vavidoa,18,183,4,0
7906,OFF,PT-Penguins,PT,196852,mini_sagres,75,176,1,0
7906,OFF,PT-Penguins,undefined,2224343,Flurrik,12,135,1,0
7906,OFF,PT-Penguins,undefined,189303,pacha,64,119,1,0
7906,OFF,PT-Penguins,PT,84161,BlasteR,61,108,1,0
7906,OFF,PT-Penguins,PT,1405969,burglar,21,97,1,0
7906,OFF,PT-Penguins,PT,2218426,Ghostfacekilla,15,16,1,0
7907,YPF,Chain Reaction,FTW,99177,BodyBagger,100,88195,1,20
7907,YPF,Chain Reaction,C.R,1879587,Proxima,100,79511,138,138
7907,YPF,Chain Reaction,~WP~,1317237,Touch,100,74785,118,87
7907,YPF,Chain Reaction,C.R,1352251,ChristmasBazaar,100,74156,58,47
7907,YPF,Chain Reaction,C.R,1915023,CrazedOne,99,74153,70,109
7907,YPF,Chain Reaction,C.R,77011,DFC,100,72113,90,82
7907,YPF,Chain Reaction,R*1,1523811,GoldenFeel,99,67624,24,27
7907,YPF,Chain Reaction,C.R,1288134,Browe,99,56686,141,67
7907,YPF,Chain Reaction,R*1,108922,HT-Supermikk,100,55547,38,92
7907,YPF,Chain Reaction,FTW,1542326,Krastinov,100,54993,31,66
7907,YPF,Chain Reaction,~SA~,176898,SaliD,100,52555,30,100
7907,YPF,Chain Reaction,R*1,748022,Kookaburra,100,51502,31,78
7907,YPF,Chain Reaction,C.R,202258,piney,100,47903,38,55
7907,YPF,Chain Reaction,R*1,900534,Dekloren,100,45652,39,62
7907,YPF,Chain Reaction,~SA~,5918,Sephiroth,100,45509,20,46
7907,YPF,Chain Reaction,C.R,1525609,RefleX_,98,45507,72,67
7907,YPF,Chain Reaction,C.R,89581,Htr,100,41558,38,34
7907,YPF,Chain Reaction,C.R,125079,No-Stress,99,40586,38,27
7907,YPF,Chain Reaction,FTW,2050558,Hildegarde,100,37927,23,73
7907,YPF,Chain Reaction,~SA~,31567,NaX,97,37166,43,47
7907,YPF,Chain Reaction,C.R,209070,Tascon,100,36887,20,38
7907,YPF,Chain Reaction,~SA~,482424,Nabisco,94,36157,27,34
7907,YPF,Chain Reaction,FTW,1337627,Afwas,100,31629,26,30
7907,YPF,Chain Reaction,~SA~,1537440,dinky,100,30545,21,15
7907,YPF,Chain Reaction,C.R,590839,-BC-Pagee,100,28504,22,48
7907,YPF,Chain Reaction,~SA~,131289,Mia,99,27668,71,85
7907,YPF,Chain Reaction,~WP~,1554256,DoinYaMom,98,24452,51,48
7907,YPF,Chain Reaction,~SA~,226888,snap,100,24061,14,10
7907,YPF,Chain Reaction,R*1,1825532,Alexstrasza,100,22876,16,29
7907,YPF,Chain Reaction,C.R,1697426,BrewDog,100,21210,28,52
7907,YPF,Chain Reaction,~SA~,332505,Midknight,100,20796,26,37
7907,YPF,Chain Reaction,R*1,812478,MightyGoober,100,20500,38,49
7907,YPF,Chain Reaction,R*1,1785428,Td3h,99,19990,15,29
7907,YPF,Chain Reaction,C.R,1914682,-DEL-,93,19800,185,45
7907,YPF,Chain Reaction,~SA~,256222,MmM,97,17498,13,17
7907,YPF,Chain Reaction,C.R,1712182,Muttley,86,16558,74,32
7907,YPF,Chain Reaction,C.R,1667842,Jokur,94,14455,62,20
7907,YPF,Chain Reaction,C.R,1579270,PsycWard,91,13692,120,40
7907,YPF,Chain Reaction,C.R,428286,AlleyCat,100,13343,20,31
7907,YPF,Chain Reaction,R*1,1732212,Hank,100,12713,14,39
7907,YPF,Chain Reaction,C.R,1958969,Mania,90,12644,102,36
7907,YPF,Chain Reaction,UP,107444,Westend,100,11968,13,32
7907,YPF,Chain Reaction,39th,730674,Vernunzio,99,11802,12,10
7907,YPF,Chain Reaction,39th,1668319,bacon,100,11681,7,3
7907,YPF,Chain Reaction,R*1,1034523,Tezwar,100,11405,7,17
7907,YPF,Chain Reaction,C.R,360957,CaptainBiceps,99,10975,11,10
7907,YPF,Chain Reaction,C.R,1553098,HV-Soldier,98,10592,33,13
7907,YPF,Chain Reaction,C.R,1265909,TGA_DeViL,95,9712,136,45
7907,YPF,Chain Reaction,C.R,1884314,MeanMike,95,9649,41,18
7907,YPF,Chain Reaction,C.R,2011902,CrimsonXray,89,9552,73,43
7907,YPF,Chain Reaction,C.R,1967379,Tyrion,85,9518,97,21
7907,YPF,Chain Reaction,R*1,302973,lonewolf,100,9351,6,26
7907,YPF,Chain Reaction,C.R,249471,Decisive_Fire,90,9086,182,56
7907,YPF,Chain Reaction,~WP~,1716970,loveu2,94,9061,62,31
7907,YPF,Chain Reaction,C.R,972654,Jacob,96,8985,40,46
7907,YPF,Chain Reaction,C.R,2013640,Johnny_G,90,8769,43,2
7907,YPF,Chain Reaction,C.R,2042332,jjinn,84,8501,112,36
7907,YPF,Chain Reaction,C.R,575512,shwibbing,80,8275,57,37
7907,YPF,Chain Reaction,C.R,1015037,TEEJ,97,7918,18,5
7907,YPF,Chain Reaction,C.R,1857028,CerealKillaKyle,93,7810,21,6
7907,YPF,Chain Reaction,C.R,1339003,Perioda,91,7622,66,12
7907,YPF,Chain Reaction,~WP~,1922819,Michi,90,7452,9,1
7907,YPF,Chain Reaction,C.R,1918071,DeusVorpal,80,7445,54,10
7907,YPF,Chain Reaction,C.R,872103,Scampi,100,7395,6,6
7907,YPF,Chain Reaction,C.R,1763067,Somebody,86,7249,106,56
7907,YPF,Chain Reaction,~SA~,1014664,2dogs,99,7109,8,10
7907,YPF,Chain Reaction,C.R,1446761,frostedclaws,90,7031,60,22
7907,YPF,Chain Reaction,FTW,1315845,Billiken,97,6798,10,11
7907,YPF,Chain Reaction,~SA~,204836,Slork,100,6073,12,16
7907,YPF,Chain Reaction,C.R,1701390,Master3z,92,6024,17,12
7907,YPF,Chain Reaction,C.R,450820,Hydra,95,5919,27,14
7907,YPF,Chain Reaction,undefined,1992238,Ultrareign,95,5894,39,51
7907,YPF,Chain Reaction,C.R,1998312,MrLovePants,86,5799,71,10
7907,YPF,Chain Reaction,C.R,148961,Thrie,100,5639,27,15
7907,YPF,Chain Reaction,C.R,1899531,zaje,88,5574,29,8
7907,YPF,Chain Reaction,C.R,871983,YOUROWNER,95,5554,24,12
7907,YPF,Chain Reaction,~SA~,499614,Iron_Cross,100,5306,8,12
7907,YPF,Chain Reaction,~SA~,1639350,Rockem,92,5163,6,6
7907,YPF,Chain Reaction,C.R,1010587,myshoeshurt,100,5053,13,3
7907,YPF,Chain Reaction,C.R,12469,Tygra,91,5004,35,6
7907,YPF,Chain Reaction,TNL,2015160,HDS_Andrew616,90,4887,48,22
7907,YPF,Chain Reaction,C.R,1977742,NOLAW,86,4768,31,16
7907,YPF,Chain Reaction,~SA~,220641,Twigman,96,4567,27,20
7907,YPF,Chain Reaction,C.R,942591,MaxMekker,95,4404,5,9
7907,YPF,Chain Reaction,C.R,1648788,_7_,94,4324,31,15
7907,YPF,Chain Reaction,C.R,2017141,TxGemini,85,3759,32,15
7907,YPF,Chain Reaction,~WP~,1978428,Yautja,83,3746,38,14
7907,YPF,Chain Reaction,~WP~,1885249,Tinybubble,90,3680,26,32
7907,YPF,Chain Reaction,C.R,1921594,Norm,90,3670,34,52
7907,YPF,Chain Reaction,~WP~,2003190,kittenaround,85,3528,73,17
7907,YPF,Chain Reaction,IBB,1530574,Lily,92,3375,18,6
7907,YPF,Chain Reaction,C.R,361121,Breadfan,95,3358,20,24
7907,YPF,Chain Reaction,FTW,302832,Duk4,51,3319,17,2
7907,YPF,Chain Reaction,C.R,750078,Captive,92,3273,31,36
7907,YPF,Chain Reaction,C.R,1982831,VinnyCarwash,89,3273,50,23
7907,YPF,Chain Reaction,C.R,439035,BullsCry,90,2898,25,21
7907,YPF,Chain Reaction,C.R,674660,Gogeta_SSJ4,85,2895,23,9
7907,YPF,Chain Reaction,C.R,1868288,Cartis,83,2427,34,20
7907,YPF,Chain Reaction,IA,1456558,-CaptainAmerica,99,2349,2,1
7907,YPF,Chain Reaction,C.R,1865243,IamIke,79,2240,52,7
7907,YPF,Chain Reaction,C.R,1920851,0tt3r,83,2167,37,20
7907,YPF,Chain Reaction,C.R,2019440,Nefarious_,87,2109,33,12
7907,YPF,Chain Reaction,,1551642,SSB,92,1993,24,18
7907,YPF,Chain Reaction,C.R,512975,Scuba,90,1968,25,11
7907,YPF,Chain Reaction,C.R,1416950,Love_Muffin,78,1963,25,11
7907,YPF,Chain Reaction,~SA~,424299,WindDancer,92,1761,6,5
7907,YPF,Chain Reaction,C.R,2036550,punchin,83,1662,13,0
7907,YPF,Chain Reaction,C.R,1959944,NoGood,82,1637,22,2
7907,YPF,Chain Reaction,FTW,1815556,Nesa,100,1509,5,2
7907,YPF,Chain Reaction,HELL,271756,Buuwack,73,1441,21,6
7907,YPF,Chain Reaction,C.R,1264011,Kraft,90,1376,15,6
7907,YPF,Chain Reaction,C.R,1814138,Lilith,94,1088,16,1
7907,YPF,Chain Reaction,~SA~,1285682,J-C,36,1044,14,1
7907,YPF,Chain Reaction,C.R,1996277,Metaldog,80,1027,4,1
7907,YPF,Chain Reaction,~OP~,2131856,100T,42,865,42,14
7907,YPF,Chain Reaction,C.R,448404,ChaosCat,93,758,4,1
7907,YPF,Chain Reaction,C.R,460247,Hippopotamus,95,643,5,4
7907,YPF,Chain Reaction,C.R,1988609,Dralcon,81,634,8,2
7907,YPF,Chain Reaction,C.R,496570,hustl3r,93,613,7,5
7907,YPF,Chain Reaction,C.R,1805217,Devoid,84,503,10,6
7907,YPF,Chain Reaction,C.R,88656,the_gunners2004,88,501,5,0
7907,YPF,Chain Reaction,C.R,1907489,Tramadol,84,500,4,0
7907,YPF,Chain Reaction,~SA~,1373916,icedogg,90,472,6,20
7907,YPF,Chain Reaction,C.R,1992055,JoeSomethin,73,219,3,0
7907,YPF,Chain Reaction,C.R,388263,iLL0GiCaLL0GiC,87,198,5,3
7907,YPF,Chain Reaction,C.R,2001661,DrunkPunk,83,189,3,0
7907,YPF,Chain Reaction,C.R,2001304,RealityShift,86,169,3,1
7907,YPF,JFA,JFK™,247674,Z_junior,100,99482,24,121
7907,YPF,JFA,Bird,979003,deft,100,89137,43,123
7907,YPF,JFA,JFK™,59922,DrGonzo,100,76124,17,71
7907,YPF,JFA,JFA,1517799,Penicillin,100,49585,28,129
7907,YPF,JFA,JFK™,180202,SenSational,100,28887,51,105
7907,YPF,JFA,JFK™,345050,CindyFury,100,23237,25,150
7907,YPF,JFA,JFA,687643,Vicarious,99,22974,118,110
7907,YPF,JFA,JFA,1846075,Stretch,95,22426,136,87
7907,YPF,JFA,JFK™,206758,Thief,100,19234,123,102
7907,YPF,JFA,JFK™,868334,Tiller,100,16667,65,71
7907,YPF,JFA,JFA,1636201,CloudJumper,100,16296,77,38
7907,YPF,JFA,JFA,1591396,Blaze,100,15906,103,71
7907,YPF,JFA,JFA,1461513,twak,99,13586,68,26
7907,YPF,JFA,JFA,1862952,Psychotica,98,13556,72,62
7907,YPF,JFA,JFA,376991,MrsMojoMofo,100,13391,39,18
7907,YPF,JFA,JFK™,1570883,Nova,100,13293,107,104
7907,YPF,JFA,JFA,1635353,Knuckles,89,11755,69,80
7907,YPF,JFA,JFA,627688,MOJOMOFO,100,11753,39,28
7907,YPF,JFA,JFK™,1187920,XIII,98,11717,38,60
7907,YPF,JFA,JFK™,270517,rjkc4,100,9798,29,61
7907,YPF,JFA,JFA,1598560,Ziusc,96,9747,73,87
7907,YPF,JFA,JFA,1392638,SparkyMarky,100,8997,48,60
7907,YPF,JFA,JFA,518314,RidgeRunner,100,8470,38,20
7907,YPF,JFA,BS,2119592,imSkyler,35,8335,379,0
7907,YPF,JFA,JFA,1311397,wc_how,97,8329,41,18
7907,YPF,JFA,JFA,1573265,Shadowe1,96,8016,62,36
7907,YPF,JFA,PT,163143,Mentalist,99,7863,25,25
7907,YPF,JFA,JFA,1496632,Reagan,95,7835,92,38
7907,YPF,JFA,JFA,585240,Cazio,83,7561,177,4
7907,YPF,JFA,JFA,1617496,Intimidator,100,7185,36,53
7907,YPF,JFA,JFA,2015134,Zachjuv,87,6706,154,83
7907,YPF,JFA,JFA,1875132,Karen,85,6524,81,18
7907,YPF,JFA,JFA,1632322,HTTR,98,6461,49,45
7907,YPF,JFA,JFA,259767,Big_Rico,100,6097,37,73
7907,YPF,JFA,JFK™,553318,mug,100,6039,14,8
7907,YPF,JFA,JFA,1875013,Knuff,81,5898,94,27
7907,YPF,JFA,JFA,262593,Flander,97,5756,15,22
7907,YPF,JFA,JFA,1935006,Chronasseur,80,5688,108,17
7907,YPF,JFA,JFA,1863998,ofgortens,96,5612,50,46
7907,YPF,JFA,JFA,1577887,Droxi,99,5578,34,21
7907,YPF,JFA,JFK™,1568669,Boxer,100,5488,30,49
7907,YPF,JFA,undefined,1185073,Sergeant_Major,92,5328,37,33
7907,YPF,JFA,JFK™,74835,Aries21,100,5319,16,56
7907,YPF,JFA,JFA,1558437,test90,91,5264,44,10
7907,YPF,JFA,JFK™,107946,BangNapi,97,5201,44,38
7907,YPF,JFA,JFA,663075,Adversary,100,5140,33,48
7907,YPF,JFA,JFA,1324651,Foesz,91,4928,52,0
7907,YPF,JFA,JFA,1869274,Dredd,93,4870,58,49
7907,YPF,JFA,JFK™,78403,CHunger,100,4846,15,19
7907,YPF,JFA,JFA,1966136,Armag3ddoN,83,4740,120,11
7907,YPF,JFA,JFA,1414429,Slothex,100,4679,19,33
7907,YPF,JFA,JFA,995650,RowdyRedneck,81,4411,102,5
7907,YPF,JFA,JFA,526512,Harris522,86,4405,72,0
7907,YPF,JFA,JFA,866181,Deansrule,80,4326,56,20
7907,YPF,JFA,JFA,343124,M3G47HR0N,100,4250,19,59
7907,YPF,JFA,JFK™,7800,taktikz,100,4011,28,16
7907,YPF,JFA,JFA,573947,Punch_Drunk,92,3961,86,25
7907,YPF,JFA,JFK™,390615,Aeroroot,100,3889,19,46
7907,YPF,JFA,JFA2,982382,Rhino,90,3813,57,28
7907,YPF,JFA,JFA,1874922,JussiJernkuuk,90,3792,14,11
7907,YPF,JFA,JFA,1598712,Tekkis,89,3634,57,8
7907,YPF,JFA,JFA,1869119,prehensile,93,3292,27,19
7907,YPF,JFA,JFA,865822,-Ryan,89,3202,50,35
7907,YPF,JFA,JFA,119434,Clifford,91,3171,38,24
7907,YPF,JFA,JFK™,27478,HellR4iser,100,3147,19,2
7907,YPF,JFA,JFA,220855,kardel,93,3124,28,23
7907,YPF,JFA,PT,940584,ruler,100,2968,11,15
7907,YPF,JFA,JFA,1795241,ZOMB13,89,2949,40,8
7907,YPF,JFA,JFA,1821671,Otter,86,2680,56,27
7907,YPF,JFA,JFA,496062,TED,90,2550,22,13
7907,YPF,JFA,undefined,1608221,MOBSTYLE,86,2538,40,3
7907,YPF,JFA,JFA,980873,Turtlobenzene,90,2508,28,34
7907,YPF,JFA,JFA,1321910,Ceberix,90,2478,20,11
7907,YPF,JFA,JFK™,380980,Sky,100,2465,10,9
7907,YPF,JFA,JFA,1512694,Donandres,95,2415,20,27
7907,YPF,JFA,JFA,1536612,TheCanadianPunk,89,2283,24,13
7907,YPF,JFA,JFA,1899758,Stente,84,2247,25,17
7907,YPF,JFA,JFA,358730,Abrams,99,2141,7,3
7907,YPF,JFA,JFA,1827148,Shorty,90,2125,16,9
7907,YPF,JFA,JFA,1580503,bloodbaine,91,2073,12,5
7907,YPF,JFA,BS,1562784,bblake17,93,2062,32,8
7907,YPF,JFA,JFA2,2136731,AnnieGwish,45,1943,91,0
7907,YPF,JFA,JFA,1563953,DieHardGunner,90,1718,12,9
7907,YPF,JFA,JFA2,2185405,Tiksu,20,1640,58,0
7907,YPF,JFA,JFK™,1854679,Daisy_Lynn,88,1638,22,16
7907,YPF,JFA,NOOB,2726,T-Rex,96,1614,7,1
7907,YPF,JFA,BS,52696,Staphylococcus,87,1590,29,18
7907,YPF,JFA,JFK™,424998,UBIK,100,1589,6,2
7907,YPF,JFA,JFA2,1629411,Kronos,81,1585,19,20
7907,YPF,JFA,[ÐA],502675,ColdSystem,94,1580,22,4
7907,YPF,JFA,JFK™,194889,Paige,81,1577,24,12
7907,YPF,JFA,undefined,693575,ImWoman,88,1534,29,9
7907,YPF,JFA,JFA,1866260,-prodigy-,86,1534,32,12
7907,YPF,JFA,JFA,1613784,IN_COLD_BLOOD,85,1531,27,23
7907,YPF,JFA,JFA,567927,Slashh,91,1402,14,14
7907,YPF,JFA,2.1,1598729,realistassasin,53,1270,62,0
7907,YPF,JFA,BS,2080083,twerkalator,73,1252,49,0
7907,YPF,JFA,JFA,1886958,blackacidblood,91,1252,21,8
7907,YPF,JFA,~SA~,2081212,HiIdegarde,58,1160,50,0
7907,YPF,JFA,JFA2,1522242,Cherreh,60,993,40,0
7907,YPF,JFA,JFA2,2003693,Hcom3,76,901,38,0
7907,YPF,JFA,PT,1965595,MilkMommy,88,880,22,0
7907,YPF,JFA,[Y],1763498,drytorch,95,857,22,26
7907,YPF,JFA,~SA~,2062799,WhatTheShitLana,65,843,39,0
7907,YPF,JFA,JFA,1904837,CapturerHulkmad,83,781,19,7
7907,YPF,JFA,PT,42111,Beer_Bear,96,772,7,4
7907,YPF,JFA,JFA,1870725,JimmyC,80,760,8,0
7907,YPF,JFA,JFA2,2165616,hemi,35,749,27,0
7907,YPF,JFA,DoA,1314640,Abirul,35,704,12,0
7907,YPF,JFA,Bird,1615339,sinisista,97,673,12,1
7907,YPF,JFA,PT,1516155,Kaxuxo,92,658,13,8
7907,YPF,JFA,JFA,1009309,yawzaw,84,597,12,0
7907,YPF,JFA,JFK™,988807,HairyHarry,89,555,13,2
7907,YPF,JFA,JFA2,1903685,Scamlife,79,551,16,3
7907,YPF,JFA,JFA2,2094582,Ara,66,523,18,1
7907,YPF,JFA,M&C,732810,Michelle-420-,100,508,4,0
7907,YPF,JFA,VA,1013799,KyleWaXeDU,87,494,10,0
7907,YPF,JFA,JFA,1933955,John,88,487,13,9
7907,YPF,JFA,JFA2,1793859,PaiteBoy,60,478,10,0
7907,YPF,JFA,JFK™,1939283,Saberwulf,75,423,8,1
7907,YPF,JFA,*F*,2243422,S001,15,403,14,0
7907,YPF,JFA,BS,1563099,Mekare,50,386,8,0
7907,YPF,JFA,BS,2074167,Blazescorch,40,356,13,0
7907,YPF,JFA,JFA2,1978690,deft0ne,60,329,10,0
7907,YPF,JFA,undefined,692571,TrAsH_FiSh,90,310,3,2
7907,YPF,JFA,JFA2,2200587,Gawdly,29,282,8,0
7907,YPF,JFA,M&C,1074856,Sarah01,91,262,7,2
7907,YPF,JFA,undefined,1649392,TheChechen,81,239,6,3
7907,YPF,JFA,JFA,1183749,Baka,100,211,4,8
7907,YPF,JFA, JFR,1778428,Fox,90,196,2,1
7907,YPF,JFA,JFA2,1138025,Antastic,50,183,8,0
7907,YPF,JFA,JFA,1583141,ArticFz,91,160,4,4
7907,YPF,JFA,BS,1640904,Rchkeir,60,151,6,0
7907,YPF,JFA,JFA2,2075642,DekIoren,67,141,11,0
7907,YPF,JFA, JFR,1261819,g_ho,93,109,3,2
7907,YPF,JFA,JFA,2046182,Kamical,72,106,4,0
7907,YPF,JFA,~SA~,2036722,DammitArcher,71,102,5,0
7907,YPF,JFA,JFA2,2125774,Invert,45,70,3,0
7907,YPF,JFA,JFA2,315389,Spliffy,84,42,2,2
7907,YPF,JFA,MnC,2003412,Vikenstein,63,39,9,0
7907,YPF,JFA,JFA2,2045029,Val_Venis,66,27,2,0
7907,YPF,JFA,JFA2,1619658,_DBCooper_,75,19,1,0
7907,YPF,JFA,MnC,2118353,Experiment626,35,18,2,0
7907,YPF,JFA,JFA2,1065848,Hospitalize,50,18,2,0
7908,XTD,Unrelenting,R*1,900534,Dekloren,100,14615,2,0
7908,XTD,Unrelenting,UR,21666,Mix,98,11598,9,1
7908,XTD,Unrelenting,~WP~,1716970,loveu2,94,3686,2,7
7908,XTD,Unrelenting,UR,1980309,gustapo,65,3526,15,1
7908,XTD,Unrelenting,UR,2072034,MolonLabe,58,3366,15,9
7908,XTD,Unrelenting,UR,111337,PxKSnowball,68,3236,18,7
7908,XTD,Unrelenting,URM,115716,ScroogeMcDuck,78,3024,5,3
7908,XTD,Unrelenting,UR,920743,aftershock,66,2941,7,5
7908,XTD,Unrelenting,SWAN,1425903,RaverBaloo,60,2851,14,5
7908,XTD,Unrelenting,UR,1924816,Prometheus,62,2744,9,0
7908,XTD,Unrelenting,HA,2140405,Fahren,15,2255,15,1
7908,XTD,Unrelenting,UR,1815363,Wing-Zero,65,1627,12,5
7908,XTD,Unrelenting,UR,2203961,Red-Rabbit,23,1553,14,0
7908,XTD,Unrelenting,UR,1044045,WasteItOnMe,42,1418,9,1
7908,XTD,Unrelenting,BT,1782274,Seba_Nile,57,1329,9,4
7908,XTD,Unrelenting,NOM,2137486,Stigandr,25,1114,12,1
7908,XTD,Unrelenting,UR,2007755,Rajput15,31,951,5,0
7908,XTD,Unrelenting,UR,420413,DrWEEDKILLA,65,942,18,4
7908,XTD,Unrelenting,URM,1977350,g-eazy,48,910,20,1
7908,XTD,Unrelenting,C.R,439035,BullsCry,90,909,2,1
7908,XTD,Unrelenting,HeLa,2150408,EtherealZ,31,894,11,0
7908,XTD,Unrelenting,UR,2116074,xHageneeSx,40,857,7,2
7908,XTD,Unrelenting,NOM,1651049,Natty_Boh,27,803,12,1
7908,XTD,Unrelenting,HeLa,2163319,Sparklemadness,27,786,9,2
7908,XTD,Unrelenting,UR,2148145,-_-BIRD-_-,44,768,10,0
7908,XTD,Unrelenting,UR,2110470,DeathToAmerica,35,704,7,0
7908,XTD,Unrelenting,UR,2005565,Ms_Kenji,49,671,1,0
7908,XTD,Unrelenting,UR,2127863,OpenSeason,34,652,2,0
7908,XTD,Unrelenting,UR,1662528,Lucretia,45,629,4,0
7908,XTD,Unrelenting,UR,10163,xXSupraXx,40,626,11,1
7908,XTD,Unrelenting,UR,1980299,Tanne,56,525,4,0
7908,XTD,Unrelenting,UR,2014756,schwendy,22,513,5,0
7908,XTD,Unrelenting,UR,2029161,FilippaPingvin,50,476,2,0
7908,XTD,Unrelenting,UR,2114845,Jedlin,25,456,1,0
7908,XTD,Unrelenting,UR,2147852,Evolved_Theroy,36,451,5,0
7908,XTD,Unrelenting,UR,2082554,Blume,50,448,2,0
7908,XTD,Unrelenting,UR,2107926,Wompyyy,42,444,5,0
7908,XTD,Unrelenting,UR,2028612,peterpingvin,48,422,1,0
7908,XTD,Unrelenting,HA,2106899,ash1futbol,48,370,10,3
7908,XTD,Unrelenting,HA,2172279,NorseDwarf,25,369,5,0
7908,XTD,Unrelenting,UR,1179551,holman76,57,351,3,1
7908,XTD,Unrelenting,UR,2075264,JinHoshi,60,338,2,2
7908,XTD,Unrelenting,UR,2150607,Blakeness,30,327,3,0
7908,XTD,Unrelenting,GOLD,2125539,Psychomatic,24,322,3,0
7908,XTD,Unrelenting,UR,2121421,nefarious_child,25,315,3,1
7908,XTD,Unrelenting,UR,731119,BC-NiGhT_kNiGhT,47,286,1,0
7908,XTD,Unrelenting,UR,2192470,EvenOdds_,32,276,1,1
7908,XTD,Unrelenting,undefined,985017,abzzy12988,43,186,2,0
7908,XTD,Unrelenting,UR,1306816,Arthelion,67,177,1,0
7908,XTD,Unrelenting,GOW,1988367,Nilraf,27,132,1,0
7908,XTD,Unrelenting,NOM,2057858,HonorableRrez,25,128,1,0
7908,XTD,Unrelenting,UR,1045377,schilz,64,126,1,1
7908,XTD,Unrelenting,UR,2010004,starry-eyed,28,119,1,0
7908,XTD,Unrelenting,C.R,1601768,Mundo,90,112,1,0
7908,XTD,Unrelenting,UR,1399239,Goltred,37,105,1,1
7908,XTD,Unrelenting,UR,1850088,Yellow,33,103,3,0
7908,XTD,Unrelenting,UR,2032777,Chr1s,28,84,2,0
7908,XTD,Unrelenting,UR,1670030,Bernzzzie,49,80,1,1
7908,XTD,Unrelenting,UR,1784533,ametropia,61,74,1,1
7908,XTD,Unrelenting,ELTI,1943342,007Masterfate,65,61,1,0
7908,XTD,Unrelenting,UR,2082068,NevilleHuffy,39,56,1,0
7908,XTD,Unrelenting,UR,2161724,CaptainGreen,25,52,1,0
7908,XTD,Unrelenting,UR,420862,Rico_,86,42,1,0
7908,XTD,Unrelenting,UR,1992877,Zakara,37,35,1,0
7908,XTD,Unrelenting,UR,586394,Cynical,52,28,1,0
7908,XTD,Unrelenting,BT,1950560,TheAdvert,35,22,1,0
7908,XTD,Unrelenting,UR,1776756,Cxurtney,39,16,1,0
7908,XTD,Unrelenting,UR,2031027,Woytech,39,16,1,0
7908,XTD,Unrelenting,UR,1900654,ItsZahid,65,14,1,0
7908,XTD,Unrelenting,UR,2097950,biltre,23,3,1,0
7908,XTD,PT-Calculated,PT,1480701,-mad,82,55075,3,0
7908,XTD,PT-Calculated,PT,83210,Nino,90,52585,3,0
7908,XTD,PT-Calculated,PT,882958,Grif,95,50481,3,1
7908,XTD,PT-Calculated,PT,79649,regulator906,67,50330,3,0
7908,XTD,PT-Calculated,PT,1631069,Mathematics,85,48704,2,1
7908,XTD,PT-Calculated,undefined,1844909,Deathy,56,44724,1,0
7908,XTD,PT-Calculated,PT,506807,Mathik,60,43374,5,0
7908,XTD,PT-Calculated,PT,1955080,AzureFlameGod,52,42828,6,6
7908,XTD,PT-Calculated,PT,2000828,The_Dave,76,35983,6,0
7908,XTD,PT-Calculated,PT,930499,MsJollyRancher,76,33158,19,21
7908,XTD,PT-Calculated,PT,1686809,lifu,65,28325,3,4
7908,XTD,PT-Calculated,PT,2046131,Sub,89,25247,10,0
7908,XTD,PT-Calculated,PT,838134,Limonada,69,24281,6,2
7908,XTD,PT-Calculated,PT,1183240,Rua,71,22620,20,20
7908,XTD,PT-Calculated,PT,2189331,Hotshot,26,22367,15,2
7908,XTD,PT-Calculated,PT,1946702,Stratiotis,73,21752,11,7
7908,XTD,PT-Calculated,PT,123295,hwachong,87,20387,13,4
7908,XTD,PT-Calculated,PT,229072,Sykor,40,18670,5,0
7908,XTD,PT-Calculated,PT,465395,The_Stab,69,18058,6,11
7908,XTD,PT-Calculated,PT,527397,cooljoew,62,17794,5,6
7908,XTD,PT-Calculated,PT,958941,FnWinner,71,17643,12,0
7908,XTD,PT-Calculated,PT,1730561,TheDaredVermin,75,17635,7,2
7908,XTD,PT-Calculated,undefined,1503919,Valaskjalf,95,17389,3,0
7908,XTD,PT-Calculated,PT,2010418,Krakatok,30,13650,4,0
7908,XTD,PT-Calculated,PT,1613023,Broly,16,12707,1,0
7908,XTD,PT-Calculated,PT,1867085,Recidivist,40,12047,10,6
7908,XTD,PT-Calculated,undefined,894480,The_Spank,69,11972,7,0
7908,XTD,PT-Calculated,PT,1544514,Murd0Maniak,97,10580,3,1
7908,XTD,PT-Calculated,PT,2003812,Groll,61,9915,6,8
7908,XTD,PT-Calculated,PT,222784,mave,81,9832,15,11
7908,XTD,PT-Calculated,drnk,2165752,Mr-Midas,29,9709,8,0
7908,XTD,PT-Calculated,PT,2095726,The_Swag,51,9400,30,3
7908,XTD,PT-Calculated,undefined,1963826,Mundeer,47,8731,7,1
7908,XTD,PT-Calculated,JFA,995650,RowdyRedneck,81,8676,1,0
7908,XTD,PT-Calculated,PT,1755293,Greenbastard,50,8238,6,3
7908,XTD,PT-Calculated,PT,273372,ATO,63,8138,3,3
7908,XTD,PT-Calculated,undefined,1915577,Mlkey,72,7978,2,2
7908,XTD,PT-Calculated,PT,169777,daCampa,100,7582,6,0
7908,XTD,PT-Calculated,PT,1846544,JaFosteHaha,15,7500,4,2
7908,XTD,PT-Calculated,PT,2234445,-Jay-,15,7326,7,0
7908,XTD,PT-Calculated,MnC,2011298,Sanidade,60,6925,7,2
7908,XTD,PT-Calculated,PT,761776,I_Am_BaZaaR,72,6305,4,1
7908,XTD,PT-Calculated,PT,452527,MolonLab308,75,6077,1,0
7908,XTD,PT-Calculated,PT,1565387,WWG1WGA,75,5958,2,3
7908,XTD,PT-Calculated,PT,65635,bangster,91,5861,1,0
7908,XTD,PT-Calculated,PT,949287,--ccman2215--,81,5798,2,0
7908,XTD,PT-Calculated,PT,1457539,Girish09,20,5733,2,0
7908,XTD,PT-Calculated,PT,470785,DieselMack,85,5718,2,0
7908,XTD,PT-Calculated,PT,67441,Destroys,100,5657,1,0
7908,XTD,PT-Calculated,PT,1976145,Maching,80,5248,3,0
7908,XTD,PT-Calculated,PT,112080,rupe13,65,5083,1,0
7908,XTD,PT-Calculated,PT,1579225,logiet,80,5025,5,3
7908,XTD,PT-Calculated,PT,60666,alguem,100,4889,9,1
7908,XTD,PT-Calculated,PT,67340,Mickey,95,4834,5,7
7908,XTD,PT-Calculated,PT,235408,RonSwanson,68,4797,7,8
7908,XTD,PT-Calculated,undefined,2243952,kPUSH,7,4700,7,0
7908,XTD,PT-Calculated,undefined,300650,Fanfan,45,4540,1,0
7908,XTD,PT-Calculated,PT,887880,Devils-Advocate,88,4416,1,0
7908,XTD,PT-Calculated,PT,1625061,Medikation,35,4277,2,0
7908,XTD,PT-Calculated,PT,940584,ruler,100,4241,2,0
7908,XTD,PT-Calculated,PT,997655,evilf9,99,4238,1,0
7908,XTD,PT-Calculated,PT,954364,ENO,92,3757,1,1
7908,XTD,PT-Calculated,undefined,1263800,0zero7,55,3659,1,0
7908,XTD,PT-Calculated,PT,1534628,Hydrogen,80,3562,5,4
7908,XTD,PT-Calculated,PT,2031378,CubanMamba,58,3473,3,0
7908,XTD,PT-Calculated,DE,1844003,LODIzFINEST,69,3436,1,0
7908,XTD,PT-Calculated,PT,177606,malamen,100,3337,1,3
7908,XTD,PT-Calculated,PT,190066,Peryton,70,3267,3,0
7908,XTD,PT-Calculated,PT,2197102,Inochi,25,3252,1,0
7908,XTD,PT-Calculated,PT,2152236,Reaperzx,37,3138,2,0
7908,XTD,PT-Calculated,PT,2001645,The_Dest,40,3089,3,1
7908,XTD,PT-Calculated,aX,2249890,Casp3r2018,15,2825,3,0
7908,XTD,PT-Calculated,PT,1520657,TomSawyer,80,2764,3,0
7908,XTD,PT-Calculated,PT,2091861,Sulla_Khan,42,2474,17,6
7908,XTD,PT-Calculated,MnC,2118353,Experiment626,35,2214,7,1
7908,XTD,PT-Calculated,PT,2023175,-Cahaya-,48,2141,5,2
7908,XTD,PT-Calculated,PT,2097532,DeathFoundry,67,2065,7,3
7908,XTD,PT-Calculated,PT,955237,Yellowman,93,1924,3,2
7908,XTD,PT-Calculated,PT,2224763,Crudak,15,1871,14,0
7908,XTD,PT-Calculated,JFA2,2087963,Lars,60,1867,5,5
7908,XTD,PT-Calculated,PT,2091318,tyrech,49,1723,6,7
7908,XTD,PT-Calculated,PT,2140025,BeerDrinker,15,1632,7,1
7908,XTD,PT-Calculated,OOR,2246772,Raxok,6,1627,1,0
7908,XTD,PT-Calculated,PT,2113465,Drizella,15,1611,15,0
7908,XTD,PT-Calculated,PT,1658676,Trippn,35,1560,2,0
7908,XTD,PT-Calculated,PT,1434914,Zwixxx,83,1502,1,1
7908,XTD,PT-Calculated,PT,1612601,Gooding,67,1486,4,6
7908,XTD,PT-Calculated,JFA2,2200587,Gawdly,29,1436,4,0
7908,XTD,PT-Calculated,PT,35198,Boxcar182,91,1403,2,0
7908,XTD,PT-Calculated,PT,541847,Eltan,35,1348,1,0
7908,XTD,PT-Calculated,JFA2,1164669,AuditoreEzio,58,1263,1,0
7908,XTD,PT-Calculated,~SA~,2062799,WhatTheShitLana,65,1208,4,2
7908,XTD,PT-Calculated,PT,2224800,Nynane,15,1170,1,0
7908,XTD,PT-Calculated,UNT,2090451,MissHavisham,66,1140,2,1
7908,XTD,PT-Calculated,undefined,1889980,THE_DREAD,71,1130,1,0
7908,XTD,PT-Calculated,undefined,495689,Manners,80,1059,3,8
7908,XTD,PT-Calculated,[ÐA],1867527,Tempest,87,984,1,0
7908,XTD,PT-Calculated,undefined,900338,PopadaPill,83,956,2,0
7908,XTD,PT-Calculated,PT,1710839,Gatusso,37,954,4,3
7908,XTD,PT-Calculated,PT,593790,ieatthekids1st,69,780,1,1
7908,XTD,PT-Calculated,PT,2060014,The_Stardust,36,710,7,2
7908,XTD,PT-Calculated,THOR,2227467,Degausser661,15,694,5,0
7908,XTD,PT-Calculated,DE,526277,RunnerMeep,66,629,2,6
7908,XTD,PT-Calculated,PT,949262,MeRocks,69,582,10,5
7908,XTD,PT-Calculated,FIBO,2092837,kintil,40,546,1,0
7908,XTD,PT-Calculated,PT,2109263,Vanq,36,488,3,6
7908,XTD,PT-Calculated,PT,2059567,WagwanG,17,468,3,3
7908,XTD,PT-Calculated,PT,2078209,PissinLizard,48,445,4,0
7908,XTD,PT-Calculated,DA,1845013,edwardasl,44,393,3,1
7908,XTD,PT-Calculated,undefined,1878147,AllMight,60,322,1,0
7908,XTD,PT-Calculated,PT,1516155,Kaxuxo,92,145,1,2
7908,XTD,PT-Calculated,PT,330973,Hogfather,78,135,1,0
7908,XTD,PT-Calculated,*F*,1152433,Nihar,87,74,1,0
7908,XTD,PT-Calculated,undefined,2245732,Jajeczko1232,8,66,1,0
7908,XTD,PT-Calculated,STAR,2250550,Connan,7,56,1,0
7908,XTD,PT-Calculated,PT,2062714,-Grey-,15,44,3,5
7908,XTD,PT-Calculated,*F*,2251090,Seedy,15,38,1,0
7908,XTD,PT-Calculated,PT,1169571,xanty,90,0,0,1
7911,IFE,Forged Through War,FTW,1455847,Para,100,97399,42,147
7911,IFE,Forged Through War,FTW,463193,Old_Fart,100,70038,33,90
7911,IFE,Forged Through War,FTW,843586,Majsan,85,68661,58,45
7911,IFE,Forged Through War,FTW,507888,critch,100,63365,58,52
7911,IFE,Forged Through War,C.R,1345609,bright,97,59504,49,4
7911,IFE,Forged Through War,FTW,1455642,BFM,100,59150,197,64
7911,IFE,Forged Through War,FTW,1338804,cockroach,100,57058,65,41
7911,IFE,Forged Through War,FTW,1075643,Gun_Ru,89,44200,229,52
7911,IFE,Forged Through War,FTW,1057741,wolvie,90,43149,111,68
7911,IFE,Forged Through War,FTW,1043426,ColdDeadFingers,99,42910,29,21
7911,IFE,Forged Through War,FTW,944713,malamute1,100,42267,20,10
7911,IFE,Forged Through War,FTW,541636,Pluto,100,41141,16,31
7911,IFE,Forged Through War,FTW,488305,bloodninja,90,40779,64,23
7911,IFE,Forged Through War,FTW,473887,__Jamie-_,96,39810,35,6
7911,IFE,Forged Through War,FTW,451775,Chuck_Berry,94,38314,50,32
7911,IFE,Forged Through War,FTW,420120,VII,92,37837,41,65
7911,IFE,Forged Through War,FTW,1881722,Scalper,90,36436,55,19
7911,IFE,Forged Through War,FTW,1577937,Asator,85,36371,114,2
7911,IFE,Forged Through War,R*1,1953860,RGiskard,100,35511,22,54
7911,IFE,Forged Through War,FTW,61828,Scary,90,34683,46,25
7911,IFE,Forged Through War,FTW,1461511,Eagle_Eye,96,32688,43,23
7911,IFE,Forged Through War,FTW,1831700,Saeger,85,32585,134,34
7911,IFE,Forged Through War,undefined,573391,CARR,99,31422,15,26
7911,IFE,Forged Through War,C.R,89581,Htr,100,30236,5,4
7911,IFE,Forged Through War,FTW,1767972,Wulfric,96,29134,28,22
7911,IFE,Forged Through War,FTW,986192,Janet,100,28375,91,50
7911,IFE,Forged Through War,ELTI,1534164,Shibby,99,28374,39,52
7911,IFE,Forged Through War,FTW,463739,DeadKennedy,90,27806,66,28
7911,IFE,Forged Through War,FTW,1403604,ieatcarpets,96,27736,63,44
7911,IFE,Forged Through War,~SA~,1285682,J-C,36,27256,64,0
7911,IFE,Forged Through War,HeLa,1867602,Kinzove,100,27024,21,5
7911,IFE,Forged Through War,FTW,99177,BodyBagger,100,25954,1,20
7911,IFE,Forged Through War,FTW,1451572,Tango20,97,25782,22,26
7911,IFE,Forged Through War,FTW,239285,wilko,83,25007,65,0
7911,IFE,Forged Through War,FTW,1881017,Paul316,89,24575,51,28
7911,IFE,Forged Through War,FTW,1691188,Six,76,24571,178,5
7911,IFE,Forged Through War,FTW,1815519,BraveKath,90,24382,102,16
7911,IFE,Forged Through War,FTW,210594,Star_Blaze,93,24027,25,18
7911,IFE,Forged Through War,FTW,2050558,Hildegarde,100,23831,10,63
7911,IFE,Forged Through War,FTW,1370503,BigD,96,23759,28,1
7911,IFE,Forged Through War,~SA~,176898,SaliD,100,23281,7,37
7911,IFE,Forged Through War,R*1,1732212,Hank,100,23074,6,18
7911,IFE,Forged Through War,~SA~,332505,Midknight,100,20894,29,31
7911,IFE,Forged Through War,FTW,982648,corpse-juice,90,20050,114,18
7911,IFE,Forged Through War,FTW,1337407,wayyeewooo,85,19729,21,38
7911,IFE,Forged Through War,R*1,108862,Cirice,100,19519,15,9
7911,IFE,Forged Through War,R*1,108922,HT-Supermikk,100,19498,10,10
7911,IFE,Forged Through War,FTW,1649855,LPA831,79,19167,94,1
7911,IFE,Forged Through War,FTW,719629,ThaBishop,97,18578,5,0
7911,IFE,Forged Through War,FTW,1831767,OneBigDummy,97,18063,39,2
7911,IFE,Forged Through War,FTW,80648,Needles,93,17956,40,19
7911,IFE,Forged Through War,R*1,1811936,madbuns,100,17916,21,39
7911,IFE,Forged Through War,FTW,169887,Lefthook,97,17526,7,13
7911,IFE,Forged Through War,FTW,935631,sigas,97,17212,11,15
7911,IFE,Forged Through War,R*1,1523811,GoldenFeel,99,16778,3,3
7911,IFE,Forged Through War,FTW,71504,Fourty_Six,87,16091,30,4
7911,IFE,Forged Through War,FTW,1701802,Bullgreat,86,14497,73,27
7911,IFE,Forged Through War,~SA~,1689701,miro,100,12985,27,23
7911,IFE,Forged Through War,~SA~,499614,Iron_Cross,100,12469,14,15
7911,IFE,Forged Through War,FTW,340367,Kelsie,60,12231,112,10
7911,IFE,Forged Through War,FTW,1730012,celticfan,95,12227,10,1
7911,IFE,Forged Through War,FTW,1496324,cowboyup,86,11397,12,0
7911,IFE,Forged Through War,FTW,1881906,GHAZAL,81,11100,47,4
7911,IFE,Forged Through War,R*1,748022,Kookaburra,100,11030,9,18
7911,IFE,Forged Through War,FTW,425082,Adofoliverbush,84,10797,15,0
7911,IFE,Forged Through War,R*1,1785428,Td3h,99,10616,9,8
7911,IFE,Forged Through War,NUKE,1013031,Rain_Chaser,95,10092,12,8
7911,IFE,Forged Through War,FTW,457059,VeteranDemon,84,9847,56,9
7911,IFE,Forged Through War,C.R,209070,Tascon,100,9763,6,22
7911,IFE,Forged Through War,C.R,249471,Decisive_Fire,90,9561,29,7
7911,IFE,Forged Through War,FTW,2071751,Chael_Sorrow,55,9558,112,0
7911,IFE,Forged Through War,FTW,64901,Spooks,86,9150,29,9
7911,IFE,Forged Through War,FTW,1601527,wavelength,89,8851,20,0
7911,IFE,Forged Through War,FTW,2039424,windy,75,8783,48,0
7911,IFE,Forged Through War,~SA~,198056,uncle-chu,100,8609,20,5
7911,IFE,Forged Through War,FTW,1579644,AFluffyPenguin,67,8448,38,0
7911,IFE,Forged Through War,FTW,1925338,Sicario,56,8434,83,0
7911,IFE,Forged Through War,R*1,89388,hiphopsoldier,96,8339,31,9
7911,IFE,Forged Through War,undefined,189454,sh0wt1me,88,8290,23,3
7911,IFE,Forged Through War,FTW,1673230,Deadman,75,8258,27,9
7911,IFE,Forged Through War,FTW,308961,ACE_,76,8211,12,0
7911,IFE,Forged Through War,~SA~,226888,snap,100,8161,31,20
7911,IFE,Forged Through War,R*1,900534,Dekloren,100,8079,4,11
7911,IFE,Forged Through War,FTW,310511,Ceupocemia,82,8023,22,0
7911,IFE,Forged Through War,~SA~,1639350,Rockem,92,7905,19,16
7911,IFE,Forged Through War,FTW,937630,consfearacy,72,7820,9,0
7911,IFE,Forged Through War,FTW,347115,runekill163,86,7727,14,5
7911,IFE,Forged Through War,FTW,993345,ForrestGump,87,7589,16,9
7911,IFE,Forged Through War,FTW,997335,Oni,82,7450,13,0
7911,IFE,Forged Through War,FTW,1591334,Miracle,86,7251,15,2
7911,IFE,Forged Through War,FTW,2061662,Orca,70,6802,37,0
7911,IFE,Forged Through War,undefined,540165,I-Am-biker-babe,80,6596,14,2
7911,IFE,Forged Through War,FTW,1168036,Hogs4life,93,6205,18,11
7911,IFE,Forged Through War,FTW,288576,KissedbyFire,56,6076,44,3
7911,IFE,Forged Through War,FTW,531198,robbo2710,82,5799,8,3
7911,IFE,Forged Through War,FTW,1888870,daangox,55,5768,28,0
7911,IFE,Forged Through War,FTW,589436,queenofoctober,73,5544,18,0
7911,IFE,Forged Through War,~SA~,237547,Nobody,94,4956,42,3
7911,IFE,Forged Through War,FTW,1959896,gotnoidea,66,4438,23,0
7911,IFE,Forged Through War,~SA~,424017,Ohadik,99,3941,16,23
7911,IFE,Forged Through War,FTW,453694,IseeDeadPPL,89,3398,5,0
7911,IFE,Forged Through War,~WP~,1922819,Michi,90,3190,6,5
7911,IFE,Forged Through War,C.R,1977742,NOLAW,86,3177,10,5
7911,IFE,Forged Through War,FTW,1984831,Evil_Clown,50,2841,28,1
7911,IFE,Forged Through War,FTW,1371879,Raviie,60,2467,35,0
7911,IFE,Forged Through War,~WP~,1716970,loveu2,94,2256,13,2
7911,IFE,Forged Through War,FTW,134432,MataGelap,91,1850,8,0
7911,IFE,Forged Through War,~WP~,1978428,Yautja,83,1798,11,1
7911,IFE,Forged Through War,FTW,1414939,CarlFredricksen,86,1776,4,0
7911,IFE,Forged Through War,ILI,778787,brizz-,85,1734,8,0
7911,IFE,Forged Through War,FLUX,479105,mOsSieFieD,78,1724,12,0
7911,IFE,Forged Through War,39th,1668319,bacon,100,1512,1,0
7911,IFE,Forged Through War,FTW,1725903,Toxic,75,1364,13,0
7911,IFE,Forged Through War,~SA~,424299,WindDancer,92,1307,10,6
7911,IFE,Forged Through War,undefined,190543,Nemesis7,95,943,2,0
7911,IFE,Forged Through War,FTW,456428,Kill-For-Glory,37,753,4,0
7911,IFE,Forged Through War,FTW,100814,j3r3,83,654,2,0
7911,IFE,Forged Through War,FTW,222785,TheViking,94,579,4,0
7911,IFE,Forged Through War,Inst,1101365,dakoolnoob,80,23,1,0
7911,IFE,JFK,JFK™,1577993,PMV,99,45800,49,108
7911,IFE,JFK,JFK™,1465084,Subah,99,34873,53,61
7911,IFE,JFK,JFK™,992219,sophie,99,32461,28,132
7911,IFE,JFK,JFK™,250755,SeaLion,96,28671,71,66
7911,IFE,JFK,JFK™,922212,Bullzeye,100,28640,57,125
7911,IFE,JFK,JFK™,380980,Sky,100,26530,41,55
7911,IFE,JFK,JFK™,1510633,Delusional_One,98,25671,80,89
7911,IFE,JFK,JFK™,318855,Skeletron,90,24253,132,144
7911,IFE,JFK,2.1,517092,Karalynn,95,22838,57,106
7911,IFE,JFK,undefined,1480987,Eternal,95,21442,30,122
7911,IFE,JFK,Bird,979003,deft,100,21160,21,40
7911,IFE,JFK,JFK™,1518389,MimeFaceKiller,99,20681,41,83
7911,IFE,JFK,JFK™,1407331,Huzaifah,93,20327,92,173
7911,IFE,JFK,JFK™,1662311,Livingdedgirl,86,15820,82,55
7911,IFE,JFK,2.1,1637653,Apo,95,13927,70,134
7911,IFE,JFK,2.1,1022640,Izzanods,100,13670,8,24
7911,IFE,JFK,JFK™,979994,Madmiketyson,100,13025,16,70
7911,IFE,JFK,JFK™,200267,Molson,95,12610,30,80
7911,IFE,JFK,JFK™,24557,Megadeth,100,12068,23,61
7911,IFE,JFK,JFK™,1772814,zig,92,11957,36,71
7911,IFE,JFK,JFK™,247674,Z_junior,100,11793,9,24
7911,IFE,JFK,JFK™,463500,OpaqueElixir,98,11349,27,24
7911,IFE,JFK,2.1,264054,-KeV-,92,11218,34,45
7911,IFE,JFK,undefined,1868280,Rayne,80,10840,68,5
7911,IFE,JFK,JFK™,581715,Cuffs,97,10661,18,47
7911,IFE,JFK,JFK™,887159,FSTWRX,100,9966,16,52
7911,IFE,JFK,JFK™,912780,Flat,99,9900,35,59
7911,IFE,JFK,DoA,865748,Shindig,71,9481,103,49
7911,IFE,JFK, JFR,153139,Grindelwald,99,9250,3,0
7911,IFE,JFK,JFK™,471591,Andyman,100,8847,10,2
7911,IFE,JFK,NOOB,2726,T-Rex,96,8051,23,8
7911,IFE,JFK,JFK™,1187920,XIII,98,6250,24,21
7911,IFE,JFK,undefined,1857138,Heidi-,73,6185,35,6
7911,IFE,JFK,JFK™,93810,tedenver,93,6081,14,43
7911,IFE,JFK,JFK™,194889,Paige,81,5900,24,23
7911,IFE,JFK,JFK™,463554,Jut,100,5651,11,17
7911,IFE,JFK,JFK™,988807,HairyHarry,89,5500,42,75
7911,IFE,JFK,JFK™,180202,SenSational,100,5260,7,12
7911,IFE,JFK,JFK™,59922,DrGonzo,100,4951,3,11
7911,IFE,JFK,[ÐA],1867527,Tempest,87,4825,31,12
7911,IFE,JFK,JFK™,294501,PRichy,94,4758,18,30
7911,IFE,JFK,undefined,887166,DaveO,83,4617,42,5
7911,IFE,JFK,JFK™,1609046,AngelsAgent,87,4614,41,20
7911,IFE,JFK, JFR,1261819,g_ho,93,4410,7,9
7911,IFE,JFK,JFK™,980075,Azrael,97,4364,16,30
7911,IFE,JFK,JFK™,1570883,Nova,100,4290,43,5
7911,IFE,JFK,JFK™,68062,Nota,95,4130,11,51
7911,IFE,JFK,JFK™,474704,wooted,78,4087,35,19
7911,IFE,JFK,JFK™,1455047,Stagger_Lee,91,4028,15,16
7911,IFE,JFK,JFK™,1311691,PinzNneedlz,99,4006,17,21
7911,IFE,JFK,2.1,1653406,Accumulated,80,3997,31,21
7911,IFE,JFK,JFA,573947,Punch_Drunk,92,3490,60,2
7911,IFE,JFK,JFK™,1378809,HLH,100,3343,7,8
7911,IFE,JFK,JFK™,1480425,lord,67,3337,40,5
7911,IFE,JFK,JFK™,270517,rjkc4,100,2968,6,8
7911,IFE,JFK,2.1,707073,STEALTH,75,2841,10,0
7911,IFE,JFK,undefined,465462,doms,72,2814,24,4
7911,IFE,JFK,2.1,88497,MrJohnnyTorrio,75,2659,32,0
7911,IFE,JFK,JFA,1821671,Otter,86,2446,26,0
7911,IFE,JFK,2.1,337027,THEN00B,65,2413,22,0
7911,IFE,JFK,JFK™,734331,Giapper,90,2358,26,78
7911,IFE,JFK,undefined,163772,kuhoops,90,2047,11,21
7911,IFE,JFK,2.1,493795,DarkAce,46,1957,38,0
7911,IFE,JFK,JFA,1311397,wc_how,97,1914,17,34
7911,IFE,JFK,2.1,369658,Skullface,79,1873,26,9
7911,IFE,JFK,2.1,1758760,Pete,86,1750,17,13
7911,IFE,JFK,2.1,1813796,Husky,77,1614,27,5
7911,IFE,JFK,JFA,865822,-Ryan,89,1595,43,41
7911,IFE,JFK,2.1,273777,Remy,66,1522,7,2
7911,IFE,JFK,JFA,627688,MOJOMOFO,100,1521,9,0
7911,IFE,JFK,JFK™,422033,Esper,100,1453,10,24
7911,IFE,JFK,JFK™,1513594,Legend,95,1431,14,23
7911,IFE,JFK, JFR,138635,Code0,95,1363,3,5
7911,IFE,JFK,~SA~,2081212,HiIdegarde,58,1273,56,0
7911,IFE,JFK,undefined,685083,NORML,60,1147,13,0
7911,IFE,JFK,JFK™,604593,Porny,91,1136,7,3
7911,IFE,JFK,JFA,119434,Clifford,91,1059,10,6
7911,IFE,JFK,JFK™,7800,taktikz,100,980,6,2
7911,IFE,JFK,undefined,1546499,Symbol,73,937,34,4
7911,IFE,JFK,JFA,1869119,prehensile,93,901,7,2
7911,IFE,JFK,JFA2,2016266,Sliceofpi,70,895,34,0
7911,IFE,JFK,JFA,1886958,blackacidblood,91,846,17,5
7911,IFE,JFK,JFK™,390615,Aeroroot,100,797,2,1
7911,IFE,JFK,*F*,1152433,Nihar,87,769,18,15
7911,IFE,JFK,JFA,1870725,JimmyC,80,748,10,0
7911,IFE,JFK,BS,2119592,imSkyler,35,622,24,0
7911,IFE,JFK,NUKE,670685,NobodysHero,53,617,9,2
7911,IFE,JFK,JFA,2015134,Zachjuv,87,617,11,6
7911,IFE,JFK,JFK™,1015444,Critic,91,526,6,4
7911,IFE,JFK,JFK™,1532667,Apnea,53,495,15,0
7911,IFE,JFK,undefined,152639,Constantine,93,442,7,7
7911,IFE,JFK,JFK™,1854679,Daisy_Lynn,88,432,11,9
7911,IFE,JFK,BS,52696,Staphylococcus,87,384,3,1
7911,IFE,JFK,undefined,1601050,Nash,99,384,4,3
7911,IFE,JFK,JFK™,107946,BangNapi,97,307,3,2
7911,IFE,JFK, JFR,558220,Toxic_Cloud,91,288,3,3
7911,IFE,JFK,JFA,1512694,Donandres,95,278,3,10
7911,IFE,JFK,JFK™,184337,cindy3,90,236,1,0
7911,IFE,JFK,JFK™,424998,UBIK,100,219,1,0
7911,IFE,JFK,JFK™,206758,Thief,100,209,2,1
7911,IFE,JFK,undefined,1454137,Player,92,178,1,0
7911,IFE,JFK,undefined,446477,binka,89,148,1,0
7911,IFE,JFK,JFK™,914212,D4rk_Sk0rp10n,85,133,3,3
7911,IFE,JFK,undefined,988170,Holmes407,94,125,1,0
7911,IFE,JFK,JFA,1904837,CapturerHulkmad,83,124,3,2
7911,IFE,JFK,JFA2,1164669,AuditoreEzio,58,116,2,0
7911,IFE,JFK,undefined,654393,SlickRick,80,104,1,0
7911,IFE,JFK,undefined,478067,5hogun,92,74,1,0
7911,IFE,JFK,undefined,952164,Mat-Senpai,95,66,1,0
7911,IFE,JFK,undefined,608979,EnzymeX,74,45,1,0
7911,IFE,JFK,undefined,1310389,Killian-,97,27,1,1
7911,IFE,JFK,DoA,1314640,Abirul,35,13,1,0
7912,YFE,Forged Through War,FTW,99177,BodyBagger,100,93272,2,18
7912,YFE,Forged Through War,FTW,1455847,Para,100,73830,49,114
7912,YFE,Forged Through War,R*1,1953860,RGiskard,100,68258,48,59
7912,YFE,Forged Through War,R*1,900534,Dekloren,100,66134,64,110
7912,YFE,Forged Through War,R*1,1732212,Hank,100,54415,45,68
7912,YFE,Forged Through War,R*1,1785428,Td3h,99,51019,36,78
7912,YFE,Forged Through War,C.R,89581,Htr,100,44205,51,42
7912,YFE,Forged Through War,FTW,507888,critch,100,41987,70,65
7912,YFE,Forged Through War,R*1,108862,Cirice,100,40465,48,27
7912,YFE,Forged Through War,FTW,843586,Majsan,85,39221,114,45
7912,YFE,Forged Through War,R*1,748022,Kookaburra,100,36869,35,70
7912,YFE,Forged Through War,~WP~,1716970,loveu2,94,34951,137,42
7912,YFE,Forged Through War,R*1,1523811,GoldenFeel,99,30791,18,12
7912,YFE,Forged Through War,~SA~,176898,SaliD,100,30754,16,57
7912,YFE,Forged Through War,~SA~,198056,uncle-chu,100,30632,54,20
7912,YFE,Forged Through War,FTW,463193,Old_Fart,100,30102,36,33
7912,YFE,Forged Through War,FTW,986192,Janet,100,28634,139,39
7912,YFE,Forged Through War,FTW,1338804,cockroach,100,28589,62,27
7912,YFE,Forged Through War,FTW,2050558,Hildegarde,100,26467,23,69
7912,YFE,Forged Through War,C.R,1352251,ChristmasBazaar,100,26106,17,21
7912,YFE,Forged Through War,FTW,541636,Pluto,100,25766,23,25
7912,YFE,Forged Through War,C.R,1345609,bright,97,25608,79,23
7912,YFE,Forged Through War,R*1,108922,HT-Supermikk,100,25031,25,56
7912,YFE,Forged Through War,FTW,1057741,wolvie,90,24258,95,48
7912,YFE,Forged Through War,FTW,1815519,BraveKath,90,24018,118,8
7912,YFE,Forged Through War,~SA~,315134,LESTAT,100,23591,18,10
7912,YFE,Forged Through War,FTW,473887,__Jamie-_,96,22996,67,5
7912,YFE,Forged Through War,FTW,1461511,Eagle_Eye,96,22239,57,10
7912,YFE,Forged Through War,FTW,61828,Scary,90,22087,65,41
7912,YFE,Forged Through War,~SA~,31567,NaX,97,22060,31,31
7912,YFE,Forged Through War,~SA~,332505,Midknight,100,20183,32,46
7912,YFE,Forged Through War,~SA~,482424,Nabisco,94,20098,25,45
7912,YFE,Forged Through War,FTW,1649855,LPA831,79,19466,187,6
7912,YFE,Forged Through War,~SA~,499614,Iron_Cross,100,19437,17,25
7912,YFE,Forged Through War,FTW,488305,bloodninja,90,18378,68,36
7912,YFE,Forged Through War,FTW,1455642,BFM,100,18101,59,38
7912,YFE,Forged Through War,FTW,451775,Chuck_Berry,94,17144,112,52
7912,YFE,Forged Through War,FTW,420120,VII,92,15266,49,46
7912,YFE,Forged Through War,FTW,1881722,Scalper,90,14731,63,26
7912,YFE,Forged Through War,FTW,1542326,Krastinov,100,14504,20,23
7912,YFE,Forged Through War,FTW,222785,TheViking,94,13664,10,2
7912,YFE,Forged Through War,FTW,1403604,ieatcarpets,96,13396,62,44
7912,YFE,Forged Through War,FTW,1831767,OneBigDummy,97,13246,48,1
7912,YFE,Forged Through War,FTW,1577937,Asator,85,12644,180,24
7912,YFE,Forged Through War,FTW,1881017,Paul316,89,11101,56,46
7912,YFE,Forged Through War,R*1,1811936,madbuns,100,10859,20,44
7912,YFE,Forged Through War,FTW,1043426,ColdDeadFingers,99,10834,22,37
7912,YFE,Forged Through War,FTW,169887,Lefthook,97,10651,20,31
7912,YFE,Forged Through War,FTW,1691188,Six,76,10622,189,24
7912,YFE,Forged Through War,~SA~,237547,Nobody,94,10354,32,2
7912,YFE,Forged Through War,FTW,239285,wilko,83,10048,113,4
7912,YFE,Forged Through War,FTW,340367,Kelsie,60,9856,269,79
7912,YFE,Forged Through War,C.R,77011,DFC,100,9761,29,8
7912,YFE,Forged Through War,C.R,209070,Tascon,100,9706,14,17
7912,YFE,Forged Through War,~SA~,1159025,hookroteat,100,9698,22,21
7912,YFE,Forged Through War,FTW,1075643,Gun_Ru,89,9414,142,47
7912,YFE,Forged Through War,FTW,1370503,BigD,96,9253,48,20
7912,YFE,Forged Through War,ELTI,1534164,Shibby,99,9239,29,23
7912,YFE,Forged Through War,FTW,935631,sigas,97,9230,12,15
7912,YFE,Forged Through War,C.R,249471,Decisive_Fire,90,9182,88,10
7912,YFE,Forged Through War,FTW,210594,Star_Blaze,93,9039,44,51
7912,YFE,Forged Through War,FLUX,479105,mOsSieFieD,78,8982,50,2
7912,YFE,Forged Through War,FTW,1451572,Tango20,97,8979,20,37
7912,YFE,Forged Through War,C.R,202258,piney,100,8844,20,7
7912,YFE,Forged Through War,C.R,2011902,CrimsonXray,89,8544,32,17
7912,YFE,Forged Through War,C.R,1958969,Mania,90,8523,30,3
7912,YFE,Forged Through War,FTW,1730012,celticfan,95,7982,15,3
7912,YFE,Forged Through War,FTW,1337407,wayyeewooo,85,7900,28,23
7912,YFE,Forged Through War,~SA~,28825,Belgarath,100,7872,8,5
7912,YFE,Forged Through War,FTW,347115,runekill163,86,7846,17,9
7912,YFE,Forged Through War,FTW,463739,DeadKennedy,90,7750,46,36
7912,YFE,Forged Through War,FTW,1767972,Wulfric,96,7729,27,31
7912,YFE,Forged Through War,~SA~,256222,MmM,97,7631,20,6
7912,YFE,Forged Through War,FTW,589436,queenofoctober,73,7612,55,0
7912,YFE,Forged Through War,FTW,1701802,Bullgreat,86,7363,39,26
7912,YFE,Forged Through War,FTW,1168036,Hogs4life,93,7337,19,34
7912,YFE,Forged Through War,FTW,457059,VeteranDemon,84,7315,47,5
7912,YFE,Forged Through War,C.R,1592807,shak,97,7293,5,0
7912,YFE,Forged Through War,FTW,453694,IseeDeadPPL,89,7219,46,12
7912,YFE,Forged Through War,FTW,982648,corpse-juice,90,6809,61,17
7912,YFE,Forged Through War,FTW,71504,Fourty_Six,87,6621,13,0
7912,YFE,Forged Through War,~SA~,1285682,J-C,36,6438,21,0
7912,YFE,Forged Through War,UP,107444,Westend,100,6360,10,4
7912,YFE,Forged Through War,FTW,719629,ThaBishop,97,6268,22,10
7912,YFE,Forged Through War,FTW,80648,Needles,93,6043,23,12
7912,YFE,Forged Through War,FTW,134432,MataGelap,91,5924,14,14
7912,YFE,Forged Through War,FTW,1414939,CarlFredricksen,86,5859,7,0
7912,YFE,Forged Through War,FTW,1881906,GHAZAL,81,5833,16,3
7912,YFE,Forged Through War,FTW,1831700,Saeger,85,5590,78,29
7912,YFE,Forged Through War,FTW,997335,Oni,82,5450,25,0
7912,YFE,Forged Through War,FTW,1632988,N3m,100,5336,16,18
7912,YFE,Forged Through War,undefined,189454,sh0wt1me,88,5160,10,5
7912,YFE,Forged Through War,FTW,100814,j3r3,83,4955,39,3
7912,YFE,Forged Through War,FTW,531198,robbo2710,82,4912,16,5
7912,YFE,Forged Through War,FTW,1496324,cowboyup,86,4835,17,1
7912,YFE,Forged Through War,C.R,1899531,zaje,88,4765,37,7
7912,YFE,Forged Through War,FTW,944713,malamute1,100,4742,2,2
7912,YFE,Forged Through War,FTW,1579644,AFluffyPenguin,67,4499,3,0
7912,YFE,Forged Through War,~SA~,792035,Ashanie,100,4492,13,16
7912,YFE,Forged Through War,FTW,2071751,Chael_Sorrow,55,4423,76,2
7912,YFE,Forged Through War,~WP~,1885249,Tinybubble,90,4377,36,29
7912,YFE,Forged Through War,~SA~,343651,Melotto,94,4219,21,13
7912,YFE,Forged Through War,~WP~,1978428,Yautja,83,4206,42,16
7912,YFE,Forged Through War,FTW,1925338,Sicario,56,4179,50,0
7912,YFE,Forged Through War,FTW,310511,Ceupocemia,82,4116,32,0
7912,YFE,Forged Through War,FTW,2061662,Orca,70,4067,49,0
7912,YFE,Forged Through War,FTW,1591334,Miracle,86,3982,24,4
7912,YFE,Forged Through War,FTW,456428,Kill-For-Glory,37,3956,1,0
7912,YFE,Forged Through War,FTW,993345,ForrestGump,87,3939,20,10
7912,YFE,Forged Through War,C.R,1553098,HV-Soldier,98,3713,47,15
7912,YFE,Forged Through War,FTW,937630,consfearacy,72,3669,11,0
7912,YFE,Forged Through War,~SA~,41035,neo-twister,98,3595,17,11
7912,YFE,Forged Through War,ILI,778787,brizz-,85,3426,2,0
7912,YFE,Forged Through War,FTW,425082,Adofoliverbush,84,3258,47,7
7912,YFE,Forged Through War,C.R,1010587,myshoeshurt,100,3114,18,1
7912,YFE,Forged Through War,C.R,512975,Scuba,90,3085,17,5
7912,YFE,Forged Through War,~SA~,1602158,Queequeg,95,2823,7,8
7912,YFE,Forged Through War,FTW,1601527,wavelength,89,2776,5,0
7912,YFE,Forged Through War,FTW,915279,glados,98,2600,19,5
7912,YFE,Forged Through War,HeLa,1867602,Kinzove,100,2503,7,0
7912,YFE,Forged Through War,NUKE,1013031,Rain_Chaser,95,2496,14,18
7912,YFE,Forged Through War,~SA~,208701,njprops,96,2414,10,9
7912,YFE,Forged Through War,FTW,288576,KissedbyFire,56,2401,53,6
7912,YFE,Forged Through War,FTW,1959896,gotnoidea,66,2381,20,0
7912,YFE,Forged Through War,FTW,64901,Spooks,86,2246,15,10
7912,YFE,Forged Through War,~SA~,1486772,Smiles,100,2128,12,0
7912,YFE,Forged Through War,FTW,1725903,Toxic,75,1933,38,0
7912,YFE,Forged Through War,C.R,2017141,TxGemini,85,1820,27,12
7912,YFE,Forged Through War,Inst,1101365,dakoolnoob,80,1797,1,0
7912,YFE,Forged Through War,C.R,1579270,PsycWard,91,1530,39,4
7912,YFE,Forged Through War,FTW,308961,ACE_,76,1516,14,1
7912,YFE,Forged Through War,~WP~,1922819,Michi,90,1477,15,2
7912,YFE,Forged Through War,C.R,1996277,Metaldog,80,1417,22,6
7912,YFE,Forged Through War,FTW,2039424,windy,75,1297,30,0
7912,YFE,Forged Through War,~SA~,1689701,miro,100,1246,1,0
7912,YFE,Forged Through War,~SA~,1338102,KarateMan,93,1219,8,0
7912,YFE,Forged Through War,C.R,1977742,NOLAW,86,1208,5,3
7912,YFE,Forged Through War,onem,919608,kisser-est1973,93,1198,1,0
7912,YFE,Forged Through War,FTW,1984831,Evil_Clown,50,1192,31,3
7912,YFE,Forged Through War,C.R,1918071,DeusVorpal,80,1083,26,9
7912,YFE,Forged Through War,undefined,190543,Nemesis7,95,1074,4,0
7912,YFE,Forged Through War,undefined,540165,I-Am-biker-babe,80,1065,2,1
7912,YFE,Forged Through War,FTW,491422,Berok,88,909,11,0
7912,YFE,Forged Through War,39th,120362,WarAndPeace,86,758,3,6
7912,YFE,Forged Through War,~SA~,1373916,icedogg,90,695,4,13
7912,YFE,Forged Through War,C.R,1667842,Jokur,94,526,19,4
7912,YFE,Forged Through War,FTW,1673230,Deadman,75,479,6,4
7912,YFE,Forged Through War,FTW,1371879,Raviie,60,345,3,0
7912,YFE,Forged Through War,~SA~,23707,Hate_Train,99,290,2,10
7912,YFE,Forged Through War,FTW,1888870,daangox,55,286,8,0
7912,YFE,Forged Through War,~SA~,692275,KjS,100,172,3,3
7912,YFE,Forged Through War,C.R,1865243,IamIke,79,123,3,0
7912,YFE,Forged Through War,R*1,89388,hiphopsoldier,96,3,1,0
7912,YFE,Forged Through War,~SA~,1639350,Rockem,92,0,0,2
7912,YFE,Forged Through War,undefined,573391,CARR,99,0,0,1
7912,YFE,Forged Through War,~SA~,424017,Ohadik,99,0,0,3
7912,YFE,JFK 2.1,JFK™,59922,DrGonzo,100,60726,12,97
7912,YFE,JFK 2.1,Bird,979003,deft,100,47473,54,128
7912,YFE,JFK 2.1,2.1,52055,Longbow,100,40464,97,76
7912,YFE,JFK 2.1,JFA,1517799,Penicillin,100,39034,33,94
7912,YFE,JFK 2.1,2.1,868716,Anolith,95,36024,22,10
7912,YFE,JFK 2.1,JFK™,247674,Z_junior,100,35348,8,54
7912,YFE,JFK 2.1,2.1,641520,Ilmatar,94,26875,43,16
7912,YFE,JFK 2.1,JFK™,191408,Madame_Tussaud,92,21336,42,12
7912,YFE,JFK 2.1,2.1,247787,PANDILLERO,80,18892,19,17
7912,YFE,JFK 2.1,undefined,1389080,Collete,100,18481,40,34
7912,YFE,JFK 2.1,2.1,879721,sir_real,80,16195,8,0
7912,YFE,JFK 2.1,JFK™,180202,SenSational,100,16091,47,64
7912,YFE,JFK 2.1,2.1,1961735,Fenrir,72,14370,91,7
7912,YFE,JFK 2.1,2.1,1538531,LaDy_LoLLi,80,14133,23,3
7912,YFE,JFK 2.1,2.1,328231,Bingbonghippy,86,13042,15,0
7912,YFE,JFK 2.1,2.1,1609122,Ampsul,90,12193,18,1
7912,YFE,JFK 2.1,JFK™,922212,Bullzeye,100,11679,80,78
7912,YFE,JFK 2.1,JFK™,380980,Sky,100,11515,79,45
7912,YFE,JFK 2.1,2.1,1762095,Kallesoee,86,10639,32,7
7912,YFE,JFK 2.1,JFK™,1570883,Nova,100,10104,129,101
7912,YFE,JFK 2.1,JFK™,1407331,Huzaifah,93,9993,176,88
7912,YFE,JFK 2.1,2.1,424208,BoneMachine,91,9578,10,3
7912,YFE,JFK 2.1,JFK™,318855,Skeletron,90,9552,119,57
7912,YFE,JFK 2.1,2.1,453063,Hani,70,9142,21,1
7912,YFE,JFK 2.1,DoA,865748,Shindig,71,9077,246,53
7912,YFE,JFK 2.1,JFK™,74835,Aries21,100,8954,17,44
7912,YFE,JFK 2.1,2.1,1536895,Ozz,47,8151,12,11
7912,YFE,JFK 2.1,2.1,1734270,Times,77,7968,14,0
7912,YFE,JFK 2.1,JFK™,1662311,Livingdedgirl,86,7676,92,22
7912,YFE,JFK 2.1,JFK™,979994,Madmiketyson,100,7498,53,65
7912,YFE,JFK 2.1,2.1,1758760,Pete,86,6954,94,72
7912,YFE,JFK 2.1,2.1,253041,Sinkhan,93,6630,20,19
7912,YFE,JFK 2.1,2.1,517092,Karalynn,95,6386,71,31
7912,YFE,JFK 2.1,2.1,807411,Everglide,88,6240,3,0
7912,YFE,JFK 2.1,JFK™,206758,Thief,100,5963,48,18
7912,YFE,JFK 2.1,2.1,576128,chesapeak,82,5856,12,10
7912,YFE,JFK 2.1,2.1,337027,THEN00B,65,5768,11,1
7912,YFE,JFK 2.1,JFA,2015134,Zachjuv,87,5483,107,48
7912,YFE,JFK 2.1,BS,2119592,imSkyler,35,5357,208,0
7912,YFE,JFK 2.1,2.1,493795,DarkAce,46,5294,32,0
7912,YFE,JFK 2.1,JFK™,78403,CHunger,100,5186,28,3
7912,YFE,JFK 2.1,JFK™,1022655,Zziox,61,4643,17,4
7912,YFE,JFK 2.1,JFK™,345050,CindyFury,100,4641,12,41
7912,YFE,JFK 2.1,JFA,1863998,ofgortens,96,4365,24,27
7912,YFE,JFK 2.1,NOOB,2726,T-Rex,96,4334,41,17
7912,YFE,JFK 2.1,JFK™,7800,taktikz,100,4191,53,38
7912,YFE,JFK 2.1,JFK™,1513594,Legend,95,4180,41,9
7912,YFE,JFK 2.1,JFK™,250755,SeaLion,96,4097,48,39
7912,YFE,JFK 2.1,JFA,573947,Punch_Drunk,92,3651,54,11
7912,YFE,JFK 2.1,2.1,1022640,Izzanods,100,3625,2,0
7912,YFE,JFK 2.1,JFA,585240,Cazio,83,3517,83,7
7912,YFE,JFK 2.1,2.1,642144,oO_sniper_Oo,80,3480,7,3
7912,YFE,JFK 2.1,JFA,1821671,Otter,86,3405,63,20
7912,YFE,JFK 2.1,JFK™,68062,Nota,95,3387,10,44
7912,YFE,JFK 2.1,undefined,1746672,EDD,94,3330,16,2
7912,YFE,JFK 2.1,JFK™,471591,Andyman,100,3309,25,21
7912,YFE,JFK 2.1,JFK™,422033,Esper,100,3141,23,10
7912,YFE,JFK 2.1,undefined,692571,TrAsH_FiSh,90,3136,30,11
7912,YFE,JFK 2.1,JFK™,194889,Paige,81,3004,36,31
7912,YFE,JFK 2.1,2.1,1064389,RevLitterbox,98,2650,17,11
7912,YFE,JFK 2.1,MnC,1188181,Carl,85,2611,61,13
7912,YFE,JFK 2.1,JFK™,868334,Tiller,100,2512,24,19
7912,YFE,JFK 2.1,BS,2074167,Blazescorch,40,2373,75,0
7912,YFE,JFK 2.1,JFA,1952447,EKO-Cobra,75,2222,60,10
7912,YFE,JFK 2.1,JFK™,1518389,MimeFaceKiller,99,2203,12,18
7912,YFE,JFK 2.1,undefined,1480987,Eternal,95,2178,13,15
7912,YFE,JFK 2.1,BS,2052302,jukka,58,2065,61,7
7912,YFE,JFK 2.1,JFA,526512,Harris522,86,2049,36,0
7912,YFE,JFK 2.1,2.1,707073,STEALTH,75,2042,3,0
7912,YFE,JFK 2.1,JFA,1875132,Karen,85,2042,52,16
7912,YFE,JFK 2.1,PT,169777,daCampa,100,1998,18,24
7912,YFE,JFK 2.1,JFA,1899758,Stente,84,1996,25,6
7912,YFE,JFK 2.1,JFK™,734331,Giapper,90,1955,15,41
7912,YFE,JFK 2.1,PT,2040750,Ishtar,40,1803,40,0
7912,YFE,JFK 2.1,JFA2,370125,Tara,60,1790,53,0
7912,YFE,JFK 2.1,JFA,1866260,-prodigy-,86,1765,17,7
7912,YFE,JFK 2.1,JFA,1870725,JimmyC,80,1689,28,4
7912,YFE,JFK 2.1,JFA,119434,Clifford,91,1524,34,24
7912,YFE,JFK 2.1,JFA2,2157516,AlexSosa,28,1455,52,0
7912,YFE,JFK 2.1,MnC,272283,Slavi_w,85,1427,26,8
7912,YFE,JFK 2.1,undefined,693575,ImWoman,88,1377,4,1
7912,YFE,JFK 2.1,JFA,995650,RowdyRedneck,81,1336,31,1
7912,YFE,JFK 2.1,JFA2,2088627,Capgros,61,1220,64,0
7912,YFE,JFK 2.1,BS,1983296,Cambit,79,1211,35,4
7912,YFE,JFK 2.1,JFA2,982382,Rhino,90,1181,14,3
7912,YFE,JFK 2.1,2.1,1715986,G3n3515,87,1134,9,9
7912,YFE,JFK 2.1,JFK™,27478,HellR4iser,100,1128,19,4
7912,YFE,JFK 2.1,2.1,864830,Pingu4ever,15,1068,14,0
7912,YFE,JFK 2.1,JFK™,200267,Molson,95,1049,14,10
7912,YFE,JFK 2.1,PT,940584,ruler,100,1027,16,16
7912,YFE,JFK 2.1,2.1,1653406,Accumulated,80,1026,14,3
7912,YFE,JFK 2.1,DoA,1314640,Abirul,35,973,32,0
7912,YFE,JFK 2.1,undefined,1599856,Makod,96,940,1,0
7912,YFE,JFK 2.1,JFA,567927,Slashh,91,890,16,9
7912,YFE,JFK 2.1,undefined,1608221,MOBSTYLE,86,887,16,1
7912,YFE,JFK 2.1,undefined,215495,Kuklinkski,100,860,1,0
7912,YFE,JFK 2.1,NOOB,653665,SleepyHollow,94,853,17,17
7912,YFE,JFK 2.1,PT,137902,NN_Boy,94,827,34,23
7912,YFE,JFK 2.1,PT,336112,Akagami,90,819,8,4
7912,YFE,JFK 2.1,PT,997655,evilf9,99,817,18,12
7912,YFE,JFK 2.1,JFA2,2097185,Shinsengumi,26,743,26,0
7912,YFE,JFK 2.1,JFK™,1544641,boo,91,725,1,0
7912,YFE,JFK 2.1,undefined,1073290,Leboem,97,701,1,0
7912,YFE,JFK 2.1,JFA,1124215,__monk__,94,666,6,3
7912,YFE,JFK 2.1,BS,1644039,GhetoSmoker,90,652,12,1
7912,YFE,JFK 2.1,BS,1535723,echosummet,71,595,13,0
7912,YFE,JFK 2.1,JFA2,2003693,Hcom3,76,581,27,0
7912,YFE,JFK 2.1,MnC,2118353,Experiment626,35,549,14,0
7912,YFE,JFK 2.1,2.1,1813796,Husky,77,546,18,2
7912,YFE,JFK 2.1,PT,60666,alguem,100,530,4,4
7912,YFE,JFK 2.1,MnC,1792674,Robozookie,91,524,24,9
7912,YFE,JFK 2.1,JFA2,2065865,Ampheromine,48,520,17,0
7912,YFE,JFK 2.1,JFA,1591396,Blaze,100,507,8,10
7912,YFE,JFK 2.1,JFA2,1903685,Scamlife,79,500,9,2
7912,YFE,JFK 2.1,undefined,1307106,Maybe,92,490,3,0
7912,YFE,JFK 2.1,JFA2,2136731,AnnieGwish,45,486,26,0
7912,YFE,JFK 2.1,JFA2,315389,Spliffy,84,469,12,12
7912,YFE,JFK 2.1,JFK™,1333992,anoxic,100,467,9,6
7912,YFE,JFK 2.1,2.1,369658,Skullface,79,427,8,5
7912,YFE,JFK 2.1,PT,2100546,Legaci,60,421,13,0
7912,YFE,JFK 2.1,M&C,1791283,Vinkuun,99,407,15,9
7912,YFE,JFK 2.1,PT,1476472,paddybhoy1,85,395,3,0
7912,YFE,JFK 2.1,PT,121433,Pidu,100,365,3,1
7912,YFE,JFK 2.1,JFA2,2149351,Lilypop,32,353,21,0
7912,YFE,JFK 2.1,2.1,1097960,straya,67,339,9,0
7912,YFE,JFK 2.1,JFA2,2185405,Tiksu,20,318,28,0
7912,YFE,JFK 2.1,JFA,627688,MOJOMOFO,100,311,1,0
7912,YFE,JFK 2.1,2.1,1200759,Angel,75,299,9,6
7912,YFE,JFK 2.1,JFA2,1629411,Kronos,81,298,9,7
7912,YFE,JFK 2.1,JFA,1598712,Tekkis,89,292,11,5
7912,YFE,JFK 2.1,JFA2,2016266,Sliceofpi,70,271,14,0
7912,YFE,JFK 2.1,JFA,2046182,Kamical,72,260,6,1
7912,YFE,JFK 2.1,JFA2,1793859,PaiteBoy,60,251,7,0
7912,YFE,JFK 2.1,M&C,74099,ttyper,100,236,4,9
7912,YFE,JFK 2.1,2.1,163981,EXecutioner1,86,227,4,1
7912,YFE,JFK 2.1,2.1,578191,DEVIL,80,218,7,0
7912,YFE,JFK 2.1,~SA~,2081212,HiIdegarde,58,216,14,0
7912,YFE,JFK 2.1,NUKE,670685,NobodysHero,53,214,3,0
7912,YFE,JFK 2.1,VA,1013799,KyleWaXeDU,87,210,12,1
7912,YFE,JFK 2.1,JFA,663075,Adversary,100,199,6,8
7912,YFE,JFK 2.1,2.1,273777,Remy,66,191,4,0
7912,YFE,JFK 2.1,JFA,496062,TED,90,188,9,7
7912,YFE,JFK 2.1,JFA2,1619658,_DBCooper_,75,173,4,4
7912,YFE,JFK 2.1,2.1,532340,Th1bs,91,165,1,0
7912,YFE,JFK 2.1,JFA2,2041946,checks,50,156,16,0
7912,YFE,JFK 2.1,BS,1640904,Rchkeir,60,148,7,0
7912,YFE,JFK 2.1,JFA2,2133339,Taopai,40,135,5,0
7912,YFE,JFK 2.1,2.1,1755703,GlitchedZombie,63,129,2,0
7912,YFE,JFK 2.1,Bird,1445495,Trier,60,128,13,0
7912,YFE,JFK 2.1,*F*,1369370,PlayerUnknown,75,111,5,0
7912,YFE,JFK 2.1,M&C,1318799,NightWing,72,108,6,0
7912,YFE,JFK 2.1,PT,42111,Beer_Bear,96,106,5,5
7912,YFE,JFK 2.1,undefined,926959,Seppokoira,55,95,1,0
7912,YFE,JFK 2.1,JFA2,2165616,hemi,35,81,8,0
7912,YFE,JFK 2.1,JFA,259767,Big_Rico,100,80,3,5
7912,YFE,JFK 2.1,Bird,1993598,Throe,76,78,5,4
7912,YFE,JFK 2.1,BS,2077507,WalkingTarget,84,70,5,0
7912,YFE,JFK 2.1,*F*,1152433,Nihar,87,68,3,3
7912,YFE,JFK 2.1,2.1,177889,gurfling,85,61,1,0
7912,YFE,JFK 2.1,HB2,2156627,Redfella,35,59,4,0
7912,YFE,JFK 2.1,JFA2,2094582,Ara,66,51,7,0
7912,YFE,JFK 2.1,2.1,1598729,realistassasin,53,50,4,0
7912,YFE,JFK 2.1,PT,1613023,Broly,16,49,1,1
7912,YFE,JFK 2.1,JFA2,1797264,MegaJens78,74,39,3,0
7912,YFE,JFK 2.1,2.1,1516680,MeanSaltShaker,80,29,1,1
7912,YFE,JFK 2.1,JFA,1862952,Psychotica,98,21,1,1
7912,YFE,JFK 2.1,JFA2,1522242,Cherreh,60,12,1,0
7912,YFE,JFK 2.1,P,390936,Skipper,85,10,1,0
7912,YFE,JFK 2.1,JFA2,1164669,AuditoreEzio,58,8,1,1
7912,YFE,JFK 2.1,undefined,685083,NORML,60,0,1,0
7913,TRC,Relentless,R*1,1060365,TORN_REAPER,92,36678,13,0
7913,TRC,Relentless,C.R,1541749,Pandora,100,36403,8,10
7913,TRC,Relentless,R*1,1109901,ZaumonL,95,30720,4,1
7913,TRC,Relentless,R*1,1888994,Momo,96,30152,6,1
7913,TRC,Relentless,C.R,1955477,Rowdy_Rebel357,86,29646,22,15
7913,TRC,Relentless,R*1,295553,Lek,85,28679,5,0
7913,TRC,Relentless,JUX,420116,brendan106,98,28244,3,0
7913,TRC,Relentless,FTW,1337627,Afwas,100,26826,3,1
7913,TRC,Relentless,C.R,1967332,MBX,90,25368,3,0
7913,TRC,Relentless,R*1,50716,Honey-Badger,94,24778,3,4
7913,TRC,Relentless,R*1,1474402,CorsiPukz,85,24346,8,1
7913,TRC,Relentless,undefined,1580868,Monkeymia,97,24081,3,4
7913,TRC,Relentless,R*1,302973,lonewolf,100,24006,2,3
7913,TRC,Relentless,R*1,420053,Agent327,95,23950,2,1
7913,TRC,Relentless,R*1,1154897,Milosh,100,23233,5,3
7913,TRC,Relentless,R*1,442254,Montana,100,22667,2,1
7913,TRC,Relentless,~SA~,1639350,Rockem,92,21757,2,0
7913,TRC,Relentless,C.R,118943,_Big_GuNz_,100,21088,15,0
7913,TRC,Relentless,R*1,1044213,Imrahil,100,20868,9,8
7913,TRC,Relentless,R*1,784338,Crystalz,96,20733,5,2
7913,TRC,Relentless,R*1,367758,Tokig,96,20671,2,1
7913,TRC,Relentless,R*1,1629756,Lord_Gorgen,100,20220,10,26
7913,TRC,Relentless,R*1,1025410,Pops,99,18825,15,2
7913,TRC,Relentless,R*1,238634,Mover,85,17079,2,0
7913,TRC,Relentless,R*1,1148150,natty1066,98,16504,7,0
7913,TRC,Relentless,R*1,1921540,keego73,88,16143,2,0
7913,TRC,Relentless,R*1,1602605,Joxer,100,16110,3,3
7913,TRC,Relentless,~SA~,204836,Slork,100,15855,2,0
7913,TRC,Relentless,R*1,1847600,Baldr,98,15725,1,1
7913,TRC,Relentless,R*1,1503918,PhaNToM,95,15373,7,4
7913,TRC,Relentless,C.R,1491264,Aldous_Snow,91,14974,1,0
7913,TRC,Relentless,R*1,845601,Shapke,90,14388,8,8
7913,TRC,Relentless,R*1,1882094,GeorgeCostanza,89,14000,3,1
7913,TRC,Relentless,R*1,958018,uLtraZ,100,13981,3,0
7913,TRC,Relentless,R*1,194822,Illusions,99,11823,3,3
7913,TRC,Relentless,R*1,1811936,madbuns,100,11793,1,0
7913,TRC,Relentless,R*1,1798354,KaguroX,95,11216,1,3
7913,TRC,Relentless,HeLa,1889531,thelovelymoon,90,11110,11,6
7913,TRC,Relentless,R*1,1127528,Fanatic,100,10860,3,0
7913,TRC,Relentless,R*1,1825532,Alexstrasza,100,8277,3,5
7913,TRC,Relentless,undefined,1722547,DnBDarryl,88,8022,1,0
7913,TRC,Relentless,C.R,329437,Teddybears,94,7464,4,0
7913,TRC,Relentless,R*1,1626270,mortisult,98,7345,2,1
7913,TRC,Relentless,R*1,1832759,CrookedPaper,93,7263,7,0
7913,TRC,Relentless,R*1,1793493,Rocmann,92,7060,6,11
7913,TRC,Relentless,R*1,38031,Pascal,100,6898,6,1
7913,TRC,Relentless,R*1,1553363,Blistig,92,6756,4,0
7913,TRC,Relentless,R*1,954429,DonCorleon,85,6751,3,0
7913,TRC,Relentless,R*1,895688,Wicka,100,6527,3,1
7913,TRC,Relentless,R*1,82801,ShadowStriker,85,6243,2,2
7913,TRC,Relentless,R*1,1713565,Yeezy,89,5714,2,4
7913,TRC,Relentless,R*1,295516,Navahoes,100,5131,2,1
7913,TRC,Relentless,~OP~,1935090,SlaineTroyard,82,5107,4,1
7913,TRC,Relentless,undefined,1803901,Spaghetti360,89,4974,2,0
7913,TRC,Relentless,~SA~,1816368,NNWS,99,4928,1,1
7913,TRC,Relentless,R*1,671797,sexxysweety,92,4854,3,4
7913,TRC,Relentless,R*1,429874,Rumple4skinz,97,4517,1,0
7913,TRC,Relentless,R*1,705319,Scar,94,4471,1,0
7913,TRC,Relentless,UR,4309,Buzz,95,4242,2,0
7913,TRC,Relentless,R*1,1705890,DarkMaid,97,4055,2,2
7913,TRC,Relentless,FTW,1815556,Nesa,100,3880,2,1
7913,TRC,Relentless,R*1,1740595,BadDutchie,95,3865,1,0
7913,TRC,Relentless,R*1,1625417,Yurnero,91,3833,4,3
7913,TRC,Relentless,R*1,1153517,Shutter,100,3665,2,0
7913,TRC,Relentless,R*1,1510489,TheHoneyBadger,93,3340,2,0
7913,TRC,Relentless,R*1,511272,Seth,100,3113,1,5
7913,TRC,Relentless,R*1,1901801,metalkarmak,88,2919,2,0
7913,TRC,Relentless,R*1,1620993,_Gabriel_,100,2880,3,1
7913,TRC,Relentless,R*1,1666253,Erebus,89,2816,4,1
7913,TRC,Relentless,R*1,1974874,PapaEmeritus,87,1974,3,0
7913,TRC,Relentless,C.R,1264011,Kraft,90,1929,8,0
7913,TRC,Relentless,R*1,1970958,Echo,89,1894,1,0
7913,TRC,Relentless,UR,2049768,Haiku,64,1630,6,0
7913,TRC,Relentless,PIL1,1599136,winguard,90,1607,6,0
7913,TRC,Relentless,R*1,1739685,Habanero,95,931,2,0
7913,TRC,Relentless,R*1,2033210,OSA,84,501,2,2
7913,TRC,Relentless,R*1,1867608,decap101,90,429,2,4
7913,TRC,Relentless,NOM,2185747,dankspongebob,15,422,2,0
7913,TRC,Relentless,R*1,1887093,pops333,98,381,3,3
7913,TRC,Relentless,R*1,1009539,kamas,99,263,1,3
7913,TRC,Relentless,R*1,84976,Jokar,89,241,3,1
7913,TRC,Relentless,R*1,1843716,Whittlinman,92,216,1,0
7913,TRC,Relentless,NOM,2236437,ScottieMac,15,161,1,0
7913,TRC,Relentless,undefined,1962958,Dollhouse,84,123,2,1
7913,TRC,Relentless,R*1,1573549,f0rk,94,89,2,2
7913,TRC,Relentless,R*1,1765291,Chigurh,96,77,1,0
7913,TRC,Relentless,R*1,1547659,Ubique,99,62,1,0
7913,TRC,Relentless,39X,1880839,Hedas,94,23,1,0
7913,TRC,Relentless,R*1,1732212,Hank,100,0,0,1
7913,TRC,Relentless,R*1,1785428,Td3h,99,0,0,3
7913,TRC,Relentless,R*1,1953860,RGiskard,100,0,0,2
7913,TRC,JFK 2.1,undefined,1307106,Maybe,92,80148,3,0
7913,TRC,JFK 2.1,JFK™,1022655,Zziox,61,62049,12,2
7913,TRC,JFK 2.1,2.1,424208,BoneMachine,91,59050,7,1
7913,TRC,JFK 2.1,2.1,1064389,RevLitterbox,98,57261,11,2
7913,TRC,JFK 2.1,2.1,1762095,Kallesoee,86,39720,14,4
7913,TRC,JFK 2.1,2.1,177889,gurfling,85,38773,6,0
7913,TRC,JFK 2.1,NOOB,653665,SleepyHollow,94,38632,6,3
7913,TRC,JFK 2.1,NOOB,2726,T-Rex,96,38392,11,0
7913,TRC,JFK 2.1,undefined,1599856,Makod,96,37504,1,0
7913,TRC,JFK 2.1,2.1,253041,Sinkhan,93,36858,5,10
7913,TRC,JFK 2.1,2.1,807411,Everglide,88,34548,2,0
7913,TRC,JFK 2.1,2.1,578191,DEVIL,80,30645,5,0
7913,TRC,JFK 2.1,2.1,868716,Anolith,95,28556,11,6
7913,TRC,JFK 2.1,undefined,1389080,Collete,100,27359,7,4
7913,TRC,JFK 2.1,2.1,52055,Longbow,100,26809,12,9
7913,TRC,JFK 2.1,2.1,641520,Ilmatar,94,26639,9,5
7913,TRC,JFK 2.1,2.1,642144,oO_sniper_Oo,80,22760,9,3
7913,TRC,JFK 2.1,2.1,328231,Bingbonghippy,86,22426,9,0
7913,TRC,JFK 2.1,2.1,576128,chesapeak,82,20989,3,0
7913,TRC,JFK 2.1,2.1,1734270,Times,77,20766,8,0
7913,TRC,JFK 2.1,2.1,453063,Hani,70,18356,4,0
7913,TRC,JFK 2.1,2.1,1609122,Ampsul,90,14338,7,2
7913,TRC,JFK 2.1,2.1,864830,Pingu4ever,15,13560,6,0
7913,TRC,JFK 2.1,JFK™,1333992,anoxic,100,11528,2,0
7913,TRC,JFK 2.1,2.1,1715986,G3n3515,87,9469,2,0
7913,TRC,JFK 2.1,2.1,493795,DarkAce,46,7709,13,0
7913,TRC,JFK 2.1,2.1,1961735,Fenrir,72,7484,13,0
7913,TRC,JFK 2.1,2.1,1538531,LaDy_LoLLi,80,4541,1,0
7913,TRC,JFK 2.1,2.1,273777,Remy,66,4150,3,0
7913,TRC,JFK 2.1,JFK™,191408,Madame_Tussaud,92,3919,3,1
7913,TRC,JFK 2.1,NUKE,670685,NobodysHero,53,3431,2,0
7913,TRC,JFK 2.1,2.1,1758760,Pete,86,3098,5,1
7913,TRC,JFK 2.1,2.1,915056,HairyVertigo,76,2487,6,2
7913,TRC,JFK 2.1,2.1,337027,THEN00B,65,2042,4,0
7913,TRC,JFK 2.1,JFK™,922212,Bullzeye,100,1967,2,8
7913,TRC,JFK 2.1,JFA,1862952,Psychotica,98,1814,4,4
7913,TRC,JFK 2.1,JFA2,2157516,AlexSosa,28,1780,7,0
7913,TRC,JFK 2.1,JFA2,2133339,Taopai,40,1777,1,0
7913,TRC,JFK 2.1,JFK™,1513594,Legend,95,1425,2,0
7913,TRC,JFK 2.1,2.1,1516680,MeanSaltShaker,80,1091,2,1
7913,TRC,JFK 2.1,BS,2052302,jukka,58,1024,13,0
7913,TRC,JFK 2.1,JFK™,1570883,Nova,100,1015,6,6
7913,TRC,JFK 2.1,PT,2098829,Samurai,37,985,4,0
7913,TRC,JFK 2.1,BS,1563099,Mekare,50,804,4,0
7913,TRC,JFK 2.1,DoA,865748,Shindig,71,794,4,0
7913,TRC,JFK 2.1,MnC,272283,Slavi_w,85,770,5,0
7913,TRC,JFK 2.1,MnC,1188181,Carl,85,746,6,3
7913,TRC,JFK 2.1,JFA2,1793859,PaiteBoy,60,653,7,0
7913,TRC,JFK 2.1,JFK™,78403,CHunger,100,647,1,1
7913,TRC,JFK 2.1,undefined,926959,Seppokoira,55,493,3,1
7913,TRC,JFK 2.1,JFA2,2088627,Capgros,61,452,8,0
7913,TRC,JFK 2.1,2.1,1653406,Accumulated,80,396,1,0
7913,TRC,JFK 2.1,2.1,247787,PANDILLERO,80,389,1,0
7913,TRC,JFK 2.1,2.1,532340,Th1bs,91,382,1,0
7913,TRC,JFK 2.1,2.1,264054,-KeV-,92,355,1,0
7913,TRC,JFK 2.1,JFK™,1662311,Livingdedgirl,86,341,1,0
7913,TRC,JFK 2.1,JFK™,1407331,Huzaifah,93,309,2,1
7913,TRC,JFK 2.1,undefined,1746672,EDD,94,307,1,0
7913,TRC,JFK 2.1,JFK™,471591,Andyman,100,260,1,0
7913,TRC,JFK 2.1,undefined,1260826,Ruby,89,186,1,0
7913,TRC,JFK 2.1,JFA2,1903685,Scamlife,79,180,1,0
7913,TRC,JFK 2.1,JFA,585240,Cazio,83,148,2,0
7913,TRC,JFK 2.1,undefined,1593028,Soulcutter,69,146,1,0
7913,TRC,JFK 2.1,2.1,1200759,Angel,75,127,1,0
7913,TRC,JFK 2.1,JFA,573947,Punch_Drunk,92,61,1,0
7913,TRC,JFK 2.1,undefined,692571,TrAsH_FiSh,90,42,2,1
7913,TRC,JFK 2.1,MnC,2118353,Experiment626,35,20,2,0
7913,TRC,JFK 2.1,JFA,2046182,Kamical,72,17,1,0
7913,TRC,JFK 2.1,HB2,2156627,Redfella,35,14,1,0
7913,TRC,JFK 2.1,JFA2,2003693,Hcom3,76,13,1,0
7913,TRC,JFK 2.1,JFK™,180202,SenSational,100,13,1,21
7913,TRC,JFK 2.1,JFA,995650,RowdyRedneck,81,12,1,0
7913,TRC,JFK 2.1,~SA~,2081212,HiIdegarde,58,10,1,0
7913,TRC,JFK 2.1,JFK™,68062,Nota,95,8,1,4
7913,TRC,JFK 2.1,2.1,1536895,Ozz,47,0,0,1
7913,TRC,JFK 2.1,JFK™,59922,DrGonzo,100,0,0,7
7919,NMD,Mentos and Cola,M&C,75827,Kati,91,55831,25,10
7919,NMD,Mentos and Cola,MnC,1669064,H3llscr3am,95,54071,30,15
7919,NMD,Mentos and Cola,MnC,423015,Moguai,99,48288,11,7
7919,NMD,Mentos and Cola,MnC,49368,Denom,89,46804,14,12
7919,NMD,Mentos and Cola,MnC,1720019,Toottoo,91,44241,14,5
7919,NMD,Mentos and Cola,NUKE,36875,AzTeCsCaRfAcE,90,41678,10,3
7919,NMD,Mentos and Cola,MnC,1530413,RD_,93,37049,16,10
7919,NMD,Mentos and Cola,MnC,1740703,Relayer,99,35961,20,8
7919,NMD,Mentos and Cola,M&C,3403,DarK_PheoniX,80,34914,9,0
7919,NMD,Mentos and Cola,MnC,1499158,breezymyneezy,70,33349,72,31
7919,NMD,Mentos and Cola,MnC,1161029,slayer97,84,31652,16,8
7919,NMD,Mentos and Cola,MnC,1338194,lukemaster,93,29634,28,17
7919,NMD,Mentos and Cola,MnC,1612389,Gerhalt,91,29490,13,7
7919,NMD,Mentos and Cola,MnC,720502,7NiNe2SiX,65,28529,72,17
7919,NMD,Mentos and Cola,MnC,1644264,Raider,85,28063,17,3
7919,NMD,Mentos and Cola,MnC,1188181,Carl,85,27464,13,7
7919,NMD,Mentos and Cola,MnC,1356670,speirsington,87,26912,7,1
7919,NMD,Mentos and Cola,MnC,1643018,MagicDust,90,26112,19,18
7919,NMD,Mentos and Cola,MnC,1586263,EzraRaihan,56,24608,30,6
7919,NMD,Mentos and Cola,eVø,354206,vertigo,93,24515,10,6
7919,NMD,Mentos and Cola,MnC,2038846,sawfish,77,23600,32,6
7919,NMD,Mentos and Cola,JFK™,221113,xMrPink,92,23362,10,13
7919,NMD,Mentos and Cola,MnC,1644935,anghel,99,23335,15,11
7919,NMD,Mentos and Cola,MnC,1703824,LoneGunman,95,20932,10,21
7919,NMD,Mentos and Cola,MnC,1700033,1dardardar1,83,18355,15,4
7919,NMD,Mentos and Cola,MnC,272283,Slavi_w,85,18321,9,2
7919,NMD,Mentos and Cola,MnC,902478,Neo_Wells,80,17911,23,10
7919,NMD,Mentos and Cola,MnC,1927463,sharx,88,17787,12,5
7919,NMD,Mentos and Cola,MnC,1162134,Melquiades,75,17698,17,19
7919,NMD,Mentos and Cola,MnC,1459358,Jekar,89,17012,6,2
7919,NMD,Mentos and Cola,undefined,2037214,XAKXAKXAK,73,15780,14,3
7919,NMD,Mentos and Cola,undefined,1665226,1665226,96,13680,4,5
7919,NMD,Mentos and Cola,MnC,1170226,Lift,81,13597,10,6
7919,NMD,Mentos and Cola,P,390936,Skipper,85,12348,11,2
7919,NMD,Mentos and Cola,M&C,2063435,Abdullah,73,12240,33,23
7919,NMD,Mentos and Cola,MnC,280289,mrrip,76,11761,11,3
7919,NMD,Mentos and Cola,MnC,623223,BnNSpirit,55,11024,10,2
7919,NMD,Mentos and Cola,MnC,1836734,Ketone,80,10646,9,2
7919,NMD,Mentos and Cola,MnC,1778268,Quan,79,9944,13,1
7919,NMD,Mentos and Cola,MnC,2029854,Noir_et_fier,73,9128,20,15
7919,NMD,Mentos and Cola,MnC,1941743,mogambo,66,8512,19,10
7919,NMD,Mentos and Cola,MnC,1957485,Alinon,62,8132,23,3
7919,NMD,Mentos and Cola,MnC,2058388,Ginth,58,7939,18,11
7919,NMD,Mentos and Cola,MnC,1668100,Xuthas,60,7874,15,4
7919,NMD,Mentos and Cola,MnC,1582143,-FC-,39,7853,11,7
7919,NMD,Mentos and Cola,MnC,320064,boxman,77,7808,7,2
7919,NMD,Mentos and Cola,MnC,2016736,Dutchie,73,7763,20,20
7919,NMD,Mentos and Cola,MnC,1315537,ItalianStallion,90,6834,4,0
7919,NMD,Mentos and Cola,MnC,1792674,Robozookie,91,6441,8,3
7919,NMD,Mentos and Cola,MnC,420044,pingkings,26,6126,14,7
7919,NMD,Mentos and Cola,LS,2024220,lostabit,55,6048,20,6
7919,NMD,Mentos and Cola,MnC,2029248,Aelius,51,5781,26,10
7919,NMD,Mentos and Cola,MnC,2150095,Madfox,31,5664,8,1
7919,NMD,Mentos and Cola,MnC,2043025,XiMartinez,41,5350,21,9
7919,NMD,Mentos and Cola,MnC,1832047,Nightblader,79,5301,7,6
7919,NMD,Mentos and Cola,MnC,759678,_Qwerty_,83,5140,5,12
7919,NMD,Mentos and Cola,MnC,1858955,Chadwick369,61,4400,11,5
7919,NMD,Mentos and Cola,MnC,1958465,Jyu_Viole_Grace,75,4231,9,7
7919,NMD,Mentos and Cola,MnC,541741,N4TH4N,69,4223,11,1
7919,NMD,Mentos and Cola,MnC,2026909,Vybz_Kartel,56,4145,9,1
7919,NMD,Mentos and Cola,MnC,2040408,SheebaLala,27,3085,15,1
7919,NMD,Mentos and Cola,MMCP,1976790,T3440R,48,2924,4,0
7919,NMD,Mentos and Cola,MnC,2049890,Siguin96,60,2905,13,0
7919,NMD,Mentos and Cola,MnC,448041,Duncan_Idaho,96,2878,4,9
7919,NMD,Mentos and Cola,[ÐA],502675,ColdSystem,94,2787,2,0
7919,NMD,Mentos and Cola,PT,2106420,Rema_,31,2743,13,0
7919,NMD,Mentos and Cola,MnC,202437,Oxside,91,2579,3,0
7919,NMD,Mentos and Cola,MnC,2095135,Eleanito,45,2440,12,1
7919,NMD,Mentos and Cola,MnC,1833667,azde,55,2290,10,4
7919,NMD,Mentos and Cola,MnC,1872227,TheMightyThor,50,2288,11,5
7919,NMD,Mentos and Cola,MnC,2043119,hoju,63,2271,8,7
7919,NMD,Mentos and Cola,MnC,1275616,newphoenix4,71,2234,4,1
7919,NMD,Mentos and Cola,MnC,865555,Mega_Mindy,45,2162,9,8
7919,NMD,Mentos and Cola,MnC,1026373,MY_NAME_IS_TORN,68,1755,8,1
7919,NMD,Mentos and Cola,undefined,634051,FauxPas,72,1529,3,0
7919,NMD,Mentos and Cola,MnC,2100735,xedx,50,1479,8,3
7919,NMD,Mentos and Cola,MnC,109118,Nate-,75,1214,5,0
7919,NMD,Mentos and Cola,MnC,247677,Simpsons,69,1179,3,0
7919,NMD,Mentos and Cola,2.1,1598729,realistassasin,53,1097,3,0
7919,NMD,Mentos and Cola,M&C,1857498,Admiral-Ol,45,703,4,1
7919,NMD,Mentos and Cola,MnC,1485296,-Alica,74,690,1,0
7919,NMD,Mentos and Cola,MnC,1097863,Poleslider,96,685,1,0
7919,NMD,Mentos and Cola,R²,2140083,Tryk,43,540,2,0
7919,NMD,Mentos and Cola,MnC,1620580,BurningWinters,69,382,2,0
7919,NMD,Mentos and Cola,M&C,1318799,NightWing,72,362,1,0
7919,NMD,Mentos and Cola,MnC,1568978,ZzAsh92zZ,85,11,1,0
7919,NMD,Wolf Pack Next Generation,R*1,1034523,Tezwar,100,54267,1,23
7919,NMD,Wolf Pack Next Generation,~WP~,943259,Hammer,100,14221,11,36
7919,NMD,Wolf Pack Next Generation,~WP~,1294366,Bosstweed77,92,6971,13,12
7919,NMD,Wolf Pack Next Generation,~WP~,208206,TranQuilizer,99,6741,10,22
7919,NMD,Wolf Pack Next Generation,~WP~,464458,Kash,84,6260,10,18
7919,NMD,Wolf Pack Next Generation,~WP~,1608986,HastaLaVistaBby,90,4441,46,19
7919,NMD,Wolf Pack Next Generation,~WP~,2065939,Wiber,50,2783,20,0
7919,NMD,Wolf Pack Next Generation,CAT!,1690243,Krypton009,80,2538,15,6
7919,NMD,Wolf Pack Next Generation,~WP~,1111678,Mispk2,93,2435,10,21
7919,NMD,Wolf Pack Next Generation,WPNG,2013988,Erbalicous,69,2362,30,6
7919,NMD,Wolf Pack Next Generation,~WP~,1908425,Lleztat,87,2289,2,12
7919,NMD,Wolf Pack Next Generation,~WP~,574812,Kamster,84,1999,16,30
7919,NMD,Wolf Pack Next Generation,~WP~,1865614,MissMary,84,1943,10,11
7919,NMD,Wolf Pack Next Generation,WPNG,1138376,Rafster,85,1859,11,17
7919,NMD,Wolf Pack Next Generation,HeLa,1170743,Rogue_Mercenary,55,1775,23,0
7919,NMD,Wolf Pack Next Generation,WPNG,1917922,Simicz,56,1594,26,1
7919,NMD,Wolf Pack Next Generation,~WP~,2177146,ZennomadneZ,22,1316,15,0
7919,NMD,Wolf Pack Next Generation,~WP~,2070756,AlieNDFy,33,1260,18,0
7919,NMD,Wolf Pack Next Generation,HeLa,2006892,xXxMounTyxXx,35,1255,10,0
7919,NMD,Wolf Pack Next Generation,WPNG,2084316,Senpachie,15,1231,21,0
7919,NMD,Wolf Pack Next Generation,WPNG,2145261,shortstax,30,1172,19,0
7919,NMD,Wolf Pack Next Generation,WPNG,1971462,iHalp,44,1101,21,0
7919,NMD,Wolf Pack Next Generation,WPNG,1943337,Ivan,50,1099,7,5
7919,NMD,Wolf Pack Next Generation,~WP~,1491379,buddha420,80,1082,12,11
7919,NMD,Wolf Pack Next Generation,~WP~,2036844,Sinder,50,1056,21,0
7919,NMD,Wolf Pack Next Generation,WPNG,2131801,Larrry,33,775,9,0
7919,NMD,Wolf Pack Next Generation,WPNG,1969176,Hopebones5,55,746,11,3
7919,NMD,Wolf Pack Next Generation,~WP~,2136707,musicmuncher,26,718,18,0
7919,NMD,Wolf Pack Next Generation,WPNG,2125197,b97yqq,31,701,13,1
7919,NMD,Wolf Pack Next Generation,~WP~,327135,PainfulPoetry,81,692,6,6
7919,NMD,Wolf Pack Next Generation,WPNG,2140032,Antony,20,691,5,0
7919,NMD,Wolf Pack Next Generation,WPNG,2177923,hacker115,20,669,2,0
7919,NMD,Wolf Pack Next Generation,WPNG,2208584,Apophis,25,668,12,0
7919,NMD,Wolf Pack Next Generation,WPNG,2139729,spamfajitas,22,654,20,0
7919,NMD,Wolf Pack Next Generation,WPNG,2060828,Knytet,49,647,5,0
7919,NMD,Wolf Pack Next Generation,~WP~,321312,parmo,98,616,6,11
7919,NMD,Wolf Pack Next Generation,WPNG,2016675,Natasha_Rostova,40,609,17,0
7919,NMD,Wolf Pack Next Generation,WPNG,1922943,Crosscoded,50,597,7,0
7919,NMD,Wolf Pack Next Generation,WPNG,2130283,artmise,21,576,2,0
7919,NMD,Wolf Pack Next Generation,WPNG,1658953,Cpl_Armstrong,18,551,2,0
7919,NMD,Wolf Pack Next Generation,WPNG,306152,aappexxi,35,548,3,0
7919,NMD,Wolf Pack Next Generation,WPNG,2118517,queer-qrimes,39,537,19,0
7919,NMD,Wolf Pack Next Generation,WPNG,2124189,Undanya_Yue,35,521,17,0
7919,NMD,Wolf Pack Next Generation,WPNG,2059198,Aeirex,40,475,8,0
7919,NMD,Wolf Pack Next Generation,WPNG,2135002,CreamyNougat,35,471,16,0
7919,NMD,Wolf Pack Next Generation,WPNG,2092183,hgrunt,25,441,2,0
7919,NMD,Wolf Pack Next Generation,~WP~,1381375,TCHunter,80,404,3,4
7919,NMD,Wolf Pack Next Generation,WPNG,2172612,FaceYourFetus,23,390,12,0
7919,NMD,Wolf Pack Next Generation,NUKE,2094985,Bia,31,366,3,0
7919,NMD,Wolf Pack Next Generation,WPNG,2173187,Viperhead,25,346,2,0
7919,NMD,Wolf Pack Next Generation,ELTI,2052685,jimillar0476,61,289,1,1
7919,NMD,Wolf Pack Next Generation,WPNG,2103248,aeesha,24,281,5,0
7919,NMD,Wolf Pack Next Generation,WPNG,2090911,Eliminatus,21,270,8,0
7919,NMD,Wolf Pack Next Generation,WPNG,2083223,erebus1,31,253,11,0
7919,NMD,Wolf Pack Next Generation,WPNG,1971358,KillerPunk,38,251,2,0
7919,NMD,Wolf Pack Next Generation,WPNG,2004844,Aquaphile,57,250,4,1
7919,NMD,Wolf Pack Next Generation,WPNG,309615,GothThug,62,197,2,0
7919,NMD,Wolf Pack Next Generation,P_B,2090073,undulation,59,172,7,0
7919,NMD,Wolf Pack Next Generation,undefined,2204528,Missmarymayi,17,168,3,0
7919,NMD,Wolf Pack Next Generation,WPNG,2122021,Orangebiscuitt,23,162,2,0
7919,NMD,Wolf Pack Next Generation,WPNG,2161333,ArmaGalen,35,154,6,0
7919,NMD,Wolf Pack Next Generation,WPNG,7749,SinWolf,56,154,1,0
7919,NMD,Wolf Pack Next Generation,DD,2138527,Fuzz_Nutz,34,151,1,0
7919,NMD,Wolf Pack Next Generation,WPNG,2106640,-Rogue-,31,149,15,0
7919,NMD,Wolf Pack Next Generation,WPNG,2094214,Lancey,30,144,6,0
7919,NMD,Wolf Pack Next Generation,undefined,1014409,Brad0812,62,142,1,0
7919,NMD,Wolf Pack Next Generation,WPNG,732583,M-D-Luffy,75,137,1,0
7919,NMD,Wolf Pack Next Generation,WPNG,2106239,PrivateHarambe,31,130,1,0
7919,NMD,Wolf Pack Next Generation,WPNG,2045117,VoidAye,29,127,1,0
7919,NMD,Wolf Pack Next Generation,WPNG,1560293,Archaic,73,124,1,0
7919,NMD,Wolf Pack Next Generation,WPNG,1315198,Jimbonator,37,123,1,0
7919,NMD,Wolf Pack Next Generation,WPNG,268561,Randydy,51,118,2,0
7919,NMD,Wolf Pack Next Generation,WPNG,2045115,BrickBoi,27,118,1,0
7919,NMD,Wolf Pack Next Generation,WPNG,1899368,HardCoreKiwi367,46,109,1,0
7919,NMD,Wolf Pack Next Generation,WPNG,1203823,_LoisGriffin_,33,98,1,0
7919,NMD,Wolf Pack Next Generation,WPNG,1474839,hiphopxqx,47,93,1,0
7919,NMD,Wolf Pack Next Generation,WPNG,246387,lostinthewoods,73,91,1,0
7919,NMD,Wolf Pack Next Generation,~WP~,1297526,Stalllion,54,88,1,0
7919,NMD,Wolf Pack Next Generation,ELTI,302681,Kitman,90,87,1,1
7919,NMD,Wolf Pack Next Generation,WPNG,1966746,Mike-Tyson,32,59,1,0
7919,NMD,Wolf Pack Next Generation,WPNG,2127113,SolSaloman,20,59,1,0
7919,NMD,Wolf Pack Next Generation,WPNG,1990925,Soulreaper111,32,58,1,0
7919,NMD,Wolf Pack Next Generation,WPNG,2148834,TvirusMilos,25,57,1,0
7919,NMD,Wolf Pack Next Generation,undefined,2106417,Azraile,31,40,2,0
7919,NMD,Wolf Pack Next Generation,HeLa,2109024,Arduan,49,31,3,0
7919,NMD,Wolf Pack Next Generation,WPNG,2096925,cancers,20,26,1,0
7919,NMD,Wolf Pack Next Generation,WPNG,2126961,coldarray,15,22,3,0
7919,NMD,Wolf Pack Next Generation,~WP~,1561953,morizwan,80,21,1,2
7919,NMD,Wolf Pack Next Generation,WPNG,2104903,Mydroflex,46,20,2,0
7919,NMD,Wolf Pack Next Generation,WPNG,2133367,Sanctum,29,18,1,0
7919,NMD,Wolf Pack Next Generation,undefined,319251,Breathless,46,16,1,0
7919,NMD,Wolf Pack Next Generation,WPNG,2074150,Nitro,21,0,1,0
7924,PDD,WarBirds,Bird,1725559,udontwanna,99,61168,25,27
7924,PDD,WarBirds,[ÐA],577807,s0ldierGurl,98,58602,9,23
7924,PDD,WarBirds,Bird,1615339,sinisista,97,47555,11,25
7924,PDD,WarBirds,Bird,1468764,Heasleys4hemp,86,47243,19,8
7924,PDD,WarBirds,Bird,216599,Giphy,40,46601,10,25
7924,PDD,WarBirds,Bird,1626180,dr4gon,95,42939,27,26
7924,PDD,WarBirds,Bird,898029,mekline,76,42589,9,2
7924,PDD,WarBirds,Bird,953982,Mechaa,71,42566,9,3
7924,PDD,WarBirds,Bird,1885489,Sephiroc,75,41863,22,8
7924,PDD,WarBirds,VA,1775106,Dracin,92,37374,13,10
7924,PDD,WarBirds,Bird,1993598,Throe,76,37342,20,2
7924,PDD,WarBirds,Bird,595365,T_ouchy,70,36569,10,1
7924,PDD,WarBirds,Bird,1585434,Mellowfellow,78,33600,8,3
7924,PDD,WarBirds,Bird,1879131,Eldrazi_Emrakul,76,33444,9,1
7924,PDD,WarBirds,NUKE,1481118,MathuNZ,77,31884,17,5
7924,PDD,WarBirds,Bird,986228,Eclipse,93,30476,5,1
7924,PDD,WarBirds,Bird,1989354,Tenacious1,80,29179,22,30
7924,PDD,WarBirds,Bird,942359,blindsquirrel9,92,29056,2,5
7924,PDD,WarBirds,Bird,2011760,KermodeBear,79,28874,33,24
7924,PDD,WarBirds,Bird,2169837,Vulture,32,26661,22,0
7924,PDD,WarBirds,Bird,2014817,Falcon,78,26578,13,11
7924,PDD,WarBirds,Bird,1265026,ThunderChunky,54,25070,9,3
7924,PDD,WarBirds,Bird,1875702,Katchy,36,24768,15,15
7924,PDD,WarBirds,Bird,1860503,Noodles,73,24024,1,0
7924,PDD,WarBirds,Bird,1016734,Kali,57,23818,10,2
7924,PDD,WarBirds,DE,1726510,PsYcHoSuZyQ,62,23294,10,1
7924,PDD,WarBirds,Bird,2070729,Nug,28,23212,22,3
7924,PDD,WarBirds,Bird,2032869,BlastyShootalot,54,22376,15,0
7924,PDD,WarBirds,Bird,2045558,NoSloth,60,21296,13,1
7924,PDD,WarBirds,Bird,794548,Evil_Hamster,90,21067,1,3
7924,PDD,WarBirds,Bird,2096330,Syro,50,19183,10,0
7924,PDD,WarBirds,Bird,227224,scooooter,94,19157,4,2
7924,PDD,WarBirds,Bird,168534,--De3n--,39,18510,44,20
7924,PDD,WarBirds,Bird,1846174,Vshack,93,16725,8,4
7924,PDD,WarBirds,Bird,476394,Hollow_Knight,70,15634,8,1
7924,PDD,WarBirds,Bird,1838784,Angrir,74,15207,24,6
7924,PDD,WarBirds,Bird,1601223,Dr_Phoenix,63,14665,12,13
7924,PDD,WarBirds,Bird,1987960,DefyingGravity,85,14103,6,2
7924,PDD,WarBirds,Bird,1564652,Wylie,70,12896,12,0
7924,PDD,WarBirds,Bird,34977,Lindy_Lyson,69,12883,6,0
7924,PDD,WarBirds,Bird,1881496,Meady05,66,11850,4,8
7924,PDD,WarBirds,Bird,2066010,0phelia,50,11216,13,1
7924,PDD,WarBirds,MnC,1639837,Lady_Wynja,60,11186,12,0
7924,PDD,WarBirds,HELL,1173673,El_Jefe,77,10381,2,0
7924,PDD,WarBirds,Bird,2099187,Magnakai,33,10139,11,0
7924,PDD,WarBirds,Bird,2013744,Mystique-,80,10132,14,12
7924,PDD,WarBirds,Bird,1445495,Trier,60,10045,11,5
7924,PDD,WarBirds,Bird,1537775,ShadowBlade,68,8847,12,9
7924,PDD,WarBirds,Bird,2042792,Nuttchi,33,8619,8,0
7924,PDD,WarBirds,Bird,2053287,Babaika,35,8608,4,1
7924,PDD,WarBirds,undefined,1074856,Sarah01,91,7718,7,5
7924,PDD,WarBirds,Bird,1947810,Insanity,67,7665,2,0
7924,PDD,WarBirds,Bird,2015974,Binden,60,7511,6,0
7924,PDD,WarBirds,Bird,1969367,DrSatan316,77,7474,1,0
7924,PDD,WarBirds,Bird,1688575,whiteyonenh,91,7435,3,1
7924,PDD,WarBirds,Bird,214286,Merc,76,6832,5,0
7924,PDD,WarBirds,Bird,1825141,HULK,75,6528,2,1
7924,PDD,WarBirds,Bird,1676696,woddy,89,6094,4,4
7924,PDD,WarBirds,MnC,1474000,LilHeaz,42,5632,8,1
7924,PDD,WarBirds,Bird,1861114,Ramsden,56,5568,2,0
7924,PDD,WarBirds,Bird,11017,Slimstar,59,5152,9,0
7924,PDD,WarBirds,Bird,483201,jumpingjack,80,4568,3,5
7924,PDD,WarBirds,Bird,479620,Mr_Bob,75,4213,4,0
7924,PDD,WarBirds,Bird,377190,Hitman,68,4082,1,3
7924,PDD,WarBirds,Bird,685661,ZIP,75,4071,2,0
7924,PDD,WarBirds,Bird,2042789,ittzy,48,3436,13,7
7924,PDD,WarBirds,Bird,2067561,3lmo,48,3358,6,2
7924,PDD,WarBirds,Bird,1090374,marric,67,3254,1,0
7924,PDD,WarBirds,Bird,387515,aptornmail250ee,51,3109,3,0
7924,PDD,WarBirds,Bird,1021276,obe1,82,2422,3,0
7924,PDD,WarBirds,Bird,2041420,Zexin,62,2064,3,0
7924,PDD,WarBirds,NUKE,1994793,MissusZoan,52,2004,2,0
7924,PDD,WarBirds,Bird,1231929,Monsta_Energy,91,1908,1,0
7924,PDD,WarBirds,Bird,2041840,StJames,62,1459,2,0
7924,PDD,WarBirds,Bird,530278,Rae,45,1215,3,0
7924,PDD,WarBirds,undefined,1728193,Jack_Tripper,65,955,4,0
7924,PDD,WarBirds,Bird,1889385,No_yolo_plz,60,715,5,0
7924,PDD,WarBirds,Bird,1833552,Superman,51,675,4,0
7924,PDD,WarBirds,Bird,489147,Blue_Ninja,85,626,1,0
7924,PDD,WarBirds,Bird,2172118,Huiping,35,466,2,0
7924,PDD,WarBirds,Bird,2025713,MadCakez,66,378,2,0
7924,PDD,WarBirds,Bird,1704043,Zenks,44,169,3,0
7924,PDD,WarBirds,UNT,2040043,Teutonic-Order,50,82,2,0
7924,PDD,WarBirds,Bird,1993518,Powley,50,45,1,0
7924,PDD,WarBirds,Bird,1321788,mav,61,16,1,0
7924,PDD,HeLa,R*1,1479036,Wild_Irish_Btch,83,6560,27,19
7924,PDD,HeLa,C.R,1814138,Lilith,94,4840,39,45
7924,PDD,HeLa,C.R,441477,maluy,98,3147,10,6
7924,PDD,HeLa,C.R,1420465,Mujera,82,2668,5,0
7924,PDD,HeLa,HB1,276803,Neuron,56,2339,4,4
7924,PDD,HeLa,HB1,1280980,Black_Viper,98,1399,14,20
7924,PDD,HeLa,HB1,1691350,BabyMaker,65,1258,15,3
7924,PDD,HeLa,HeLa,241828,Eva-Mancini,91,1227,16,10
7924,PDD,HeLa,HeLa,2163319,Sparklemadness,27,783,19,1
7924,PDD,HeLa,HB1,1771946,MeMarius,50,727,19,0
7924,PDD,HeLa,RoG,862608,NASA,32,692,15,0
7924,PDD,HeLa,HeLa,1972921,Fujita,31,689,12,0
7924,PDD,HeLa,HeLa,2160255,Visionice,20,688,7,0
7924,PDD,HeLa,HeLa,1671911,Sectionn,76,670,3,0
7924,PDD,HeLa,HeLa,1700279,IrishToker,30,607,7,0
7924,PDD,HeLa,HeLa,2118014,Phantom_Seeker,25,567,9,0
7924,PDD,HeLa,GOLD,2125539,Psychomatic,24,500,17,0
7924,PDD,HeLa,HeLa,2157705,Hemigidius,30,495,11,0
7924,PDD,HeLa,HeLa,2060841,shanazooo,32,442,3,0
7924,PDD,HeLa,HeLa,2063427,Karisx,42,426,8,0
7924,PDD,HeLa,HeLa,1874879,MedicBot,30,421,5,0
7924,PDD,HeLa,HeLa,2123308,Regalis,30,404,1,0
7924,PDD,HeLa,HeLa,1833178,Fuh-D-Nukr,35,398,1,0
7924,PDD,HeLa,HeLa,2163125,L0rne,26,387,6,0
7924,PDD,HeLa,HeLa,2099807,TheMlaser,20,386,17,0
7924,PDD,HeLa,RoG,2081559,Badonk,15,385,14,0
7924,PDD,HeLa,HeLa,1557465,QuY,38,379,14,0
7924,PDD,HeLa,HeLa,2101940,xenagos,27,376,1,0
7924,PDD,HeLa,HeLa,650234,stonedmason,37,373,3,0
7924,PDD,HeLa,HeLa,1927267,Pepsi,54,369,8,2
7924,PDD,HeLa,HeLa,2156612,Majesticcs,27,349,1,0
7924,PDD,HeLa,HeLa,2104894,MAD_Acadian,21,316,1,0
7924,PDD,HeLa,SE,2030736,Infernous,17,304,7,0
7924,PDD,HeLa,HeLa,2070471,Tinzu,15,270,2,0
7924,PDD,HeLa,HeLa,2087753,matthewwayne,31,267,1,0
7924,PDD,HeLa,HeLa,1610015,MewsLegacy,38,263,2,0
7924,PDD,HeLa,undefined,187629,French_Lick,77,260,2,0
7924,PDD,HeLa,HeLa,1974033,epel,31,243,6,0
7924,PDD,HeLa,JFK™,456979,Wicked,69,242,1,0
7924,PDD,HeLa,HeLa,2101476,Bainz,40,238,5,0
7924,PDD,HeLa,HB1,789073,Limpd,80,220,7,10
7924,PDD,HeLa,undefined,1967175,PlebasaurusRekt,20,206,1,0
7924,PDD,HeLa,HeLa,1874499,jdsushi,43,195,3,0
7924,PDD,HeLa,HeLa,2163132,chadmck,34,183,4,0
7924,PDD,HeLa,HeLa,2085899,-Dylan-,15,181,4,0
7924,PDD,HeLa,HeLa,1362140,Drakonis_Ordo,54,177,4,1
7924,PDD,HeLa,HeLa,2150408,EtherealZ,31,163,6,0
7924,PDD,HeLa,undefined,1999302,plushy,26,148,1,0
7924,PDD,HeLa,HeLa,2128490,bricktop,25,121,6,0
7924,PDD,HeLa,HeLa,1026643,incinerater29,29,115,3,0
7924,PDD,HeLa,HeLa,2030250,Stormdust,30,112,2,0
7924,PDD,HeLa,HeLa,2063075,Muzza593,37,111,6,0
7924,PDD,HeLa,HeLa,2151953,Anat,36,109,4,0
7924,PDD,HeLa,HeLa,2063050,FrederickLyon,20,94,5,0
7924,PDD,HeLa,HeLa,287129,Ritz,50,85,3,0
7924,PDD,HeLa,C.R,148961,Thrie,100,83,1,0
7924,PDD,HeLa,HeLa,1990309,Ayumei,35,81,1,0
7924,PDD,HeLa,HeLa,1017954,Sminty,32,78,1,0
7924,PDD,HeLa,HeLa,1878101,Cattoo,50,67,3,0
7924,PDD,HeLa,HeLa,2112863,gimpsyit,39,64,4,0
7924,PDD,HeLa,HeLa,2072407,e1corral,22,59,2,0
7924,PDD,HeLa,HeLa,1010984,SaripD0L,55,55,1,0
7924,PDD,HeLa,TC,2111582,Artintrex,28,48,2,0
7924,PDD,HeLa,HeLa,93414,Mableline,54,46,1,1
7924,PDD,HeLa,IMP,2095797,thanos777,43,43,1,0
7924,PDD,HeLa,HB2,2031241,Leo89,50,34,1,0
7924,PDD,HeLa,HeLa,1573928,nevadabombers,22,32,1,0
7924,PDD,HeLa,HB1,1236424,XeilXariX,51,32,2,1
7924,PDD,HeLa,HeLa,1463445,xPosed,21,28,2,0
7924,PDD,HeLa,HeLa,2131966,PipoClownvis,31,25,1,0
7924,PDD,HeLa,undefined,1961105,CapnKlaus,31,20,1,0
7924,PDD,HeLa,HeLa,1685661,Zhavia,30,15,1,0
7924,PDD,HeLa,HeLa,2043166,dat-mule,34,15,1,0
7924,PDD,HeLa,HeLa,493017,China_Doll,38,11,1,0
7924,PDD,HeLa,HeLa,2080263,malici,36,9,1,0
7924,PDD,HeLa,HeLa,1912257,AD-MK2,30,1,1,0
7925,NID,The Nest,WB,577734,Hakawai,80,75713,113,74
7925,NID,The Nest,Bird,2007373,Dapper_Tramp,74,72425,133,106
7925,NID,The Nest,[ÐA],577807,s0ldierGurl,98,58116,18,66
7925,NID,The Nest,WB,301604,Mutant,87,54450,23,5
7925,NID,The Nest,NUKE,2080158,LaPetiteMort,25,49253,134,73
7925,NID,The Nest,Bird,1875702,Katchy,36,45587,82,75
7925,NID,The Nest,Bird,1468764,Heasleys4hemp,86,31517,93,74
7925,NID,The Nest,NUKE,919432,MrJay,54,29213,90,23
7925,NID,The Nest,WB,2060568,SpiritDesire,40,22071,80,40
7925,NID,The Nest,WB,2079783,An_Spailpin,26,21877,87,37
7925,NID,The Nest,,2207304,Cameron77910,19,21457,97,0
7925,NID,The Nest,WB,63420,Apathetic,29,20263,67,0
7925,NID,The Nest,WB,2213753,holliday50,19,19490,90,0
7925,NID,The Nest,WB,2246495,DA_JEDI,7,17987,53,0
7925,NID,The Nest,WB,2155121,Boom_Fang,28,17435,87,3
7925,NID,The Nest,WB,2215342,Acidxjunkie,19,16892,72,0
7925,NID,The Nest,WB,1266808,DreadTotem,15,16596,54,13
7925,NID,The Nest,WB,2128474,xerohero,17,15375,72,0
7925,NID,The Nest,WB,2114298,SugarPlumDeb,15,14999,65,1
7925,NID,The Nest,WB,1975338,decadria,29,14665,88,22
7925,NID,The Nest,WB,423569,Ramses_II,58,14650,44,12
7925,NID,The Nest,WB,2149952,RAsWILL,19,14643,64,0
7925,NID,The Nest,WB,2171217,Geometroid,15,12609,65,0
7925,NID,The Nest,Bird,1601223,Dr_Phoenix,63,12119,113,112
7925,NID,The Nest,WB,2231022,David_Bernz,19,11929,65,0
7925,NID,The Nest,WB,2112951,Pantxito,23,10199,86,0
7925,NID,The Nest,WB,2172760,Adiy87,21,10190,72,2
7925,NID,The Nest,WB,1719081,Kalashnikov,22,10114,52,8
7925,NID,The Nest,WB,2172614,Graehl,25,9754,62,5
7925,NID,The Nest,PnB,2112974,gontziz,23,8969,77,0
7925,NID,The Nest,WB,2166508,MossMannikin,25,8837,37,0
7925,NID,The Nest,WB,2179732,shadowrowan,20,8718,40,0
7925,NID,The Nest,WB,151048,Snakespy,45,7832,43,14
7925,NID,The Nest,WB,2225792,KidInTheCorner,15,7351,39,0
7925,NID,The Nest,WB,2169972,Dalon,25,7227,43,0
7925,NID,The Nest,IMP,2161485,BlazinWest,23,6441,21,0
7925,NID,The Nest,WB,2163818,BloopTube,21,6002,23,0
7925,NID,The Nest,WB,2166730,ZAXeon,14,4337,15,0
7925,NID,The Nest,WB,1602859,Milord,56,3828,3,0
7925,NID,The Nest,666,1166766,Skive,89,3794,1,0
7925,NID,The Nest,Bird,1889385,No_yolo_plz,60,3771,17,11
7925,NID,The Nest,Bird,1445495,Trier,60,3666,14,3
7925,NID,The Nest,WB,2218959,CaptCocoNutz,15,3615,17,0
7925,NID,The Nest,WB,2160829,Faeryblossom,23,3533,14,1
7925,NID,The Nest,undefined,2209536,Brodunkle,12,3373,5,0
7925,NID,The Nest,PT,1534628,Hydrogen,80,3206,7,3
7925,NID,The Nest,WB,2076284,eion247,17,2848,9,0
7925,NID,The Nest,WB,2109214,Aka_Soul,21,2745,26,0
7925,NID,The Nest,PnB,2193585,Grijelmix,22,2722,28,0
7925,NID,The Nest,WB,260218,MR_NASH,75,2309,13,11
7925,NID,The Nest,WB,1880158,Determinor,12,1681,10,0
7925,NID,The Nest,Bird,2070729,Nug,28,879,4,1
7925,NID,The Nest,Bird,2042792,Nuttchi,33,813,4,0
7925,NID,The Nest,WB,1380599,DjDSL,43,495,3,0
7925,NID,The Nest,undefined,2193632,Gontzal,6,132,4,0
7925,NID,The Nest,WB,2010274,FarLoki,20,84,1,0
7925,NID,The Nest,WB,2253280,Hooty102,5,28,1,0
7925,NID,Wolf Pack Next Generation,~WP~,1868765,Justine,89,36796,19,34
7925,NID,Wolf Pack Next Generation,~WP~,1865614,MissMary,84,33017,10,37
7925,NID,Wolf Pack Next Generation,CAT!,1690243,Krypton009,80,30907,48,51
7925,NID,Wolf Pack Next Generation,HeLa,2109024,Arduan,49,28494,55,59
7925,NID,Wolf Pack Next Generation,HeLa,1170743,Rogue_Mercenary,55,25786,23,25
7925,NID,Wolf Pack Next Generation,WPNG,306152,aappexxi,35,19821,7,3
7925,NID,Wolf Pack Next Generation,WPNG,246387,lostinthewoods,73,19569,18,11
7925,NID,Wolf Pack Next Generation,WPNG,268561,Randydy,51,19256,6,5
7925,NID,Wolf Pack Next Generation,WPNG,2016675,Natasha_Rostova,40,18383,34,20
7925,NID,Wolf Pack Next Generation,WPNG,2125197,b97yqq,31,17166,35,62
7925,NID,Wolf Pack Next Generation,WPNG,1922943,Crosscoded,50,16803,19,37
7925,NID,Wolf Pack Next Generation,WPNG,2083223,erebus1,31,16412,21,3
7925,NID,Wolf Pack Next Generation,WPNG,1138376,Rafster,85,15486,9,43
7925,NID,Wolf Pack Next Generation,WPNG,2096925,cancers,20,15115,23,0
7925,NID,Wolf Pack Next Generation,WPNG,2106640,-Rogue-,31,15040,35,3
7925,NID,Wolf Pack Next Generation,WPNG,2161333,ArmaGalen,35,13849,42,51
7925,NID,Wolf Pack Next Generation,~WP~,327135,PainfulPoetry,81,13401,29,30
7925,NID,Wolf Pack Next Generation,WPNG,1966746,Mike-Tyson,32,12280,6,4
7925,NID,Wolf Pack Next Generation,WPNG,2131801,Larrry,33,11613,26,38
7925,NID,Wolf Pack Next Generation,WPNG,2124189,Undanya_Yue,35,11384,42,29
7925,NID,Wolf Pack Next Generation,WPNG,2118797,Talamat,41,10146,14,2
7925,NID,Wolf Pack Next Generation,WPNG,1203823,_LoisGriffin_,33,9888,7,4
7925,NID,Wolf Pack Next Generation,~WP~,1946773,Plissken,57,9799,8,7
7925,NID,Wolf Pack Next Generation,~WP~,2065939,Wiber,50,9081,48,82
7925,NID,Wolf Pack Next Generation,~WP~,2140688,Shion,47,9062,15,4
7925,NID,Wolf Pack Next Generation,WPNG,1865717,Psycraze,52,8808,6,7
7925,NID,Wolf Pack Next Generation,~WP~,2136707,musicmuncher,26,8532,60,52
7925,NID,Wolf Pack Next Generation,WPNG,1917922,Simicz,56,7934,20,38
7925,NID,Wolf Pack Next Generation,WPNG,1315198,Jimbonator,37,7814,46,43
7925,NID,Wolf Pack Next Generation,WPNG,2152032,Masja,31,7299,38,8
7925,NID,Wolf Pack Next Generation,WPNG,2013988,Erbalicous,69,7261,29,86
7925,NID,Wolf Pack Next Generation,ELTI,878769,-Pixie-,88,6400,7,8
7925,NID,Wolf Pack Next Generation,WPNG,2151632,TheWizardOfAus,25,6356,13,2
7925,NID,Wolf Pack Next Generation,~WP~,2070756,AlieNDFy,33,6196,32,38
7925,NID,Wolf Pack Next Generation,HeLa,2101122,JamesTrick,40,5618,9,10
7925,NID,Wolf Pack Next Generation,ELTI,302681,Kitman,90,5338,6,9
7925,NID,Wolf Pack Next Generation,WPNG,2130283,artmise,21,5250,4,1
7925,NID,Wolf Pack Next Generation,~WP~,574812,Kamster,84,4390,11,51
7925,NID,Wolf Pack Next Generation,WPNG,1969176,Hopebones5,55,4384,37,72
7925,NID,Wolf Pack Next Generation,WPNG,2074150,Nitro,21,4202,24,2
7925,NID,Wolf Pack Next Generation,WPNG,1560293,Archaic,73,4070,3,1
7925,NID,Wolf Pack Next Generation,HeLa,2006892,xXxMounTyxXx,35,3917,27,0
7925,NID,Wolf Pack Next Generation,HeLa,2008978,heybaby,38,3592,9,7
7925,NID,Wolf Pack Next Generation,WPNG,1943337,Ivan,50,3563,21,39
7925,NID,Wolf Pack Next Generation,WPNG,2135002,CreamyNougat,35,3532,16,9
7925,NID,Wolf Pack Next Generation,WPNG,2145261,shortstax,30,3488,15,2
7925,NID,Wolf Pack Next Generation,ELTI,2052685,jimillar0476,61,3388,19,22
7925,NID,Wolf Pack Next Generation,WPNG,2208584,Apophis,25,3323,33,14
7925,NID,Wolf Pack Next Generation,WPNG,2004844,Aquaphile,57,3168,13,16
7925,NID,Wolf Pack Next Generation,undefined,319251,Breathless,46,2998,13,23
7925,NID,Wolf Pack Next Generation,~WP~,1694544,MedicWolf,75,2997,7,12
7925,NID,Wolf Pack Next Generation,WPNG,2118517,queer-qrimes,39,2913,7,4
7925,NID,Wolf Pack Next Generation,~WP~,1111678,Mispk2,93,2713,2,3
7925,NID,Wolf Pack Next Generation,WPNG,2173187,Viperhead,25,2603,1,0
7925,NID,Wolf Pack Next Generation,~WP~,1491379,buddha420,80,2594,6,11
7925,NID,Wolf Pack Next Generation,~WP~,1294366,Bosstweed77,92,2479,2,11
7925,NID,Wolf Pack Next Generation,HeLa,926640,cryosis7,40,2469,9,7
7925,NID,Wolf Pack Next Generation,WPNG,1790887,General_Lo,68,2371,2,3
7925,NID,Wolf Pack Next Generation,WPNG,1971462,iHalp,44,2255,9,15
7925,NID,Wolf Pack Next Generation,WPNG,732583,M-D-Luffy,75,2196,3,0
7925,NID,Wolf Pack Next Generation,WPNG,2090911,Eliminatus,21,2193,7,0
7925,NID,Wolf Pack Next Generation,WPNG,2126961,coldarray,15,2016,25,7
7925,NID,Wolf Pack Next Generation,WPNG,1971358,KillerPunk,38,1989,5,0
7925,NID,Wolf Pack Next Generation,WPNG,2104903,Mydroflex,46,1951,5,0
7925,NID,Wolf Pack Next Generation,WPNG,2060828,Knytet,49,1935,16,0
7925,NID,Wolf Pack Next Generation,WPNG,2084316,Senpachie,15,1781,20,0
7925,NID,Wolf Pack Next Generation,WPNG,2127113,SolSaloman,20,1706,3,0
7925,NID,Wolf Pack Next Generation,WPNG,2060492,Kevin69069069,32,1622,8,3
7925,NID,Wolf Pack Next Generation,WPNG,2140032,Antony,20,1595,4,0
7925,NID,Wolf Pack Next Generation,WPNG,2094214,Lancey,30,1586,4,4
7925,NID,Wolf Pack Next Generation,WPNG,2172612,FaceYourFetus,23,1509,23,0
7925,NID,Wolf Pack Next Generation,~WP~,1561953,morizwan,80,1486,7,18
7925,NID,Wolf Pack Next Generation,WPNG,2138175,tehrev666,21,1341,11,0
7925,NID,Wolf Pack Next Generation,~WP~,2177146,ZennomadneZ,22,1147,17,9
7925,NID,Wolf Pack Next Generation,~WP~,1725233,MH_2007,89,1117,1,0
7925,NID,Wolf Pack Next Generation,WPNG,2106239,PrivateHarambe,31,1029,10,8
7925,NID,Wolf Pack Next Generation,WPNG,309615,GothThug,62,1011,6,1
7925,NID,Wolf Pack Next Generation,~WP~,464458,Kash,84,957,3,4
7925,NID,Wolf Pack Next Generation,WPNG,2092183,hgrunt,25,898,2,0
7925,NID,Wolf Pack Next Generation,~WP~,1908425,Lleztat,87,866,3,3
7925,NID,Wolf Pack Next Generation,WPNG,2152427,Demitori,24,774,2,3
7925,NID,Wolf Pack Next Generation,WPNG,2059198,Aeirex,40,645,5,8
7925,NID,Wolf Pack Next Generation,WPNG,2133367,Sanctum,29,604,2,0
7925,NID,Wolf Pack Next Generation,WPNG,709736,TheDatzMan,35,589,3,9
7925,NID,Wolf Pack Next Generation,~WP~,1297526,Stalllion,54,538,4,6
7925,NID,Wolf Pack Next Generation,WPNG,1990925,Soulreaper111,32,463,1,0
7925,NID,Wolf Pack Next Generation,undefined,1014409,Brad0812,62,419,3,2
7925,NID,Wolf Pack Next Generation,WPNG,1899368,HardCoreKiwi367,46,416,2,1
7925,NID,Wolf Pack Next Generation,P_B,2090073,undulation,59,378,1,0
7925,NID,Wolf Pack Next Generation,WPNG,2103248,aeesha,24,272,3,1
7925,NID,Wolf Pack Next Generation,WPNG,2159813,RatKing,35,242,2,1
7925,NID,Wolf Pack Next Generation,WPNG,2155942,Churchy_7811,19,205,4,2
7925,NID,Wolf Pack Next Generation,DE,1844409,Anelin,47,182,4,9
7925,NID,Wolf Pack Next Generation,WPNG,2139951,fragilesong,26,106,1,0
7925,NID,Wolf Pack Next Generation,-TD-,2105701,Arjan,35,93,1,0
7925,NID,Wolf Pack Next Generation,WPNG,2177923,hacker115,20,89,3,1
7925,NID,Wolf Pack Next Generation,WPNG,2139729,spamfajitas,22,88,1,0
7925,NID,Wolf Pack Next Generation,WPNG,2148834,TvirusMilos,25,67,2,1
7925,NID,Wolf Pack Next Generation,WPNG,2045117,VoidAye,29,56,2,0
7925,NID,Wolf Pack Next Generation,DD,2138527,Fuzz_Nutz,34,53,1,1
7925,NID,Wolf Pack Next Generation,~WP~,1608986,HastaLaVistaBby,90,34,20,0
7925,NID,Wolf Pack Next Generation,WPNG,2126828,Ratonga,30,31,1,0
7925,NID,Wolf Pack Next Generation,WPNG,2122021,Orangebiscuitt,23,22,1,0
7925,NID,Wolf Pack Next Generation,WPNG,1635385,Kapt420kronic,63,0,0,3
7925,NID,Wolf Pack Next Generation,~WP~,1835613,Fulco,60,0,0,2