8045,PXD,Unrelenting,HA,2106899,ash1futbol,48,1382,1,0
8045,PXD,Unrelenting,SWAN,1425903,RaverBaloo,60,226,1,0
8045,PXD,Unrelenting,IBB,917218,Bones,100,77,1,0
8045,PXD,Unrelenting,~WP~,1922819,Michi,90,37,1,0
8045,PXD,Unrelenting,UR,2029161,FilippaPingvin,50,3,1,0
8045,PXD,Unrelenting,UR,2192470,EvenOdds_,32,3,1,0
8045,PXD,Unrelenting,C.R,1955477,Rowdy_Rebel357,86,0,0,1
8045,PXD,Nuclear Blast,NUKE,375042,DeaLeR,40,146491,2,0
8045,PXD,Nuclear Blast,NUKE,1630778,ldub,62,103103,1,0
8045,PXD,Nuclear Blast,NUKE,123007,DJ_Ubal,68,96994,1,0
8045,PXD,Nuclear Blast,NUKE,1009364,DeepDark,74,89390,1,0
8045,PXD,Nuclear Blast,NUKE,350930,artniS,99,76066,1,0
8045,PXD,Nuclear Blast,NUKE,743664,Aruza,55,60001,1,0
8045,PXD,Nuclear Blast,NUKE,283272,angel_7,91,56246,2,0
8045,PXD,Nuclear Blast,NUKE,965235,Pete1994,60,54028,1,0
8045,PXD,Nuclear Blast,NUKE,207347,Mattyb,96,29021,1,0
8045,PXD,Nuclear Blast,NUKE,2124037,Caffiend,46,22359,3,0
8045,PXD,Nuclear Blast,NUKE,512706,Greatfelix,78,17530,1,0
8045,PXD,Nuclear Blast,NUKE,470614,OldMighty,80,17448,1,0
8045,PXD,Nuclear Blast,NUKE,473551,MisterG,94,17329,1,0
8045,PXD,Nuclear Blast,NUKE,2117849,Indubitably,40,16305,1,0
8045,PXD,Nuclear Blast,NUKE,861541,duckroid,73,11926,1,0
8045,PXD,Nuclear Blast,NUKE,668857,gunner11,80,8807,1,0
8045,PXD,Nuclear Blast,NUKE,1232819,badger1965,72,5971,1,0
8045,PXD,Nuclear Blast,NUKE,2021303,Doffe53g,30,5539,1,0
8045,PXD,Nuclear Blast,NUKE,1710412,_Mace_,80,1468,1,0
8045,PXD,Nuclear Blast,P_B,2116250,-HaveFun,29,155,1,0
8045,PXD,Nuclear Blast,NUKE,8491,Dr_Hencia,65,110,1,0
8045,PXD,Nuclear Blast,NUKE,1993355,Teamerriestjam,41,85,1,0

8048,WFE,Relentless,FTW,99177,BodyBagger,100,50928,1,8
8048,WFE,Relentless,R*1,1825532,Alexstrasza,100,37966,15,27
8048,WFE,Relentless,R*1,302973,lonewolf,100,35737,10,26
8048,WFE,Relentless,R*1,1953860,RGiskard,100,33401,20,30
8048,WFE,Relentless,R*1,1732212,Hank,100,29881,14,13
8048,WFE,Relentless,R*1,1785428,Td3h,99,20534,8,39
8048,WFE,Relentless,R*1,38031,Pascal,100,17754,6,2
8048,WFE,Relentless,C.R,118943,_Big_GuNz_,100,16858,43,19
8048,WFE,Relentless,R*1,1793493,Rocmann,92,15569,22,2
8048,WFE,Relentless,R*1,1148150,natty1066,98,15504,22,2
8048,WFE,Relentless,R*1,1553363,Blistig,92,13465,22,0
8048,WFE,Relentless,R*1,1503918,PhaNToM,95,13224,31,9
8048,WFE,Relentless,R*1,1154897,Milosh,100,12645,13,6
8048,WFE,Relentless,R*1,1629756,Lord_Gorgen,100,12084,13,9
8048,WFE,Relentless,R*1,1337627,Afwas,100,11714,14,12
8048,WFE,Relentless,R*1,1740595,BadDutchie,95,10419,4,0
8048,WFE,Relentless,C.R,1955477,Rowdy_Rebel357,86,9841,30,8
8048,WFE,Relentless,R*1,748022,Kookaburra,100,9757,15,30
8048,WFE,Relentless,R*1,1580868,Monkeymia,97,9489,1,1
8048,WFE,Relentless,FTW,1815556,Nesa,100,9326,29,13
8048,WFE,Relentless,C.R,1967332,MBX,90,9130,17,0
8048,WFE,Relentless,R*1,2050558,Hildegarde,100,8641,5,3
8048,WFE,Relentless,R*1,845601,Shapke,90,8051,4,0
8048,WFE,Relentless,R*1,50716,Honey-Badger,94,7802,16,3
8048,WFE,Relentless,R*1,1811936,madbuns,100,7644,12,3
8048,WFE,Relentless,R*1,1510489,TheHoneyBadger,93,7170,2,0
8048,WFE,Relentless,R*1,1547659,Ubique,99,5769,1,0
8048,WFE,Relentless,~SA~,204836,Slork,100,5678,9,0
8048,WFE,Relentless,R*1,1044213,Imrahil,100,5666,20,12
8048,WFE,Relentless,R*1,194822,Illusions,99,5412,5,1
8048,WFE,Relentless,R*1,89388,hiphopsoldier,96,5143,15,0
8048,WFE,Relentless,R*1,1620993,_Gabriel_,100,5076,7,3
8048,WFE,Relentless,R*1,705319,Scar,94,4947,15,0
8048,WFE,Relentless,R*1,958018,uLtraZ,100,4836,7,5
8048,WFE,Relentless,C.R,329437,Teddybears,94,4773,5,0
8048,WFE,Relentless,R*1,108922,HT-Supermikk,100,4431,4,17
8048,WFE,Relentless,R*1,1625417,Yurnero,91,4363,14,2
8048,WFE,Relentless,R*1,900534,Dekloren,100,4344,2,2
8048,WFE,Relentless,R*1,1025410,Pops,99,3867,17,0
8048,WFE,Relentless,R*1,1901801,metalkarmak,88,3430,3,0
8048,WFE,Relentless,R*1,1798354,KaguroX,95,3393,6,2
8048,WFE,Relentless,R*1,1847600,Baldr,98,3374,9,2
8048,WFE,Relentless,C.R,1879587,Proxima,100,3344,19,10
8048,WFE,Relentless,R*1,1573549,f0rk,94,3202,12,0
8048,WFE,Relentless,R*1,1685702,Bezee,90,2995,5,1
8048,WFE,Relentless,R*1,1626270,mortisult,98,2651,8,2
8048,WFE,Relentless,R*1,1420951,bulldog1,99,2538,1,0
8048,WFE,Relentless,R*1,1970958,Echo,89,2433,10,0
8048,WFE,Relentless,39X,1880839,Hedas,94,2291,2,1
8048,WFE,Relentless,R*1,895688,Wicka,100,2145,4,8
8048,WFE,Relentless,C.R,1601768,Mundo,90,2016,10,0
8048,WFE,Relentless,R*1,442254,Montana,100,1932,1,0
8048,WFE,Relentless,R*1,84976,Jokar,89,1800,10,0
8048,WFE,Relentless,~SA~,1414372,Fortytwo,100,1755,7,9
8048,WFE,Relentless,R*1,1739685,Habanero,95,1739,7,3
8048,WFE,Relentless,R*1,1602605,Joxer,100,1720,5,2
8048,WFE,Relentless,~WP~,1716970,loveu2,94,1683,10,5
8048,WFE,Relentless,R*1,420053,Agent327,95,1667,2,1
8048,WFE,Relentless,R*1,429874,Rumple4skinz,97,1423,8,3
8048,WFE,Relentless,NOM,2236437,ScottieMac,15,1411,6,0
8048,WFE,Relentless,R*1,1888994,Momo,96,1400,4,0
8048,WFE,Relentless,R*1,1523811,GoldenFeel,99,1317,2,1
8048,WFE,Relentless,C.R,1264011,Kraft,90,1263,17,0
8048,WFE,Relentless,R*1,1713565,Yeezy,89,1207,9,1
8048,WFE,Relentless,R*1,238634,Mover,85,1157,4,1
8048,WFE,Relentless,R*1,1127528,Fanatic,100,1116,4,0
8048,WFE,Relentless,R*1,784338,Crystalz,96,1090,6,3
8048,WFE,Relentless,R*1,1882094,GeorgeCostanza,89,1028,5,1
8048,WFE,Relentless,~SA~,1816368,NNWS,99,1008,5,3
8048,WFE,Relentless,R*1,1109901,ZaumonL,95,948,2,0
8048,WFE,Relentless,R*1,511272,Seth,100,864,3,0
8048,WFE,Relentless,R*1,1832759,CrookedPaper,93,807,10,3
8048,WFE,Relentless,R*1,295516,Navahoes,100,595,3,0
8048,WFE,Relentless,R*1,1153517,Shutter,100,583,5,2
8048,WFE,Relentless,R*1,367758,Tokig,96,554,4,0
8048,WFE,Relentless,C.R,1491264,Aldous_Snow,91,501,1,0
8048,WFE,Relentless,undefined,1803901,Spaghetti360,89,440,2,0
8048,WFE,Relentless,undefined,1962958,Dollhouse,84,422,8,0
8048,WFE,Relentless,R*1,2033210,OSA,84,325,5,0
8048,WFE,Relentless,R*1,1935090,SlaineTroyard,82,274,3,1
8048,WFE,Relentless,R*1,1867608,decap101,90,269,2,2
8048,WFE,Relentless,R*1,1060365,TORN_REAPER,92,187,1,0
8048,WFE,Relentless,R*1,1974874,PapaEmeritus,87,161,3,0
8048,WFE,Relentless,R*1,1474402,CorsiPukz,85,150,1,0
8048,WFE,Relentless,C.R,1541749,Pandora,100,124,1,1
8048,WFE,Relentless,R*1,954429,DonCorleon,85,103,2,1
8048,WFE,Relentless,R*1,1705890,DarkMaid,97,90,1,0
8048,WFE,Relentless,R*1,671797,sexxysweety,92,69,1,1
8048,WFE,Relentless,R*1,1921540,keego73,88,64,1,0
8048,WFE,Relentless,R*1,82801,ShadowStriker,85,63,1,1
8048,WFE,Relentless,NUKE,36875,AzTeCsCaRfAcE,90,42,1,2
8048,WFE,Relentless,R*1,1900827,Bruce-LeeFFS,95,40,1,1
8048,WFE,Relentless,~SA~,1373916,icedogg,90,30,1,0
8048,WFE,Relentless,R*1,295553,Lek,85,28,1,0
8048,WFE,Relentless,UR,2049768,Haiku,64,25,1,0
8048,WFE,Relentless,R*1,1843716,Whittlinman,92,3,1,0
8048,WFE,Relentless,~SA~,1639350,Rockem,92,0,0,1
8048,WFE,JFK,JFK™,247674,Z_junior,100,44869,14,72
8048,WFE,JFK,JFK™,59922,DrGonzo,100,19360,6,40
8048,WFE,JFK,JFK™,345050,CindyFury,100,10652,29,64
8048,WFE,JFK,JFK™,270517,rjkc4,100,9622,30,32
8048,WFE,JFK,JFK™,868334,Tiller,100,7950,24,20
8048,WFE,JFK,JFA,1517799,Penicillin,100,5842,2,0
8048,WFE,JFK,JFK™,380980,Sky,100,5842,6,3
8048,WFE,JFK,JFK™,180202,SenSational,100,5437,9,37
8048,WFE,JFK,JFK™,1187920,XIII,98,5388,26,42
8048,WFE,JFK,JFK™,1662311,Livingdedgirl,86,4574,20,3
8048,WFE,JFK,JFK™,581715,Cuffs,97,3858,3,7
8048,WFE,JFK,JFK™,93810,tedenver,93,3562,9,14
8048,WFE,JFK,JFK™,74835,Aries21,100,3499,3,12
8048,WFE,JFK,JFK™,922212,Bullzeye,100,3378,10,40
8048,WFE,JFK,JFK™,1568669,Boxer,100,2961,6,23
8048,WFE,JFK,JFK™,1407331,Huzaifah,93,2510,10,14
8048,WFE,JFK,JFK™,1609046,AngelsAgent,87,2319,6,1
8048,WFE,JFK,JFK™,68062,Nota,95,2293,6,33
8048,WFE,JFK,JFK™,250755,SeaLion,96,2126,17,11
8048,WFE,JFK,undefined,1746672,EDD,94,2049,6,0
8048,WFE,JFK,2.1,318855,Skeletron,90,1997,16,6
8048,WFE,JFK,2.1,1022640,Izzanods,100,1967,2,5
8048,WFE,JFK,JFK™,200267,Molson,95,1772,4,2
8048,WFE,JFK,JFA2,1629411,Kronos,81,1720,16,5
8048,WFE,JFK,JFK™,471591,Andyman,100,1362,8,13
8048,WFE,JFK,JFK™,988807,HairyHarry,89,1350,3,3
8048,WFE,JFK, JFR,153139,Grindelwald,99,1340,1,0
8048,WFE,JFK,DoA,865748,Shindig,71,1272,28,0
8048,WFE,JFK,JFK™,1854679,Daisy_Lynn,88,1250,19,7
8048,WFE,JFK,2.1,264054,-KeV-,92,1149,5,5
8048,WFE,JFK,JFK™,24557,Megadeth,100,1134,8,7
8048,WFE,JFK,JFK™,194889,Paige,81,1037,5,5
8048,WFE,JFK,JFK™,1480425,lord,67,979,5,0
8048,WFE,JFK,2.1,641520,Ilmatar,94,942,5,8
8048,WFE,JFK,JFK™,992219,sophie,99,897,2,6
8048,WFE,JFK,JFK™,294501,PRichy,94,730,10,6
8048,WFE,JFK,JFK™,463554,Jut,100,686,1,4
8048,WFE,JFK,JFK™,1116436,Man-O-War,94,668,3,2
8048,WFE,JFK,JFK™,1513594,Legend,95,665,6,18
8048,WFE,JFK,JFK™,1311691,PinzNneedlz,99,654,3,3
8048,WFE,JFK,2.1,517092,Karalynn,95,644,5,1
8048,WFE,JFK,JFK™,474704,wooted,78,638,9,0
8048,WFE,JFK,JFK™,424998,UBIK,100,560,1,0
8048,WFE,JFK,2.1,369658,Skullface,79,514,7,0
8048,WFE,JFK,JFK™,1518389,MimeFaceKiller,99,497,2,14
8048,WFE,JFK,JFK™,1455047,Stagger_Lee,91,467,1,1
8048,WFE,JFK,[ÐA],1867527,Tempest,87,444,3,1
8048,WFE,JFK,JFK™,912780,Flat,99,443,4,6
8048,WFE,JFK,JFK™,1378809,HLH,100,439,1,0
8048,WFE,JFK,JFK™,191408,Madame_Tussaud,92,437,4,2
8048,WFE,JFK,undefined,163772,kuhoops,90,382,3,5
8048,WFE,JFK,2.1,337027,THEN00B,65,333,4,0
8048,WFE,JFK,JFK™,1465084,Subah,99,273,2,17
8048,WFE,JFK,JFK™,1577993,PMV,99,217,6,21
8048,WFE,JFK,2.1,1538531,LaDy_LoLLi,80,213,5,1
8048,WFE,JFK,JFK™,390615,Aeroroot,100,208,3,12
8048,WFE,JFK,2.1,88497,MrJohnnyTorrio,75,194,4,2
8048,WFE,JFK,undefined,465462,doms,72,171,3,0
8048,WFE,JFK,JFK™,1772814,zig,92,159,1,0
8048,WFE,JFK,undefined,1546499,Symbol,73,132,2,0
8048,WFE,JFK,JFK™,1510633,Delusional_One,98,132,3,6
8048,WFE,JFK,JFK™,7800,taktikz,100,118,1,0
8048,WFE,JFK,2.1,1813796,Husky,77,108,3,0
8048,WFE,JFK,undefined,654393,SlickRick,80,83,1,0
8048,WFE,JFK,JFK™,914212,D4rk_Sk0rp10n,85,82,2,0
8048,WFE,JFK,JFK™,734331,Giapper,90,82,2,2
8048,WFE,JFK,2.1,1762095,Kallesoee,86,81,1,0
8048,WFE,JFK,NOOB,2726,T-Rex,96,76,2,2
8048,WFE,JFK,undefined,887166,DaveO,83,53,1,0
8048,WFE,JFK,2.1,1637653,Apo,95,25,1,10

8050,PDD,One Punch,~OP~,1264572,Death,96,84777,14,54
8050,PDD,One Punch,~OP~,129990,King_David,95,80314,7,52
8050,PDD,One Punch,~OP~,1161983,TwoEleven,90,73130,24,56
8050,PDD,One Punch,~OP~,1863227,Zwel,89,57834,19,14
8050,PDD,One Punch,R*1,1953860,RGiskard,100,57531,1,3
8050,PDD,One Punch,R*1,1109901,ZaumonL,95,56911,2,0
8050,PDD,One Punch,~OP~,671176,Cobralov3r,81,55509,59,24
8050,PDD,One Punch,~OP~,1954421,ArttiIsGod,79,55178,13,19
8050,PDD,One Punch,~OP~,827175,Nuclear,83,49767,3,2
8050,PDD,One Punch,C.R,1958969,Mania,90,49422,1,1
8050,PDD,One Punch,C.R,1420465,Mujera,82,49099,16,5
8050,PDD,One Punch,C.R,148961,Thrie,100,48587,5,7
8050,PDD,One Punch,~OP~,668362,Revelation,90,48219,27,53
8050,PDD,One Punch,FTW,451775,Chuck_Berry,94,41427,1,5
8050,PDD,One Punch,FTW,1461511,Eagle_Eye,96,39394,3,0
8050,PDD,One Punch,FTW,1403604,ieatcarpets,96,38878,4,12
8050,PDD,One Punch,~OP~,1502426,waybeyondhelp,78,38112,11,8
8050,PDD,One Punch,~OP~,812471,BORK,54,38071,110,4
8050,PDD,One Punch,~OP~,1007672,bobiii,92,37541,5,6
8050,PDD,One Punch,~WP~,1716970,loveu2,94,37044,2,0
8050,PDD,One Punch,~OP~,1602780,jfive,71,36203,21,25
8050,PDD,One Punch,~OP~,1430520,HideOut,77,34541,37,64
8050,PDD,One Punch,~OP~,1618958,Master,91,34375,11,33
8050,PDD,One Punch,C.R,1978428,Yautja,83,33202,3,3
8050,PDD,One Punch,~OP~,5510,12Digitdan,65,31774,9,7
8050,PDD,One Punch,FTW,843586,Majsan,85,29022,1,1
8050,PDD,One Punch,~OP~,1328849,EX3,86,28961,7,33
8050,PDD,One Punch,~OP~,997432,Hermit,85,28461,15,26
8050,PDD,One Punch,~OP~,1952888,SHIINA,75,26235,19,7
8050,PDD,One Punch,~OP~,1925343,EnglandsFinest,80,25575,18,39
8050,PDD,One Punch,~OP~,949847,jacks_colon,65,25436,38,4
8050,PDD,One Punch,C.R,1352251,ChristmasBazaar,100,23974,2,3
8050,PDD,One Punch,~WP~,1324517,Xiba,73,23790,3,1
8050,PDD,One Punch,BoTS,1787515,The_Healer,74,23394,28,46
8050,PDD,One Punch,NUKE,1710412,_Mace_,80,21890,3,0
8050,PDD,One Punch,~OP~,681916,Lil_Hitman,55,20989,30,8
8050,PDD,One Punch,~OP~,420408,Greasha,85,20732,8,31
8050,PDD,One Punch,~WP~,1865614,MissMary,84,20548,2,1
8050,PDD,One Punch,~OP~,187782,Hard_wall,100,20087,5,3
8050,PDD,One Punch,C.R,1967332,MBX,90,19733,7,7
8050,PDD,One Punch,C.R,202258,piney,100,19238,1,0
8050,PDD,One Punch,DA,2048878,TheDarkLight,65,18411,32,9
8050,PDD,One Punch,~OP~,1280905,Hypocritical,84,18188,14,35
8050,PDD,One Punch,R*1,108862,Cirice,100,16229,1,0
8050,PDD,One Punch,~OP~,1474240,boonick44,69,14239,25,6
8050,PDD,One Punch,~OP~,1618610,Sarkov,45,13638,9,0
8050,PDD,One Punch,R*1,1553363,Blistig,92,13363,3,2
8050,PDD,One Punch,undefined,1992238,Ultrareign,95,12861,2,8
8050,PDD,One Punch,~OP~,1786727,LittleVinnie,56,12433,13,8
8050,PDD,One Punch,~OP~,1484195,coopoon,78,12074,1,5
8050,PDD,One Punch,C.R,1879587,Proxima,100,11337,1,1
8050,PDD,One Punch,~OP~,81345,Lost-Soul,65,10317,13,3
8050,PDD,One Punch,~OP~,1554173,H1ghl4nder,71,9983,10,3
8050,PDD,One Punch,~OP~,1616518,Motag8tor,55,9242,18,9
8050,PDD,One Punch,~OP~,1903327,Kingdingaling,39,9006,6,1
8050,PDD,One Punch,C.R,1915023,CrazedOne,99,9001,1,0
8050,PDD,One Punch,~OP~,949810,heresy23,70,8875,22,4
8050,PDD,One Punch,~OP~,2058538,Jibblets,28,8787,34,3
8050,PDD,One Punch,~OP~,1156272,Ijipop,60,8452,7,0
8050,PDD,One Punch,~OP~,1956826,mklewis,67,8138,10,0
8050,PDD,One Punch,BSG,2085307,Venomancer,70,7817,11,0
8050,PDD,One Punch,~OP~,856143,iamthechief,68,7489,6,10
8050,PDD,One Punch,~OP~,551742,True_Aryas,55,7269,18,4
8050,PDD,One Punch,~OP~,889384,peteTHEwolve,68,7123,7,1
8050,PDD,One Punch,R*1,1974874,PapaEmeritus,87,7082,3,5
8050,PDD,One Punch,~OP~,1531045,Mr_Owl,70,6663,11,0
8050,PDD,One Punch,~OP~,1671666,KTB,55,6495,3,0
8050,PDD,One Punch,~OP~,539612,DrUniverse,89,5526,9,10
8050,PDD,One Punch,C.R,1601768,Mundo,90,5431,1,0
8050,PDD,One Punch,~OP~,189986,fazi000000,84,5263,3,2
8050,PDD,One Punch,~OP~,2131856,100T,42,5193,25,4
8050,PDD,One Punch,TNL,2015160,HDS_Andrew616,90,5180,4,6
8050,PDD,One Punch,~OP~,1915325,T0R0,52,5062,10,1
8050,PDD,One Punch,~OP~,913832,MoneyBadger,85,4771,2,1
8050,PDD,One Punch,~OP~,245215,Ground,30,4611,9,0
8050,PDD,One Punch,~OP~,28232,Daeron,47,4402,6,5
8050,PDD,One Punch,~OP~,64263,Suehtomit,88,4371,3,0
8050,PDD,One Punch,IBB,917218,Bones,100,4213,3,2
8050,PDD,One Punch,~OP~,1914854,BuLLsDiE,38,4108,22,0
8050,PDD,One Punch,~OP~,734492,BabyLuST,49,4075,11,9
8050,PDD,One Punch,~OP~,1916362,Vegas_Dave,50,3392,11,0
8050,PDD,One Punch,~OP~,867659,Midnight_Mack,80,3292,6,4
8050,PDD,One Punch,~OP~,1904716,Madangeltje,23,3228,5,1
8050,PDD,One Punch,~OP~,1008657,Soul_Survivor,40,3002,21,2
8050,PDD,One Punch,~OP~,956187,ladyK,26,2688,18,1
8050,PDD,One Punch,~OP~,2014395,DrillerDave,50,2545,8,1
8050,PDD,One Punch,~OP~,288076,Tankbusta,80,2230,1,4
8050,PDD,One Punch,IA,1971205,White_Lightning,15,2135,22,0
8050,PDD,One Punch,C.R,249471,Decisive_Fire,90,2120,3,0
8050,PDD,One Punch,~OP~,546902,FIST-OF-FURY,81,2119,3,2
8050,PDD,One Punch,~OP~,748455,rottenstock,69,1674,3,0
8050,PDD,One Punch,BoTS,2141705,nadinschh,30,1387,5,0
8050,PDD,One Punch,R*1,1153517,Shutter,100,1376,1,6
8050,PDD,One Punch,~OP~,2100933,Cinderalla,25,1051,19,0
8050,PDD,One Punch,~OP~,421901,Octane_XO,49,1018,2,0
8050,PDD,One Punch,undefined,2115229,cactido,45,1018,10,0
8050,PDD,One Punch,~OP~,1291481,sawas,89,956,3,14
8050,PDD,One Punch,~OP~,865494,KlownKilla,56,898,1,0
8050,PDD,One Punch,undefined,1317237,Touch,100,834,2,0
8050,PDD,One Punch,HeLa,1958780,skyarya,35,565,2,0
8050,PDD,One Punch,C.R,1701390,Master3z,92,423,2,7
8050,PDD,One Punch,UGK,1034218,Diamond_Dog,61,346,1,6
8050,PDD,One Punch,R*1,1793493,Rocmann,92,188,3,10
8050,PDD,One Punch,~OP~,2113961,BaasJ,30,140,2,0
8050,PDD,One Punch,~OP~,487193,Sorry6,86,18,1,0
8050,PDD,WarBirds,Bird,1615339,sinisista,97,63044,10,42
8050,PDD,WarBirds,[ÐA],577807,s0ldierGurl,98,44576,15,53
8050,PDD,WarBirds,Bird,1725559,udontwanna,99,39235,21,54
8050,PDD,WarBirds,Bird,1875702,Katchy,36,29169,74,27
8050,PDD,WarBirds,Bird,216599,Giphy,40,28846,44,69
8050,PDD,WarBirds,Bird,1468764,Heasleys4hemp,86,28685,26,18
8050,PDD,WarBirds,Bird,898029,mekline,76,27682,12,1
8050,PDD,WarBirds,Bird,168534,--De3n--,39,27061,11,2
8050,PDD,WarBirds,Bird,1688575,whiteyonenh,91,26822,5,5
8050,PDD,WarBirds,Bird,794548,Evil_Hamster,90,23211,2,0
8050,PDD,WarBirds,Bird,1838784,Angrir,74,23013,17,17
8050,PDD,WarBirds,VA,1775106,Dracin,92,21059,17,61
8050,PDD,WarBirds,Bird,214286,Merc,76,20491,10,9
8050,PDD,WarBirds,DKS,1637448,Nightmare,96,20443,46,34
8050,PDD,WarBirds,Bird,1993598,Throe,76,19298,28,28
8050,PDD,WarBirds,Bird,2011760,KermodeBear,79,18817,105,46
8050,PDD,WarBirds,Bird,2013744,Mystique-,80,18748,13,9
8050,PDD,WarBirds,Bird,1989354,Tenacious1,80,18379,19,33
8050,PDD,WarBirds,Bird,953982,Mechaa,71,18203,13,15
8050,PDD,WarBirds,Bird,483201,jumpingjack,80,17339,6,2
8050,PDD,WarBirds,Bird,1885489,Sephiroc,75,16920,13,22
8050,PDD,WarBirds,Bird,1987960,DefyingGravity,85,15989,10,6
8050,PDD,WarBirds,Bird,479620,Mr_Bob,75,15865,12,3
8050,PDD,WarBirds,Bird,942359,blindsquirrel9,92,15605,12,26
8050,PDD,WarBirds,Bird,1585434,Mellowfellow,78,15275,8,2
8050,PDD,WarBirds,Bird,1626180,dr4gon,95,14985,30,48
8050,PDD,WarBirds,Bird,1879131,Eldrazi_Emrakul,76,14893,39,11
8050,PDD,WarBirds,Bird,1016734,Kali,57,14195,6,22
8050,PDD,WarBirds,Bird,1021276,obe1,82,13186,15,14
8050,PDD,WarBirds,Bird,2041840,StJames,62,12131,3,0
8050,PDD,WarBirds,Bird,1564652,Wylie,70,11567,8,6
8050,PDD,WarBirds,Bird,1265026,ThunderChunky,54,11378,8,0
8050,PDD,WarBirds,Bird,34977,Lindy_Lyson,69,11272,7,5
8050,PDD,WarBirds,Bird,1860503,Noodles,73,10953,10,12
8050,PDD,WarBirds,Bird,1846174,Vshack,93,10431,12,20
8050,PDD,WarBirds,Bird,1445495,Trier,60,9858,21,8
8050,PDD,WarBirds,Bird,227224,scooooter,94,9276,3,1
8050,PDD,WarBirds,Bird,1621994,WD3k,80,9252,2,0
8050,PDD,WarBirds,Bird,1881496,Meady05,66,8846,15,16
8050,PDD,WarBirds,Bird,2041420,Zexin,62,8661,4,0
8050,PDD,WarBirds,Bird,1825141,HULK,75,8464,5,4
8050,PDD,WarBirds,Bird,595365,T_ouchy,70,8425,4,0
8050,PDD,WarBirds,Bird,1601223,Dr_Phoenix,63,8412,31,24
8050,PDD,WarBirds,Bird,1537775,ShadowBlade,68,7952,25,6
8050,PDD,WarBirds,Bird,11017,Slimstar,59,7297,7,3
8050,PDD,WarBirds,Bird,2014817,Falcon,78,7251,53,59
8050,PDD,WarBirds,Bird,489147,Blue_Ninja,85,6935,1,0
8050,PDD,WarBirds,Bird,377190,Hitman,68,6588,9,5
8050,PDD,WarBirds,Bird,2108824,Nuttygurl,41,6336,18,2
8050,PDD,WarBirds,Bird,979003,deft,100,6094,1,0
8050,PDD,WarBirds,Bird,1833552,Superman,51,6069,2,0
8050,PDD,WarBirds,Bird,2099187,Magnakai,33,5857,14,0
8050,PDD,WarBirds,Bird,1986990,Lacazette,70,5537,1,0
8050,PDD,WarBirds,Bird,1969367,DrSatan316,77,5536,6,0
8050,PDD,WarBirds,Bird,2015974,Binden,60,5116,5,0
8050,PDD,WarBirds,Bird,2045558,NoSloth,60,4867,12,0
8050,PDD,WarBirds,Bird,2066010,0phelia,50,4862,11,0
8050,PDD,WarBirds,Bird,476394,Hollow_Knight,70,4847,16,5
8050,PDD,WarBirds,Bird,2025713,MadCakez,66,4757,14,7
8050,PDD,WarBirds,undefined,1728193,Jack_Tripper,65,4036,2,0
8050,PDD,WarBirds,Bird,1891280,Myco,72,3757,9,13
8050,PDD,WarBirds,Bird,2032869,BlastyShootalot,54,3473,13,4
8050,PDD,WarBirds,Bird,1676696,woddy,89,3431,1,6
8050,PDD,WarBirds,Bird,2172118,Huiping,35,3265,16,0
8050,PDD,WarBirds,Bird,2070729,Nug,28,3126,9,1
8050,PDD,WarBirds,NUKE,1994793,MissusZoan,52,2895,19,2
8050,PDD,WarBirds,MnC,1639837,Lady_Wynja,60,2869,18,0
8050,PDD,WarBirds,Bird,2053287,Babaika,35,2631,2,0
8050,PDD,WarBirds,Bird,2067561,3lmo,48,2478,10,0
8050,PDD,WarBirds,Bird,1269931,11th_Captain,57,2320,1,0
8050,PDD,WarBirds,UNT,2040043,Teutonic-Order,50,2262,2,0
8050,PDD,WarBirds,MnC,1474000,LilHeaz,42,2130,10,2
8050,PDD,WarBirds,Bird,2169837,Vulture,32,1815,15,0
8050,PDD,WarBirds,Bird,643435,Dragon_Ryda,86,1733,2,0
8050,PDD,WarBirds,Bird,1704043,Zenks,44,1503,4,0
8050,PDD,WarBirds,Bird,1314786,Wiro_Sableng,18,1232,2,0
8050,PDD,WarBirds,Bird,1090374,marric,67,1179,2,0
8050,PDD,WarBirds,Bird,685661,ZIP,75,972,2,0
8050,PDD,WarBirds,Bird,2096330,Syro,50,942,7,0
8050,PDD,WarBirds,Bird,1074856,Sarah01,91,879,4,4
8050,PDD,WarBirds,Bird,1947810,Insanity,67,846,2,0
8050,PDD,WarBirds,Bird,1850627,lost_cause,34,828,7,0
8050,PDD,WarBirds,Bird,530278,Rae,45,674,3,0
8050,PDD,WarBirds,Bird,1321788,mav,61,445,1,0
8050,PDD,WarBirds,Bird,1396485,Bovine,86,444,1,0
8050,PDD,WarBirds,aX,2187675,emerix,15,285,4,0
8050,PDD,WarBirds,Bird,1231929,Monsta_Energy,91,251,1,0
8050,PDD,WarBirds,Bird,1861114,Ramsden,56,250,1,0
8050,PDD,WarBirds,Bird,2042789,ittzy,48,221,1,0
8050,PDD,WarBirds,Bird,387515,aptornmail250ee,51,220,2,3
8050,PDD,WarBirds,Bird,2039305,Protagonist,61,188,1,0
8050,PDD,WarBirds,JFA,1827148,Shorty,90,93,1,0
8050,PDD,WarBirds,Bird,621449,kakaddu25,71,52,1,1

8059,GAD,One Punch,~OP~,1280905,Hypocritical,84,58107,17,21
8059,GAD,One Punch,~OP~,487193,Sorry6,86,48202,4,3
8059,GAD,One Punch,~WP~,1865614,MissMary,84,42916,3,4
8059,GAD,One Punch,~OP~,1618958,Master,91,39653,3,5
8059,GAD,One Punch,C.R,1601768,Mundo,90,38458,4,4
8059,GAD,One Punch,~OP~,288076,Tankbusta,80,38440,2,3
8059,GAD,One Punch,~OP~,187782,Hard_wall,100,33285,4,3
8059,GAD,One Punch,NUKE,1710412,_Mace_,80,32243,3,0
8059,GAD,One Punch,~OP~,997432,Hermit,85,32078,2,1
8059,GAD,One Punch,~OP~,1264572,Death,96,29121,1,0
8059,GAD,One Punch,R*1,1153517,Shutter,100,28199,3,0
8059,GAD,One Punch,~OP~,1554173,H1ghl4nder,71,26987,6,13
8059,GAD,One Punch,~WP~,1716970,loveu2,94,26342,3,0
8059,GAD,One Punch,~OP~,681916,Lil_Hitman,55,26279,7,6
8059,GAD,One Punch,R*1,1974874,PapaEmeritus,87,25925,2,5
8059,GAD,One Punch,~OP~,129990,King_David,95,23799,4,0
8059,GAD,One Punch,BSG,2085307,Venomancer,70,23305,19,6
8059,GAD,One Punch,~OP~,1161983,TwoEleven,90,23115,10,8
8059,GAD,One Punch,~OP~,1007672,bobiii,92,22624,1,0
8059,GAD,One Punch,~OP~,827175,Nuclear,83,20717,4,0
8059,GAD,One Punch,~WP~,1324517,Xiba,73,20669,5,2
8059,GAD,One Punch,~OP~,867659,Midnight_Mack,80,20047,6,1
8059,GAD,One Punch,FTW,843586,Majsan,85,19343,1,0
8059,GAD,One Punch,TNL,2015160,HDS_Andrew616,90,19105,3,5
8059,GAD,One Punch,~OP~,81345,Lost-Soul,65,19054,4,0
8059,GAD,One Punch,~OP~,1952888,SHIINA,75,18341,5,4
8059,GAD,One Punch,~OP~,761663,Fishhead,90,17530,1,1
8059,GAD,One Punch,~OP~,734492,BabyLuST,49,16915,14,3
8059,GAD,One Punch,R*1,1793493,Rocmann,92,16570,1,0
8059,GAD,One Punch,~OP~,1618610,Sarkov,45,16531,8,0
8059,GAD,One Punch,~OP~,889384,peteTHEwolve,68,16452,15,7
8059,GAD,One Punch,R*1,1034523,Tezwar,100,16242,1,0
8059,GAD,One Punch,~OP~,1863227,Zwel,89,15706,5,30
8059,GAD,One Punch,~OP~,856143,iamthechief,68,15676,1,0
8059,GAD,One Punch,C.R,148961,Thrie,100,15171,7,0
8059,GAD,One Punch,C.R,1701390,Master3z,92,15086,8,0
8059,GAD,One Punch,~OP~,1008657,Soul_Survivor,40,14781,11,14
8059,GAD,One Punch,~OP~,1914854,BuLLsDiE,38,14629,10,1
8059,GAD,One Punch,undefined,1706462,Toquinho,77,14227,4,3
8059,GAD,One Punch,~OP~,1786727,LittleVinnie,56,13720,9,5
8059,GAD,One Punch,R*1,1553363,Blistig,92,13049,2,0
8059,GAD,One Punch,~OP~,1430520,HideOut,77,12343,3,0
8059,GAD,One Punch,~OP~,5510,12Digitdan,65,12310,5,4
8059,GAD,One Punch,~OP~,671176,Cobralov3r,81,12123,14,3
8059,GAD,One Punch,FTW,1403604,ieatcarpets,96,11526,2,6
8059,GAD,One Punch,~OP~,1602780,jfive,71,11502,6,2
8059,GAD,One Punch,C.R,1978428,Yautja,83,11349,5,1
8059,GAD,One Punch,~OP~,1328849,EX3,86,10542,1,4
8059,GAD,One Punch,~OP~,1531045,Mr_Owl,70,10496,5,1
8059,GAD,One Punch,~OP~,1291481,sawas,89,10442,2,2
8059,GAD,One Punch,~OP~,949810,heresy23,70,9942,17,7
8059,GAD,One Punch,~OP~,551742,True_Aryas,55,9609,9,2
8059,GAD,One Punch,~OP~,2131856,100T,42,9351,3,1
8059,GAD,One Punch,~OP~,1502426,waybeyondhelp,78,9146,1,12
8059,GAD,One Punch,~OP~,1156272,Ijipop,60,8989,1,0
8059,GAD,One Punch,~OP~,1474240,boonick44,69,8699,8,7
8059,GAD,One Punch,~OP~,1903327,Kingdingaling,39,8529,5,0
8059,GAD,One Punch,~OP~,2100933,Cinderalla,25,8140,8,0
8059,GAD,One Punch,~OP~,949847,jacks_colon,65,8099,5,1
8059,GAD,One Punch,R*1,108862,Cirice,100,7566,2,5
8059,GAD,One Punch,C.R,1420465,Mujera,82,7525,4,6
8059,GAD,One Punch,~OP~,1916362,Vegas_Dave,50,7079,13,1
8059,GAD,One Punch,~OP~,812471,BORK,54,6949,9,4
8059,GAD,One Punch,~OP~,956187,ladyK,26,6358,15,0
8059,GAD,One Punch,IBB,917218,Bones,100,6176,2,0
8059,GAD,One Punch,~OP~,1671666,KTB,55,5064,2,0
8059,GAD,One Punch,DA,2048878,TheDarkLight,65,5014,2,1
8059,GAD,One Punch,~OP~,1495224,tobias,58,4872,2,0
8059,GAD,One Punch,~OP~,913832,MoneyBadger,85,4245,1,0
8059,GAD,One Punch,~OP~,1915325,T0R0,52,4202,2,1
8059,GAD,One Punch,~OP~,1616518,Motag8tor,55,3438,3,0
8059,GAD,One Punch,~OP~,865494,KlownKilla,56,3239,4,0
8059,GAD,One Punch,~OP~,1925343,EnglandsFinest,80,3068,1,0
8059,GAD,One Punch,C.R,1967332,MBX,90,2104,1,2
8059,GAD,One Punch,~OP~,2014395,DrillerDave,50,1574,3,0
8059,GAD,One Punch,~OP~,1960427,_BabyDoll_,62,1551,1,0
8059,GAD,One Punch,~OP~,1956826,mklewis,67,1292,1,0
8059,GAD,One Punch,~OP~,2058538,Jibblets,28,862,4,0
8059,GAD,One Punch,~OP~,668362,Revelation,90,823,2,7
8059,GAD,One Punch,C.R,1352251,ChristmasBazaar,100,747,1,1
8059,GAD,One Punch,C.R,202258,piney,100,536,1,0
8059,GAD,One Punch,~OP~,2113961,BaasJ,30,364,1,0
8059,GAD,One Punch,undefined,2115229,cactido,45,350,1,0
8059,GAD,One Punch,~OP~,420408,Greasha,85,338,1,1
8059,GAD,One Punch,~OP~,1954421,ArttiIsGod,79,0,1,16
8059,GAD,One Punch,C.R,1958969,Mania,90,0,0,1
8059,GAD,One Punch,~OP~,245215,Ground,30,0,0,1
8059,GAD,One Punch,undefined,1992238,Ultrareign,95,0,0,1
8059,GAD,The Nest,WB,301604,Mutant,87,21690,17,3
8059,GAD,The Nest,Bird,1889385,No_yolo_plz,60,12649,3,0
8059,GAD,The Nest,WB,2253280,Hooty102,5,12385,4,0
8059,GAD,The Nest,WB,151048,Snakespy,45,10478,23,0
8059,GAD,The Nest,WB,2179732,shadowrowan,20,10445,3,0
8059,GAD,The Nest,WB,1719081,Kalashnikov,22,9956,2,0
8059,GAD,The Nest,666,1166766,Skive,89,9940,1,0
8059,GAD,The Nest,WB,2122749,Sp00ker,14,9056,10,0
8059,GAD,The Nest,WB,2246495,DA_JEDI,7,8514,5,0
8059,GAD,The Nest,WB,577734,Hakawai,80,6989,15,6
8059,GAD,The Nest,WB,2149952,RAsWILL,19,6796,5,0
8059,GAD,The Nest,WB,2213753,holliday50,19,6366,13,0
8059,GAD,The Nest,WB,2166508,MossMannikin,25,5876,8,0
8059,GAD,The Nest,Bird,2007373,Dapper_Tramp,74,5761,24,22
8059,GAD,The Nest,WB,1880158,Determinor,12,4824,3,0
8059,GAD,The Nest,WB,423569,Ramses_II,58,4124,6,0
8059,GAD,The Nest,WB,1266808,DreadTotem,15,3215,22,3
8059,GAD,The Nest,WB,364302,BirdBox,61,3125,3,0
8059,GAD,The Nest,WB,2060568,SpiritDesire,40,2849,7,0
8059,GAD,The Nest,WB,2171217,Geometroid,15,2257,13,0
8059,GAD,The Nest,WB,2215342,Acidxjunkie,19,2177,9,0
8059,GAD,The Nest,WB,2114298,SugarPlumDeb,15,2108,21,0
8059,GAD,The Nest,WB,1975338,decadria,29,2057,3,0
8059,GAD,The Nest,NUKE,2080158,LaPetiteMort,25,2027,10,1
8059,GAD,The Nest,undefined,1630622,TheChemist,25,1387,1,0
8059,GAD,The Nest,WB,1840315,Tork1ller,19,1354,1,0
8059,GAD,The Nest,undefined,2193632,Gontzal,6,1315,2,0
8059,GAD,The Nest,WB,2076284,eion247,17,1276,1,0
8059,GAD,The Nest,WB,2112951,Pantxito,23,1256,1,0
8059,GAD,The Nest,WB,2128474,xerohero,17,1248,11,0
8059,GAD,The Nest,WB,2183977,Locke_Lamora,20,1229,1,0
8059,GAD,The Nest,WB,2109214,Aka_Soul,21,1197,1,0
8059,GAD,The Nest,WB,2169972,Dalon,25,1184,1,0
8059,GAD,The Nest,PnB,2112974,gontziz,23,1150,6,0
8059,GAD,The Nest,WB,2079783,An_Spailpin,26,1009,4,0
8059,GAD,The Nest,WB,2231022,David_Bernz,19,808,14,0
8059,GAD,The Nest,WB,1380599,DjDSL,43,673,2,0
8059,GAD,The Nest,WB,2172760,Adiy87,21,526,9,0
8059,GAD,The Nest,WB,2225792,KidInTheCorner,15,513,9,0
8059,GAD,The Nest,WB,2172614,Graehl,25,501,2,0
8059,GAD,The Nest,Bird,2042792,Nuttchi,33,414,4,0
8059,GAD,The Nest,WB,2163818,BloopTube,21,412,2,0
8059,GAD,The Nest,WB,2005014,Fitzs35,31,327,1,0
8059,GAD,The Nest,WB,1602859,Milord,56,179,1,0
8059,GAD,The Nest,WB,2166730,ZAXeon,14,169,1,0
8059,GAD,The Nest,WB,63420,Apathetic,29,83,3,0
8059,GAD,The Nest,WB,2010274,FarLoki,20,81,1,0
8059,GAD,The Nest,WB,2160829,Faeryblossom,23,70,2,0

8061,NSC,Chain Reaction,C.R,125079,No-Stress,99,39,1,0
8061,NSC,Chain Reaction,C.R,1648736,lewis_makumba,100,39,1,0
8061,NSC,Chain Reaction,,1551642,SSB,92,39,1,0
8061,NSC,Chain Reaction,C.R,942591,MaxMekker,95,39,1,0
8061,NSC,Chain Reaction,C.R,750078,Captive,92,39,1,0
8061,NSC,Chain Reaction,C.R,590839,-BC-Pagee,100,39,1,0
8061,NSC,Chain Reaction,C.R,496570,hustl3r,93,39,1,0
8061,NSC,Chain Reaction,C.R,448404,ChaosCat,93,39,1,0
8061,NSC,Chain Reaction,C.R,361121,Breadfan,95,39,1,0
8061,NSC,Chain Reaction,C.R,209070,Tascon,100,39,1,0
8061,NSC,Chain Reaction,C.R,1915023,CrazedOne,99,39,1,0

8062,DOG,JFA,JFK™,553318,mug,100,33876,1,0
8062,DOG,JFA,JFA,1635353,Knuckles,89,29631,1,0
8062,DOG,JFA,JFA,1321910,Ceberix,90,25039,1,0
8062,DOG,JFA,JFA,1512694,Donandres,95,24412,1,0
8062,DOG,JFA,JFA,1185073,Sergeant_Major,92,20906,1,0
8062,DOG,JFA,JFA,376991,MrsMojoMofo,100,19349,1,0
8062,DOG,JFA,JFK™,78403,CHunger,100,15683,1,0
8062,DOG,JFA,JFA,627688,MOJOMOFO,100,12579,1,0
8062,DOG,JFA,JFA,1591396,Blaze,100,12505,1,0
8062,DOG,JFA,JFA,1913313,Snowball,90,4499,2,0
8062,DOG,JFA,~SA~,2081212,HiIdegarde,58,2559,2,0
8062,DOG,JFA,JFA2,1202310,Greg_The_Bunny,40,309,1,0
8062,DOG,JFA,JFA2,1966479,DID,73,302,1,0
8062,DOG,JFA,MnC,2118353,Experiment626,35,184,1,0
8062,DOG,JFA,JFA,585240,Cazio,83,115,1,0
8062,DOG,JFA,JFA,1966136,Armag3ddoN,83,109,1,0
8062,DOG,JFA,JFA,496062,TED,90,39,1,0
8062,DOG,JFA,JFA2,1903685,Scamlife,79,0,1,0

8067,ZPF,Subversive Alliance,FTW,1632988,N3m,100,59349,16,61
8067,ZPF,Subversive Alliance,~SA~,332505,Midknight,100,54813,17,66
8067,ZPF,Subversive Alliance,~SA~,1486772,Smiles,100,50574,47,18
8067,ZPF,Subversive Alliance,~SA~,482424,Nabisco,94,46727,22,57
8067,ZPF,Subversive Alliance,~SA~,779368,ShuKa,100,44345,18,46
8067,ZPF,Subversive Alliance,~SA~,176898,SaliD,100,44214,18,77
8067,ZPF,Subversive Alliance,~SA~,983221,Nath,100,43565,13,78
8067,ZPF,Subversive Alliance,C.R,89581,Htr,100,41537,16,53
8067,ZPF,Subversive Alliance,~SA~,424017,Ohadik,99,40351,26,27
8067,ZPF,Subversive Alliance,FTW,915279,glados,98,36262,29,25
8067,ZPF,Subversive Alliance,~SA~,56492,RaNkOr,97,35982,14,21
8067,ZPF,Subversive Alliance,~SA~,315134,LESTAT,100,35637,22,50
8067,ZPF,Subversive Alliance,R*1,503521,Babyte_Brone,100,34627,14,53
8067,ZPF,Subversive Alliance,~SA~,1014664,2dogs,99,34238,29,36
8067,ZPF,Subversive Alliance,R*1,900534,Dekloren,100,33890,15,42
8067,ZPF,Subversive Alliance,~SA~,5918,Sephiroth,100,31552,25,53
8067,ZPF,Subversive Alliance,~SA~,30264,TongLung,95,29210,37,53
8067,ZPF,Subversive Alliance,FTW,177901,Gus,100,29037,23,14
8067,ZPF,Subversive Alliance,~SA~,1689701,miro,100,28921,24,27
8067,ZPF,Subversive Alliance,~SA~,31567,NaX,97,28560,26,13
8067,ZPF,Subversive Alliance,~SA~,792035,Ashanie,100,28264,30,47
8067,ZPF,Subversive Alliance,~SA~,499614,Iron_Cross,100,27890,10,79
8067,ZPF,Subversive Alliance,FTW,1542326,Krastinov,100,26538,8,18
8067,ZPF,Subversive Alliance,~SA~,131289,Mia,99,25824,35,39
8067,ZPF,Subversive Alliance,~SA~,226888,snap,100,25744,21,15
8067,ZPF,Subversive Alliance,~SA~,220641,Twigman,96,23922,20,33
8067,ZPF,Subversive Alliance,~SA~,1474127,Stylin,100,23086,3,0
8067,ZPF,Subversive Alliance,~SA~,557912,All_in_Ken,100,22964,8,28
8067,ZPF,Subversive Alliance,~SA~,15397,blyk,100,22835,7,45
8067,ZPF,Subversive Alliance,~SA~,95749,zekas,100,22199,14,21
8067,ZPF,Subversive Alliance,~SA~,250998,StickEmUp,100,21430,13,13
8067,ZPF,Subversive Alliance,~SA~,256222,MmM,97,21138,24,58
8067,ZPF,Subversive Alliance,~SA~,23707,Hate_Train,99,20761,23,54
8067,ZPF,Subversive Alliance,~SA~,1537440,dinky,100,20602,10,14
8067,ZPF,Subversive Alliance,R*1,445884,sportyguy92,95,19509,18,37
8067,ZPF,Subversive Alliance,MMCP,919365,GreeDy,99,19490,10,13
8067,ZPF,Subversive Alliance,~WP~,1716970,loveu2,94,19348,65,0
8067,ZPF,Subversive Alliance,~SA~,1033180,JS_Rep,95,19065,61,58
8067,ZPF,Subversive Alliance,~SA~,927477,Oh_Dae-su,97,18528,19,13
8067,ZPF,Subversive Alliance,~SA~,28825,Belgarath,100,18414,8,4
8067,ZPF,Subversive Alliance,~SA~,487917,herself,91,18082,35,33
8067,ZPF,Subversive Alliance,~SA~,90431,DonCorleone,95,17708,8,22
8067,ZPF,Subversive Alliance,~SA~,272331,Dave,96,17477,12,23
8067,ZPF,Subversive Alliance,C.R,1592807,shak,97,17258,11,16
8067,ZPF,Subversive Alliance,~SA~,343651,Melotto,94,16777,32,6
8067,ZPF,Subversive Alliance,~SA~,621230,MassiveWeapon,97,16636,20,18
8067,ZPF,Subversive Alliance,39th,1668319,bacon,100,16391,37,57
8067,ZPF,Subversive Alliance,~SA~,72335,Leviathan,96,16187,6,26
8067,ZPF,Subversive Alliance,~SA~,1729682,Shady_Lady,96,14500,15,1
8067,ZPF,Subversive Alliance,~SA~,234103,Morcha,93,14384,68,50
8067,ZPF,Subversive Alliance,~SA~,370359,007,95,14248,7,13
8067,ZPF,Subversive Alliance,~SA~,1639350,Rockem,92,14021,63,45
8067,ZPF,Subversive Alliance,~SA~,1285682,J-C,36,13531,53,11
8067,ZPF,Subversive Alliance,~SA~,198056,uncle-chu,100,12601,10,1
8067,ZPF,Subversive Alliance,~SA~,1453082,Napster-,90,12271,32,24
8067,ZPF,Subversive Alliance,HB1,1609308,Judea,100,12083,14,13
8067,ZPF,Subversive Alliance,~SA~,1027599,UberMorlock,100,11855,7,19
8067,ZPF,Subversive Alliance,~SA~,1159025,hookroteat,100,10620,6,21
8067,ZPF,Subversive Alliance,[ÐA],970946,Silje,99,10477,10,13
8067,ZPF,Subversive Alliance,R*1,1197995,Euthanasia,98,9956,10,4
8067,ZPF,Subversive Alliance,C.R,239119,Veins,96,9338,12,12
8067,ZPF,Subversive Alliance,~SA~,85088,Brian,90,9073,18,14
8067,ZPF,Subversive Alliance,~SA~,227744,RumbLE,100,8390,12,16
8067,ZPF,Subversive Alliance,R*1,108922,HT-Supermikk,100,8253,3,1
8067,ZPF,Subversive Alliance,FTW,1335768,nerbas,93,8070,12,9
8067,ZPF,Subversive Alliance,39th,120362,WarAndPeace,86,7958,14,23
8067,ZPF,Subversive Alliance,C.R,1879587,Proxima,100,7814,7,20
8067,ZPF,Subversive Alliance,R*1,546989,Edge,100,6613,7,12
8067,ZPF,Subversive Alliance,~SA~,1602158,Queequeg,95,5681,12,11
8067,ZPF,Subversive Alliance,UP,107444,Westend,100,5538,6,0
8067,ZPF,Subversive Alliance,FTW,1315845,Billiken,97,5387,11,7
8067,ZPF,Subversive Alliance,~SA~,1296148,Saucy_Jack,21,5286,28,26
8067,ZPF,Subversive Alliance,~SA~,710831,Veteran,93,5040,10,3
8067,ZPF,Subversive Alliance,~SA~,622539,gintux,87,4958,19,14
8067,ZPF,Subversive Alliance,~SA~,208701,njprops,96,4341,13,13
8067,ZPF,Subversive Alliance,~SA~,424299,WindDancer,92,4238,14,3
8067,ZPF,Subversive Alliance,~SA~,910863,Shod,98,4227,14,12
8067,ZPF,Subversive Alliance,~SA~,1373916,icedogg,90,3989,6,2
8067,ZPF,Subversive Alliance,~SA~,2020322,killin,74,3979,58,4
8067,ZPF,Subversive Alliance,~SA~,453122,-Ordinary-,86,3493,20,37
8067,ZPF,Subversive Alliance,~SA~,237547,Nobody,94,3052,5,1
8067,ZPF,Subversive Alliance,~SA~,711590,ghostcell,95,3031,6,5
8067,ZPF,Subversive Alliance,~SA~,1384256,Antony1111,92,2814,6,4
8067,ZPF,Subversive Alliance,EQ3U,195437,Phatjack,99,2704,2,1
8067,ZPF,Subversive Alliance,~SA~,41035,neo-twister,98,2264,2,0
8067,ZPF,Subversive Alliance,C.R,1899531,zaje,88,1877,16,17
8067,ZPF,Subversive Alliance,R*1,430598,-Plutonium-,95,1659,12,9
8067,ZPF,Subversive Alliance,~SA~,1910082,LoveFaithHope,86,1649,8,1
8067,ZPF,Subversive Alliance,~SA~,681394,WAGABUND,75,1597,13,10
8067,ZPF,Subversive Alliance,~SA~,1338102,KarateMan,93,1517,3,2
8067,ZPF,Subversive Alliance,~SA~,262602,Dexter_Morgan,94,1458,4,0
8067,ZPF,Subversive Alliance,~SA~,430277,Violence,99,755,2,0
8067,ZPF,Subversive Alliance,~SA~,347472,Asprin50,86,713,2,3
8067,ZPF,Subversive Alliance,~SA~,1469886,Chiubiz,97,287,1,0
8067,ZPF,Subversive Alliance,39th,225661,uniq,88,112,1,1
8067,ZPF,Subversive Alliance,R*1,1025410,Pops,99,49,1,0
8067,ZPF,Subversive Alliance,HeLa,2101476,Bainz,40,45,1,0
8067,ZPF,JFA,Bird,979003,deft,100,51791,10,133
8067,ZPF,JFA,JFA,1517799,Penicillin,100,34950,10,113
8067,ZPF,JFA,JFA,1846075,Stretch,95,8836,69,54
8067,ZPF,JFA,JFA,687643,Vicarious,99,8461,44,69
8067,ZPF,JFA,JFA,627688,MOJOMOFO,100,7821,37,12
8067,ZPF,JFA,JFK™,1570883,Nova,100,7427,49,60
8067,ZPF,JFA,JFA,1636201,CloudJumper,100,6773,55,60
8067,ZPF,JFA,JFA,1591396,Blaze,100,6040,59,51
8067,ZPF,JFA,JFA,2095076,CRLF,45,5767,115,0
8067,ZPF,JFA,JFA,1617496,Intimidator,100,5657,23,42
8067,ZPF,JFA,JFA,1573265,Shadowe1,96,5420,42,26
8067,ZPF,JFA,JFA,1862952,Psychotica,98,5375,35,10
8067,ZPF,JFA,BS,2119592,imSkyler,35,5273,101,0
8067,ZPF,JFA,JFA,1993550,FidelCashflow,86,5111,80,16
8067,ZPF,JFA,JFA,206758,Thief,100,4378,31,32
8067,ZPF,JFA,JFK™,78403,CHunger,100,4303,22,9
8067,ZPF,JFA,JFA,1598560,Ziusc,96,4133,62,47
8067,ZPF,JFA,JFA,2015134,Zachjuv,87,4039,67,21
8067,ZPF,JFA,JFA,567927,Slashh,91,3928,36,13
8067,ZPF,JFA,JFA,1392638,SparkyMarky,100,3672,37,32
8067,ZPF,JFA,JFA,376991,MrsMojoMofo,100,3496,33,10
8067,ZPF,JFA,JFA,1414429,Slothex,100,3113,23,24
8067,ZPF,JFA,JFA,1935006,Chronasseur,80,2935,42,9
8067,ZPF,JFA,undefined,594720,paddymac,94,2928,8,0
8067,ZPF,JFA,JFA,1966136,Armag3ddoN,83,2850,45,6
8067,ZPF,JFA,R*1,1863998,ofgortens,96,2812,30,29
8067,ZPF,JFA, JFR,1261819,g_ho,93,2811,9,8
8067,ZPF,JFA,JFA,1899758,Stente,84,2630,40,18
8067,ZPF,JFA,JFA2,2088627,Capgros,61,2623,46,0
8067,ZPF,JFA,JFA2,2086452,BLVCK,40,2622,33,0
8067,ZPF,JFA,JFA,1632322,HTTR,98,2608,7,9
8067,ZPF,JFA,JFA,1536612,TheCanadianPunk,89,2484,11,9
8067,ZPF,JFA,JFA,1613784,IN_COLD_BLOOD,85,2482,20,22
8067,ZPF,JFA,JFA,1874922,JussiJernkuuk,90,2478,19,17
8067,ZPF,JFA,JFA,1869119,prehensile,93,2464,19,4
8067,ZPF,JFA,JFA,995650,RowdyRedneck,81,2450,39,4
8067,ZPF,JFA,JFA,933244,FB-xLordx,92,2396,16,16
8067,ZPF,JFA,JFK™,553318,mug,100,2309,8,23
8067,ZPF,JFA,JFA,1558437,test90,91,2229,18,6
8067,ZPF,JFA,JFA,119434,Clifford,91,2169,12,6
8067,ZPF,JFA,JFA,1869274,Dredd,93,2160,23,18
8067,ZPF,JFA,JFA,358730,Abrams,99,2152,11,10
8067,ZPF,JFA,undefined,1608221,MOBSTYLE,86,2087,40,3
8067,ZPF,JFA,JFA,343124,M3G47HR0N,100,2047,24,27
8067,ZPF,JFA,JFA,262593,Flander,97,1984,13,14
8067,ZPF,JFA,JFA,1311397,wc_how,97,1854,19,14
8067,ZPF,JFA,JFA,944515,Private,87,1831,14,6
8067,ZPF,JFA,JFA,1563953,DieHardGunner,90,1771,10,10
8067,ZPF,JFA,JFA,1886958,blackacidblood,91,1721,34,12
8067,ZPF,JFA,JFA,1866260,-prodigy-,86,1701,24,9
8067,ZPF,JFA,JFA,1321910,Ceberix,90,1686,18,8
8067,ZPF,JFA,JFA,1875132,Karen,85,1645,23,11
8067,ZPF,JFA,JFA,1124215,__monk__,94,1643,10,3
8067,ZPF,JFA,JFA,585240,Cazio,83,1632,35,4
8067,ZPF,JFA, JFR,1778428,Fox,90,1552,5,2
8067,ZPF,JFA,JFA,1580503,bloodbaine,91,1529,7,3
8067,ZPF,JFA,JFA,865822,-Ryan,89,1451,11,4
8067,ZPF,JFA,JFA,1185073,Sergeant_Major,92,1422,29,29
8067,ZPF,JFA,HB2,2156627,Redfella,35,1408,8,0
8067,ZPF,JFA,BS,52696,Staphylococcus,87,1371,8,4
8067,ZPF,JFA,JFA2,2052982,Frej,50,1344,14,0
8067,ZPF,JFA,JFA,518314,RidgeRunner,100,1340,12,15
8067,ZPF,JFA,JFA,1795241,ZOMB13,89,1314,21,1
8067,ZPF,JFA,JFA,259767,Big_Rico,100,1216,15,22
8067,ZPF,JFA,JFA,1577887,Droxi,99,1181,14,10
8067,ZPF,JFA,JFA,1324651,Foesz,91,1150,14,0
8067,ZPF,JFA,JFA,866181,Deansrule,80,1129,15,11
8067,ZPF,JFA,JFA,663075,Adversary,100,1119,12,15
8067,ZPF,JFA,JFA,1183749,Baka,100,1110,9,16
8067,ZPF,JFA,JFA,1827148,Shorty,90,1057,7,2
8067,ZPF,JFA,JFA,1870725,JimmyC,80,1041,16,2
8067,ZPF,JFA,JFA,980873,Turtlobenzene,90,1016,14,19
8067,ZPF,JFA,PT,345322,lost_soulx,96,1000,16,17
8067,ZPF,JFA,JFA2,1978690,deft0ne,60,990,16,0
8067,ZPF,JFA,JFA,1496632,Reagan,95,988,18,12
8067,ZPF,JFA,JFA2,2075642,DekIoren,67,972,17,0
8067,ZPF,JFA,JFA,1875013,Knuff,81,941,21,6
8067,ZPF,JFA,JFA,1598712,Tekkis,89,928,17,0
8067,ZPF,JFA,Bird,986228,Eclipse,93,880,8,2
8067,ZPF,JFA,BS,1535723,echosummet,71,851,26,0
8067,ZPF,JFA,JFA2,2094582,Ara,66,846,13,0
8067,ZPF,JFA,JFA2,1903685,Scamlife,79,842,19,0
8067,ZPF,JFA,JFA2,2136731,AnnieGwish,45,829,6,0
8067,ZPF,JFA,JFA2,2087963,Lars,60,827,17,0
8067,ZPF,JFA,JFA2,139973,GramatonCleric,61,821,5,0
8067,ZPF,JFA,JFA,1933955,John,88,784,7,5
8067,ZPF,JFA,JFA2,2133339,Taopai,40,769,15,0
8067,ZPF,JFA,BS,1640904,Rchkeir,60,727,6,0
8067,ZPF,JFA,JFA,1952447,EKO-Cobra,75,703,21,2
8067,ZPF,JFA,JFA,526512,Harris522,86,694,5,0
8067,ZPF,JFA,JFA2,2003693,Hcom3,76,688,4,0
8067,ZPF,JFA,JFA,1356715,Shagrath,98,674,1,0
8067,ZPF,JFA,M&C,74099,ttyper,100,661,9,15
8067,ZPF,JFA,JFA,573947,Punch_Drunk,92,584,11,4
8067,ZPF,JFA,JFA,1461513,twak,99,583,2,1
8067,ZPF,JFA,JFA,220855,kardel,93,578,11,10
8067,ZPF,JFA,BS,2085209,Muzaka,20,576,3,0
8067,ZPF,JFA,~SA~,2036722,DammitArcher,71,527,17,1
8067,ZPF,JFA,DoA,1314640,Abirul,35,517,7,0
8067,ZPF,JFA,JFA2,2045029,Val_Venis,66,511,17,0
8067,ZPF,JFA,JFA2,315389,Spliffy,84,449,6,3
8067,ZPF,JFA,~SA~,2081212,HiIdegarde,58,420,6,0
8067,ZPF,JFA,JFA2,2200587,Gawdly,29,417,6,0
8067,ZPF,JFA,JFA2,1797264,MegaJens78,74,408,3,0
8067,ZPF,JFA,JFA2,2065865,Ampheromine,48,404,16,0
8067,ZPF,JFA,BS,1563099,Mekare,50,401,16,0
8067,ZPF,JFA,JFA,1939283,Saberwulf,75,388,3,1
8067,ZPF,JFA,BS,2074167,Blazescorch,40,374,4,0
8067,ZPF,JFA,~SA~,2062799,WhatTheShitLana,65,363,9,0
8067,ZPF,JFA,JFA,496062,TED,90,345,2,0
8067,ZPF,JFA,JFA2,1202310,Greg_The_Bunny,40,337,12,0
8067,ZPF,JFA,JFA,2046182,Kamical,72,332,11,1
8067,ZPF,JFA,MnC,2118353,Experiment626,35,326,14,0
8067,ZPF,JFA,JFA2,2075816,MrMath,42,246,12,0
8067,ZPF,JFA,JFA,1821671,Otter,86,212,2,0
8067,ZPF,JFA,JFA2,2097185,Shinsengumi,26,175,9,0
8067,ZPF,JFA,BS,2077507,WalkingTarget,84,160,7,3
8067,ZPF,JFA,JFA,1512694,Donandres,95,148,2,7
8067,ZPF,JFA,JFA2,1521418,Super88,81,118,5,5
8067,ZPF,JFA,JFA2,2149351,Lilypop,32,90,8,0
8067,ZPF,JFA,JFA,1913313,Snowball,90,79,3,0
8067,ZPF,JFA,JFA2,1966479,DID,73,56,2,0
8067,ZPF,JFA,JFA2,2125774,Invert,45,47,1,0
8067,ZPF,JFA,JFA2,2165616,hemi,35,32,1,0
8067,ZPF,JFA,JFA,1635353,Knuckles,89,26,3,3
8067,ZPF,JFA,,1431512,RichR,90,20,1,0
8067,ZPF,JFA,JFA2,1164669,AuditoreEzio,58,8,1,0

8078,JCD,WarBirds,Bird,1725559,udontwanna,99,64906,62,124
8078,JCD,WarBirds,[ÐA],577807,s0ldierGurl,98,62785,40,68
8078,JCD,WarBirds,Bird,1626180,dr4gon,95,49141,75,92
8078,JCD,WarBirds,VA,1775106,Dracin,92,48514,50,76
8078,JCD,WarBirds,DKS,1637448,Nightmare,96,43283,37,30
8078,JCD,WarBirds,Bird,2011760,KermodeBear,79,39117,163,40
8078,JCD,WarBirds,Bird,216599,Giphy,40,37128,45,54
8078,JCD,WarBirds,Bird,1615339,sinisista,97,36252,48,80
8078,JCD,WarBirds,Bird,2014817,Falcon,78,26021,88,59
8078,JCD,WarBirds,Bird,1537775,ShadowBlade,68,25529,55,12
8078,JCD,WarBirds,Bird,1468764,Heasleys4hemp,86,24666,57,62
8078,JCD,WarBirds,Bird,1231929,Monsta_Energy,91,24625,16,21
8078,JCD,WarBirds,Bird,1987960,DefyingGravity,85,22541,17,11
8078,JCD,WarBirds,Bird,2013744,Mystique-,80,20113,22,28
8078,JCD,WarBirds,Bird,1885489,Sephiroc,75,19113,25,7
8078,JCD,WarBirds,Bird,953982,Mechaa,71,17003,34,15
8078,JCD,WarBirds,Bird,1825141,HULK,75,15840,47,11
8078,JCD,WarBirds,Bird,1989354,Tenacious1,80,13937,37,33
8078,JCD,WarBirds,Bird,898029,mekline,76,13781,16,1
8078,JCD,WarBirds,Bird,168534,--De3n--,39,12976,29,2
8078,JCD,WarBirds,Bird,1074856,Sarah01,91,12603,14,13
8078,JCD,WarBirds,Bird,942359,blindsquirrel9,92,12207,14,12
8078,JCD,WarBirds,Bird,1875702,Katchy,36,10126,29,14
8078,JCD,WarBirds,Bird,1021276,obe1,82,9226,4,6
8078,JCD,WarBirds,Bird,1838784,Angrir,74,8700,11,7
8078,JCD,WarBirds,Bird,2045558,NoSloth,60,8525,38,6
8078,JCD,WarBirds,Bird,377190,Hitman,68,8072,17,5
8078,JCD,WarBirds,Bird,1601223,Dr_Phoenix,63,7476,73,32
8078,JCD,WarBirds,Bird,1969367,DrSatan316,77,6805,11,0
8078,JCD,WarBirds,Bird,1879131,Eldrazi_Emrakul,76,6781,21,5
8078,JCD,WarBirds,Bird,1016734,Kali,57,6562,13,10
8078,JCD,WarBirds,Bird,1445495,Trier,60,5994,12,2
8078,JCD,WarBirds,NUKE,1994793,MissusZoan,52,5819,22,2
8078,JCD,WarBirds,Bird,227224,scooooter,94,5712,5,8
8078,JCD,WarBirds,Bird,2099187,Magnakai,33,5566,20,1
8078,JCD,WarBirds,Bird,476394,Hollow_Knight,70,5396,16,0
8078,JCD,WarBirds,MnC,1639837,Lady_Wynja,60,5209,28,1
8078,JCD,WarBirds,Bird,1688575,whiteyonenh,91,5136,8,41
8078,JCD,WarBirds,Bird,1090374,marric,67,5110,14,3
8078,JCD,WarBirds,Bird,1891280,Myco,72,5044,15,9
8078,JCD,WarBirds,Bird,483201,jumpingjack,80,4910,10,8
8078,JCD,WarBirds,Bird,214286,Merc,76,4430,16,15
8078,JCD,WarBirds,Bird,1846174,Vshack,93,4274,11,16
8078,JCD,WarBirds,Bird,595365,T_ouchy,70,4166,3,1
8078,JCD,WarBirds,Bird,794548,Evil_Hamster,90,3999,7,7
8078,JCD,WarBirds,Bird,1860503,Noodles,73,3810,12,17
8078,JCD,WarBirds,Bird,1676696,woddy,89,3803,4,1
8078,JCD,WarBirds,Bird,1621994,WD3k,80,3208,6,0
8078,JCD,WarBirds,Bird,1993598,Throe,76,3117,22,28
8078,JCD,WarBirds,Bird,1265026,ThunderChunky,54,3017,10,0
8078,JCD,WarBirds,Bird,2025713,MadCakez,66,2976,14,4
8078,JCD,WarBirds,Bird,1704043,Zenks,44,2592,6,0
8078,JCD,WarBirds,Bird,2015974,Binden,60,2469,6,1
8078,JCD,WarBirds,Bird,2096330,Syro,50,2373,23,0
8078,JCD,WarBirds,Bird,2169837,Vulture,32,2222,25,0
8078,JCD,WarBirds,Bird,2070729,Nug,28,2120,14,4
8078,JCD,WarBirds,Bird,1986990,Lacazette,70,1836,2,0
8078,JCD,WarBirds,Bird,1321788,mav,61,1834,7,5
8078,JCD,WarBirds,Bird,2041420,Zexin,62,1733,7,0
8078,JCD,WarBirds,Bird,2172118,Huiping,35,1657,6,0
8078,JCD,WarBirds,Bird,1564652,Wylie,70,1449,3,0
8078,JCD,WarBirds,Bird,11017,Slimstar,59,1318,8,0
8078,JCD,WarBirds,Bird,2032869,BlastyShootalot,54,1304,12,2
8078,JCD,WarBirds,Bird,479620,Mr_Bob,75,1121,7,1
8078,JCD,WarBirds,Bird,1881496,Meady05,66,815,6,2
8078,JCD,WarBirds,Bird,986228,Eclipse,93,792,5,10
8078,JCD,WarBirds,undefined,1728193,Jack_Tripper,65,733,5,2
8078,JCD,WarBirds,UNT,2040043,Teutonic-Order,50,716,2,0
8078,JCD,WarBirds,Bird,1833552,Superman,51,655,4,0
8078,JCD,WarBirds,Bird,1585434,Mellowfellow,78,589,2,0
8078,JCD,WarBirds,Bird,2042789,ittzy,48,580,3,1
8078,JCD,WarBirds,Bird,2066010,0phelia,50,538,4,0
8078,JCD,WarBirds,Bird,1947810,Insanity,67,498,4,0
8078,JCD,WarBirds,Bird,489147,Blue_Ninja,85,440,3,2
8078,JCD,WarBirds,Bird,1889385,No_yolo_plz,60,429,3,0
8078,JCD,WarBirds,Bird,530278,Rae,45,409,2,0
8078,JCD,WarBirds,Bird,621449,kakaddu25,71,401,1,0
8078,JCD,WarBirds,Bird,2067561,3lmo,48,383,7,0
8078,JCD,WarBirds,Bird,1861114,Ramsden,56,318,7,1
8078,JCD,WarBirds,MnC,1474000,LilHeaz,42,280,2,0
8078,JCD,WarBirds,Bird,1269931,11th_Captain,57,267,3,0
8078,JCD,WarBirds,Bird,2108824,Nuttygurl,41,185,5,0
8078,JCD,WarBirds,Bird,685661,ZIP,75,170,1,0
8078,JCD,WarBirds,Bird,34977,Lindy_Lyson,69,163,1,0
8078,JCD,WarBirds,Bird,2041840,StJames,62,108,5,1
8078,JCD,WarBirds,Bird,1314786,Wiro_Sableng,18,58,1,0
8078,JCD,One Punch,~OP~,129990,King_David,95,115312,18,82
8078,JCD,One Punch,NUKE,1710412,_Mace_,80,97747,24,20
8078,JCD,One Punch,~OP~,761663,Fishhead,90,90376,13,32
8078,JCD,One Punch,~OP~,1863227,Zwel,89,82950,23,21
8078,JCD,One Punch,~OP~,668362,Revelation,90,80479,20,42
8078,JCD,One Punch,~OP~,1264572,Death,96,77332,27,93
8078,JCD,One Punch,~OP~,187782,Hard_wall,100,72054,15,34
8078,JCD,One Punch,~OP~,1554173,H1ghl4nder,71,68132,43,8
8078,JCD,One Punch,~OP~,812471,BORK,54,63987,164,5
8078,JCD,One Punch,R*1,1153517,Shutter,100,63515,15,46
8078,JCD,One Punch,~OP~,913832,MoneyBadger,85,58693,2,0
8078,JCD,One Punch,~OP~,1161983,TwoEleven,90,55639,20,65
8078,JCD,One Punch,~OP~,189986,fazi000000,84,54063,2,0
8078,JCD,One Punch,~OP~,1484195,coopoon,78,51069,3,1
8078,JCD,One Punch,~OP~,1616518,Motag8tor,55,47380,18,14
8078,JCD,One Punch,R*1,1034523,Tezwar,100,44912,1,1
8078,JCD,One Punch,~OP~,1008657,Soul_Survivor,40,43867,17,5
8078,JCD,One Punch,~OP~,734492,BabyLuST,49,39106,23,11
8078,JCD,One Punch,C.R,1420465,Mujera,82,36917,15,0
8078,JCD,One Punch,R*1,1793493,Rocmann,92,36740,7,26
8078,JCD,One Punch,C.R,1967332,MBX,90,35814,11,10
8078,JCD,One Punch,C.R,148961,Thrie,100,35682,41,69
8078,JCD,One Punch,~OP~,949847,jacks_colon,65,34935,17,4
8078,JCD,One Punch,~OP~,1952888,SHIINA,75,34400,43,24
8078,JCD,One Punch,~OP~,1474240,boonick44,69,33562,23,8
8078,JCD,One Punch,~OP~,1280905,Hypocritical,84,29750,17,38
8078,JCD,One Punch,~OP~,81345,Lost-Soul,65,29507,19,2
8078,JCD,One Punch,~OP~,671176,Cobralov3r,81,25739,82,39
8078,JCD,One Punch,~OP~,1328849,EX3,86,23137,17,24
8078,JCD,One Punch,C.R,202258,piney,100,22479,1,5
8078,JCD,One Punch,~OP~,1502426,waybeyondhelp,78,21292,11,1
8078,JCD,One Punch,~OP~,420408,Greasha,85,20802,9,14
8078,JCD,One Punch,R*1,1553363,Blistig,92,20666,2,0
8078,JCD,One Punch,~OP~,1618958,Master,91,19973,23,50
8078,JCD,One Punch,~OP~,1786727,LittleVinnie,56,19322,23,25
8078,JCD,One Punch,~OP~,1430520,HideOut,77,18150,15,8
8078,JCD,One Punch,~OP~,1925343,EnglandsFinest,80,18120,9,6
8078,JCD,One Punch,~OP~,1954421,ArttiIsGod,79,16932,16,13
8078,JCD,One Punch,IBB,917218,Bones,100,16726,5,3
8078,JCD,One Punch,~OP~,1602780,jfive,71,16442,34,38
8078,JCD,One Punch,C.R,1352251,ChristmasBazaar,100,15106,1,14
8078,JCD,One Punch,C.R,1601768,Mundo,90,14979,9,13
8078,JCD,One Punch,~OP~,889384,peteTHEwolve,68,14190,17,1
8078,JCD,One Punch,R*1,1974874,PapaEmeritus,87,13014,7,9
8078,JCD,One Punch,~OP~,5510,12Digitdan,65,12934,13,7
8078,JCD,One Punch,~OP~,539612,DrUniverse,89,12624,8,6
8078,JCD,One Punch,~OP~,288076,Tankbusta,80,12401,10,10
8078,JCD,One Punch,~OP~,997432,Hermit,85,11171,12,10
8078,JCD,One Punch,~OP~,949810,heresy23,70,10671,13,3
8078,JCD,One Punch,~OP~,856143,iamthechief,68,10634,4,13
8078,JCD,One Punch,undefined,1706462,Toquinho,77,9477,9,10
8078,JCD,One Punch,C.R,249471,Decisive_Fire,90,9449,4,0
8078,JCD,One Punch,~OP~,1618610,Sarkov,45,9217,21,3
8078,JCD,One Punch,~OP~,681916,Lil_Hitman,55,9125,26,8
8078,JCD,One Punch,~OP~,487193,Sorry6,86,8949,5,7
8078,JCD,One Punch,FTW,1461511,Eagle_Eye,96,8802,2,0
8078,JCD,One Punch,~OP~,956187,ladyK,26,7705,24,0
8078,JCD,One Punch,R*1,1109901,ZaumonL,95,6950,1,0
8078,JCD,One Punch,~OP~,865494,KlownKilla,56,6588,21,0
8078,JCD,One Punch,~OP~,748455,rottenstock,69,6134,2,0
8078,JCD,One Punch,BSG,2085307,Venomancer,70,5828,11,3
8078,JCD,One Punch,C.R,1978428,Yautja,83,5739,5,11
8078,JCD,One Punch,TNL,2015160,HDS_Andrew616,90,5441,1,0
8078,JCD,One Punch,~OP~,551742,True_Aryas,55,5240,15,7
8078,JCD,One Punch,~OP~,1007672,bobiii,92,4904,3,2
8078,JCD,One Punch,~WP~,1716970,loveu2,94,4749,8,0
8078,JCD,One Punch,~OP~,827175,Nuclear,83,4721,13,3
8078,JCD,One Punch,~WP~,1324517,Xiba,73,4645,17,15
8078,JCD,One Punch,~OP~,1914854,BuLLsDiE,38,4490,29,0
8078,JCD,One Punch,C.R,1701390,Master3z,92,4310,11,40
8078,JCD,One Punch,DA,2048878,TheDarkLight,65,4122,14,1
8078,JCD,One Punch,undefined,1992238,Ultrareign,95,3693,1,4
8078,JCD,One Punch,~OP~,224542,Uncle_Fester,96,3650,3,2
8078,JCD,One Punch,~OP~,1916362,Vegas_Dave,50,3269,27,0
8078,JCD,One Punch,~OP~,2131856,100T,42,3222,16,2
8078,JCD,One Punch,~OP~,2058538,Jibblets,28,2221,19,2
8078,JCD,One Punch,BoTS,1787515,The_Healer,74,1672,13,3
8078,JCD,One Punch,undefined,1317237,Touch,100,1613,1,2
8078,JCD,One Punch,~OP~,2100933,Cinderalla,25,1593,12,0
8078,JCD,One Punch,HeLa,2112638,Heavenheavz,24,1487,4,0
8078,JCD,One Punch,FTW,843586,Majsan,85,1328,1,1
8078,JCD,One Punch,~OP~,1531045,Mr_Owl,70,1241,3,0
8078,JCD,One Punch,BoTS,2141705,nadinschh,30,829,7,0
8078,JCD,One Punch,~OP~,1903327,Kingdingaling,39,812,4,0
8078,JCD,One Punch,~OP~,2014395,DrillerDave,50,783,2,0
8078,JCD,One Punch,R*1,108862,Cirice,100,756,2,13
8078,JCD,One Punch,~OP~,245215,Ground,30,631,2,0
8078,JCD,One Punch,~OP~,1956826,mklewis,67,596,4,0
8078,JCD,One Punch,~WP~,1297526,Stalllion,54,554,1,0
8078,JCD,One Punch,~OP~,867659,Midnight_Mack,80,498,5,2
8078,JCD,One Punch,undefined,2115229,cactido,45,424,1,0
8078,JCD,One Punch,~OP~,1671666,KTB,55,366,1,0
8078,JCD,One Punch,~OP~,2113961,BaasJ,30,356,6,0
8078,JCD,One Punch,~OP~,1156272,Ijipop,60,329,4,0
8078,JCD,One Punch,FTW,1403604,ieatcarpets,96,198,1,1
8078,JCD,One Punch,~OP~,1915325,T0R0,52,168,1,0
8078,JCD,One Punch,~OP~,546902,FIST-OF-FURY,81,167,1,0
8078,JCD,One Punch,~WP~,1865614,MissMary,84,36,1,18
8078,JCD,One Punch,FTW,451775,Chuck_Berry,94,0,0,1
8078,JCD,One Punch,R*1,1953860,RGiskard,100,0,0,1
8078,JCD,One Punch,C.R,1958969,Mania,90,0,0,1

8081,XFE,JFK 2.1,2.1,807411,Everglide,88,70813,1,0
8081,XFE,JFK 2.1,2.1,1097960,straya,67,7582,1,0
8081,XFE,JFK 2.1,PT,2174915,Itza_me_MARIOO,28,7034,7,0
8081,XFE,JFK 2.1,2.1,163981,EXecutioner1,86,626,1,0
8081,XFE,JFK 2.1,2.1,707073,STEALTH,75,182,1,0
8081,XFE,JFK 2.1,2.1,424208,BoneMachine,91,123,1,0
8081,XFE,JFK 2.1,2.1,1734270,Times,77,93,1,0
8081,XFE,JFK 2.1,2.1,1813796,Husky,77,62,1,0
8081,XFE,JFK 2.1,2.1,1637653,Apo,95,21,1,0
8081,XFE,JFK 2.1,PT,969050,ey3,81,10,1,0
8081,XFE,JFK 2.1,P,390936,Skipper,85,5,1,0
8081,XFE,JFK 2.1,JFK™,191408,Madame_Tussaud,92,4,1,0
8081,XFE,JFK, JFR,153139,Grindelwald,99,120649,2,0
8081,XFE,JFK,JFK™,74835,Aries21,100,114631,1,0
8081,XFE,JFK,JFK™,93810,tedenver,93,97116,1,0
8081,XFE,JFK,JFK™,1662311,Livingdedgirl,86,48477,2,0
8081,XFE,JFK,JFK™,1577993,PMV,99,31332,1,0
8081,XFE,JFK,undefined,1857138,Heidi-,73,25940,3,0
8081,XFE,JFK,JFK™,604593,Porny,91,18875,1,1
8081,XFE,JFK,JFK™,107946,BangNapi,97,18544,1,0
8081,XFE,JFK,JFK™,471591,Andyman,100,15886,1,0
8081,XFE,JFK,JFK™,200267,Molson,95,15311,1,0
8081,XFE,JFK,undefined,163772,kuhoops,90,15278,1,0
8081,XFE,JFK,JFK™,1568669,Boxer,100,10231,1,0
8081,XFE,JFK,2.1,641520,Ilmatar,94,10060,3,0
8081,XFE,JFK,JFK™,250755,SeaLion,96,9776,4,0
8081,XFE,JFK,JFK™,180202,SenSational,100,9275,1,0
8081,XFE,JFK,JFK™,1378809,HLH,100,8099,1,0
8081,XFE,JFK,JFK™,992219,sophie,99,6694,1,0
8081,XFE,JFK,JFK™,922212,Bullzeye,100,6421,1,0
8081,XFE,JFK,JFK™,868334,Tiller,100,6132,1,0
8081,XFE,JFK,JFK™,345050,CindyFury,100,6052,1,0
8081,XFE,JFK,JFK™,980075,Azrael,97,2888,1,0
8081,XFE,JFK,JFK™,914212,D4rk_Sk0rp10n,85,1794,3,0
8081,XFE,JFK,JFK™,270517,rjkc4,100,619,1,0
8081,XFE,JFK,JFK™,24557,Megadeth,100,566,1,0
8081,XFE,JFK,JFK™,1187920,XIII,98,551,1,0
8081,XFE,JFK,2.1,264054,-KeV-,92,475,2,0
8081,XFE,JFK,DoA,865748,Shindig,71,432,5,0
8081,XFE,JFK,2.1,88497,MrJohnnyTorrio,75,338,1,0
8081,XFE,JFK,2.1,1480987,Eternal,95,14,1,0
8081,XFE,JFK,JFK™,912780,Flat,99,13,1,0

8079,GVD,PT-Penguins,PT,169777,daCampa,100,60338,15,9
8079,GVD,PT-Penguins,PT,177606,malamen,100,57997,16,55
8079,GVD,PT-Penguins,PT,1516155,Kaxuxo,92,42137,35,13
8079,GVD,PT-Penguins,PT,336112,Akagami,90,40278,41,33
8079,GVD,PT-Penguins,PT,1021253,TriTuRaDor,81,36328,85,39
8079,GVD,PT-Penguins,PT,42648,Tugues,92,34572,37,14
8079,GVD,PT-Penguins,PT,60666,alguem,100,31536,15,27
8079,GVD,PT-Penguins,PT,34298,Butters,85,30718,19,1
8079,GVD,PT-Penguins,JFK™,27478,HellR4iser,100,30302,33,22
8079,GVD,PT-Penguins,PT,2224800,Nynane,15,25337,189,0
8079,GVD,PT-Penguins,PT,363768,Desperados,100,25073,8,6
8079,GVD,PT-Penguins,PT,281934,pt99,86,24571,114,8
8079,GVD,PT-Penguins,PT,213538,SaTuRn0,91,23450,13,0
8079,GVD,PT-Penguins,PT,1132337,LumbricuS,90,19957,30,16
8079,GVD,PT-Penguins,PT,42111,Beer_Bear,96,17470,18,4
8079,GVD,PT-Penguins,PT,2224763,Crudak,15,16470,81,0
8079,GVD,PT-Penguins,PT,1169571,xanty,90,16376,42,21
8079,GVD,PT-Penguins,PT,275993,Teardrop,91,15659,5,8
8079,GVD,PT-Penguins,PT,954364,ENO,92,14482,31,23
8079,GVD,PT-Penguins,PT,190066,Peryton,70,12821,77,9
8079,GVD,PT-Penguins,PT,2023175,-Cahaya-,48,11183,67,9
8079,GVD,PT-Penguins,PT,137902,NN_Boy,94,10324,23,20
8079,GVD,PT-Penguins,PT,1024935,deVona,89,8981,4,45
8079,GVD,PT-Penguins,PT,1846544,JaFosteHaha,15,7935,60,10
8079,GVD,PT-Penguins,undefined,900338,PopadaPill,83,7700,30,21
8079,GVD,PT-Penguins,PT,2091318,tyrech,49,7372,32,1
8079,GVD,PT-Penguins,PT,1665757,Biggles,88,7014,9,4
8079,GVD,PT-Penguins,PT,315131,84t0n9,82,6999,6,18
8079,GVD,PT-Penguins,PT,1609138,_AJ_,74,6846,24,5
8079,GVD,PT-Penguins,PT,1560563,Tommy_DeVito,84,6776,10,8
8079,GVD,PT-Penguins,PT,1628542,saltire,84,5928,5,0
8079,GVD,PT-Penguins,PT,465395,The_Stab,69,5746,48,24
8079,GVD,PT-Penguins,PT,470426,Mins,81,5667,21,16
8079,GVD,PT-Penguins,PT,2159812,AlphaFrog,42,5296,59,0
8079,GVD,PT-Penguins,PT,1680893,sahir74,78,4907,13,0
8079,GVD,PT-Penguins,PT,1867085,Recidivist,40,4838,18,5
8079,GVD,PT-Penguins,P,2253610,WindBreaker,8,4810,22,0
8079,GVD,PT-Penguins,PT,467558,Rhastaman,77,3870,7,14
8079,GVD,PT-Penguins,PT,1682299,EmperorGarm,90,3771,4,5
8079,GVD,PT-Penguins,PT,1926070,warrdove,26,3740,5,0
8079,GVD,PT-Penguins,PT,2172201,Kanyto,31,3716,45,0
8079,GVD,PT-Penguins,3LG,2201149,Maxx1628,20,3515,24,0
8079,GVD,PT-Penguins,PT,84161,BlasteR,61,3488,8,0
8079,GVD,PT-Penguins,PT,205973,PitBullTerrier,83,3316,15,6
8079,GVD,PT-Penguins,M&C,1841988,razzaonpc,99,3279,1,0
8079,GVD,PT-Penguins,PT,112147,Maikye,96,3028,6,25
8079,GVD,PT-Penguins,PT,1321316,Cheekym0nkey,100,3027,2,1
8079,GVD,PT-Penguins,PT,2195720,Extortion,21,2893,22,0
8079,GVD,PT-Penguins,PT,949262,MeRocks,69,2757,18,5
8079,GVD,PT-Penguins,DE,2084119,Revenant,55,2735,23,13
8079,GVD,PT-Penguins,PT,2074875,Agumon,17,2555,20,0
8079,GVD,PT-Penguins,PT,618400,MrVillian,55,2519,5,6
8079,GVD,PT-Penguins,PT,2062714,-Grey-,15,2510,18,0
8079,GVD,PT-Penguins,undefined,2247630,Dragok,5,2377,13,0
8079,GVD,PT-Penguins,PT,2233008,Ghostfacers,15,2324,33,0
8079,GVD,PT-Penguins,MnC,2011298,Sanidade,60,2104,3,2
8079,GVD,PT-Penguins,PT,2074333,Ish_Joker,75,1930,8,2
8079,GVD,PT-Penguins,PT,2229937,Dzinks,10,1893,16,0
8079,GVD,PT-Penguins,PT,1183240,Rua,71,1683,10,3
8079,GVD,PT-Penguins,undefined,1915577,Mlkey,72,1628,9,22
8079,GVD,PT-Penguins,PT,1405969,burglar,21,1573,2,0
8079,GVD,PT-Penguins,PT,1044317,misanthrope,65,1571,21,1
8079,GVD,PT-Penguins,undefined,2243301,KingHeb83,6,1316,3,0
8079,GVD,PT-Penguins,PT,1778539,Milutin_K,76,1244,5,5
8079,GVD,PT-Penguins,PT,593790,ieatthekids1st,69,1224,3,0
8079,GVD,PT-Penguins,PT,1613023,Broly,16,1111,6,0
8079,GVD,PT-Penguins,PT,2224491,vavidoa,18,1107,15,0
8079,GVD,PT-Penguins,PT,1534628,Hydrogen,80,1076,6,5
8079,GVD,PT-Penguins,PT,2188861,Duarte58,15,1000,8,0
8079,GVD,PT-Penguins,undefined,2253233,Ali_Imtiyaz,7,1000,8,0
8079,GVD,PT-Penguins,PT,2197102,Inochi,25,983,17,4
8079,GVD,PT-Penguins,undefined,2255259,xJUSTALIL2RAx,2,903,2,0
8079,GVD,PT-Penguins,PT,2218426,Ghostfacekilla,15,849,3,0
8079,GVD,PT-Penguins,PT,1470213,OdysseusNub,36,813,1,0
8079,GVD,PT-Penguins,NWA,2244899,Hyfrydle,15,780,9,0
8079,GVD,PT-Penguins,undefined,2246789,Ernes,6,776,5,0
8079,GVD,PT-Penguins,PT,67340,Mickey,95,771,3,8
8079,GVD,PT-Penguins,PT,1953284,Xx_Deathless_xX,81,756,4,0
8079,GVD,PT-Penguins,PT,2251289,Jp52680,8,625,2,0
8079,GVD,PT-Penguins,PT,117259,Ranf,90,598,2,0
8079,GVD,PT-Penguins,PT,294257,Benji__,82,507,4,0
8079,GVD,PT-Penguins,PT,1526820,ReyDuvall,94,495,1,0
8079,GVD,PT-Penguins,undefined,2254267,Alead080,3,415,3,0
8079,GVD,PT-Penguins,PT,2212604,Chateau,20,392,2,0
8079,GVD,PT-Penguins,PT,2161155,Suicidewoody,33,306,5,1
8079,GVD,PT-Penguins,undefined,2254365,Toxic_Waste,3,306,1,0
8079,GVD,PT-Penguins,PT,2095668,Doclone,15,280,1,0
8079,GVD,PT-Penguins,undefined,2223378,Ardaia,8,175,1,0
8079,GVD,PT-Penguins,PT,2078209,PissinLizard,48,165,1,0
8079,GVD,PT-Penguins,undefined,2067549,NesianPride,8,165,3,0
8079,GVD,PT-Penguins,undefined,2032152,Fir3,21,151,3,0
8079,GVD,PT-Penguins,PT,330973,Hogfather,78,49,1,9
8079,GVD,PT-Penguins,undefined,2245726,-Azrael,15,38,1,0
8079,GVD,PT-Penguins,PT,83210,Nino,90,18,1,0
8079,GVD,PT-Penguins,PT,2112641,Lazerpent,32,11,1,0
8079,GVD,PT-Penguins,PT,196852,mini_sagres,75,9,1,0
8079,GVD,PT-Penguins,PT,1923258,Josephine,20,0,0,7
8079,GVD,Unrelenting,UR,420862,Rico_,86,35206,20,0
8079,GVD,Unrelenting,UR,4309,Buzz,95,29249,25,9
8079,GVD,Unrelenting,LS,1673331,Marshmalllow,92,27241,23,38
8079,GVD,Unrelenting,~WP~,2003190,kittenaround,85,26660,40,9
8079,GVD,Unrelenting,ELTI,1537436,JrPacman,82,23034,11,24
8079,GVD,Unrelenting,C.R,1805217,Devoid,84,17834,18,31
8079,GVD,Unrelenting,UR,2075246,EwokVillage,58,17629,48,8
8079,GVD,Unrelenting,SWAN,1425903,RaverBaloo,60,16743,45,9
8079,GVD,Unrelenting,PLD,270923,shaz1,77,16590,13,0
8079,GVD,Unrelenting,ELTI,1858096,Senoc,75,15967,25,36
8079,GVD,Unrelenting,C.R,2021279,Raynie_,84,14958,3,29
8079,GVD,Unrelenting,UR,1900654,ItsZahid,65,14529,44,3
8079,GVD,Unrelenting,C.R,1879587,Proxima,100,13016,11,5
8079,GVD,Unrelenting,R*1,1785428,Td3h,99,12382,2,14
8079,GVD,Unrelenting,UR,2082554,Blume,50,12022,27,8
8079,GVD,Unrelenting,ELTI,1977555,sharpener,56,11679,16,10
8079,GVD,Unrelenting,UR,2072034,MolonLabe,58,11392,18,4
8079,GVD,Unrelenting,C.R,1697426,BrewDog,100,9781,14,46
8079,GVD,Unrelenting,~WP~,943259,Hammer,100,9505,8,17
8079,GVD,Unrelenting,UR,920743,aftershock,66,8863,8,9
8079,GVD,Unrelenting,C.R,202258,piney,100,8631,8,3
8079,GVD,Unrelenting,UR,2049768,Haiku,64,8530,38,49
8079,GVD,Unrelenting,UR,1980309,gustapo,65,8217,15,10
8079,GVD,Unrelenting,UR,1040269,Uncle_D,61,8209,32,43
8079,GVD,Unrelenting,C.R,77011,DFC,100,7496,8,6
8079,GVD,Unrelenting,C.R,1978428,Yautja,83,7209,12,8
8079,GVD,Unrelenting,UR,10163,xXSupraXx,40,6934,20,2
8079,GVD,Unrelenting,UR,2148145,-_-BIRD-_-,44,6921,13,11
8079,GVD,Unrelenting,C.R,1288134,Browe,99,6150,9,1
8079,GVD,Unrelenting,UR,1815363,Wing-Zero,65,6093,11,13
8079,GVD,Unrelenting,39th,256850,Killer-For-Hire,88,6064,3,0
8079,GVD,Unrelenting,IBB,917218,Bones,100,6064,1,50
8079,GVD,Unrelenting,UR,2203961,Red-Rabbit,23,6019,13,0
8079,GVD,Unrelenting,UR,1724255,BigBoyKhan,62,5754,16,6
8079,GVD,Unrelenting,UR,2192470,EvenOdds_,32,5742,46,60
8079,GVD,Unrelenting,C.R,1967332,MBX,90,5309,11,24
8079,GVD,Unrelenting,C.R,1763067,Somebody,86,5209,22,19
8079,GVD,Unrelenting,R*1,1793493,Rocmann,92,5045,7,2
8079,GVD,Unrelenting,UR,2161724,CaptainGreen,25,5026,16,1
8079,GVD,Unrelenting,C.R,1648788,_7_,94,4791,7,17
8079,GVD,Unrelenting,UR,1924816,Prometheus,62,4728,7,0
8079,GVD,Unrelenting,C.R,1352251,ChristmasBazaar,100,4663,2,22
8079,GVD,Unrelenting,UR,2116074,xHageneeSx,40,4528,29,21
8079,GVD,Unrelenting,HB1,1691350,BabyMaker,65,4446,15,8
8079,GVD,Unrelenting,C.R,1814138,Lilith,94,4204,10,66
8079,GVD,Unrelenting,C.R,1541749,Pandora,100,4013,4,19
8079,GVD,Unrelenting,R*1,1685702,Bezee,90,3848,2,5
8079,GVD,Unrelenting,UR,2075264,JinHoshi,60,3591,5,2
8079,GVD,Unrelenting,UR,2173602,ItsSpaceOG,20,3420,7,0
8079,GVD,Unrelenting,UR,2107926,Wompyyy,42,3204,12,1
8079,GVD,Unrelenting,C.R,1525609,RefleX_,98,3155,4,0
8079,GVD,Unrelenting,UR,111337,PxKSnowball,68,3115,11,4
8079,GVD,Unrelenting,R*1,420053,Agent327,95,3104,8,9
8079,GVD,Unrelenting,UR,1970116,_stray_,50,3042,1,0
8079,GVD,Unrelenting,UR,2082068,NevilleHuffy,39,2905,10,2
8079,GVD,Unrelenting,UR,2173624,PanzerFuhrer,25,2791,13,0
8079,GVD,Unrelenting,~WP~,1908425,Lleztat,87,2594,2,3
8079,GVD,Unrelenting,UR,1236433,ChuYuyan,51,2420,7,12
8079,GVD,Unrelenting,UR,1662528,Lucretia,45,2392,5,2
8079,GVD,Unrelenting,HA,2106899,ash1futbol,48,2215,9,23
8079,GVD,Unrelenting,UR,2038635,Gadzt,51,2170,9,5
8079,GVD,Unrelenting,UR,2066685,Pachico,61,2130,5,6
8079,GVD,Unrelenting,~WP~,1922819,Michi,90,2086,4,10
8079,GVD,Unrelenting,FTW,1815556,Nesa,100,1791,6,2
8079,GVD,Unrelenting,C.R,439035,BullsCry,90,1751,2,0
8079,GVD,Unrelenting,UR,1980299,Tanne,56,1687,2,8
8079,GVD,Unrelenting,UR,2110470,DeathToAmerica,35,1574,4,0
8079,GVD,Unrelenting,UR,420413,DrWEEDKILLA,65,1520,8,4
8079,GVD,Unrelenting,UR,2127863,OpenSeason,34,1446,5,6
8079,GVD,Unrelenting,UR,1850088,Yellow,33,1406,5,6
8079,GVD,Unrelenting,UR,2121421,nefarious_child,25,1404,7,0
8079,GVD,Unrelenting,UR,1754417,MRDON,17,1232,2,0
8079,GVD,Unrelenting,UR,1179551,holman76,57,1165,5,1
8079,GVD,Unrelenting,UR,21666,Mix,98,1087,2,1
8079,GVD,Unrelenting,UR,1044045,WasteItOnMe,42,1051,7,0
8079,GVD,Unrelenting,C.R,1667842,Jokur,94,1049,4,2
8079,GVD,Unrelenting,UR,2097950,biltre,23,1036,1,0
8079,GVD,Unrelenting,UR,2005565,Ms_Kenji,49,1015,1,0
8079,GVD,Unrelenting,UR,1784533,ametropia,61,998,17,17
8079,GVD,Unrelenting,C.R,1915023,CrazedOne,99,990,1,0
8079,GVD,Unrelenting,UR,586394,Cynical,52,944,7,5
8079,GVD,Unrelenting,UR,158322,Suinga,83,940,3,0
8079,GVD,Unrelenting,undefined,1992238,Ultrareign,95,783,1,0
8079,GVD,Unrelenting,UR,2014756,schwendy,22,748,2,0
8079,GVD,Unrelenting,C.R,1865243,IamIke,79,724,1,0
8079,GVD,Unrelenting,R*1,1970958,Echo,89,552,2,0
8079,GVD,Unrelenting,UR,926617,Willie_Cicci,40,502,4,0
8079,GVD,Unrelenting,UR,2150607,Blakeness,30,482,1,1
8079,GVD,Unrelenting,C.R,1265909,TGA_DeViL,95,450,3,25
8079,GVD,Unrelenting,UR,2028612,peterpingvin,48,412,1,0
8079,GVD,Unrelenting,UR,1306816,Arthelion,67,357,5,2
8079,GVD,Unrelenting,UR,791215,Aurash,86,328,1,0
8079,GVD,Unrelenting,BT,1950560,TheAdvert,35,296,3,0
8079,GVD,Unrelenting,~WP~,208206,TranQuilizer,99,285,1,1
8079,GVD,Unrelenting,UR,1045377,schilz,64,259,1,0
8079,GVD,Unrelenting,R*1,1625417,Yurnero,91,243,2,3
8079,GVD,Unrelenting,UR,1956401,Tax_Man,40,233,2,0
8079,GVD,Unrelenting,UR,1927822,Hisame,41,229,1,0
8079,GVD,Unrelenting,UR,2029161,FilippaPingvin,50,229,2,0
8079,GVD,Unrelenting,C.R,1264011,Kraft,90,222,1,8
8079,GVD,Unrelenting,UR,2032777,Chr1s,28,218,1,0
8079,GVD,Unrelenting,R*1,367758,Tokig,96,216,3,11
8079,GVD,Unrelenting,R*1,1811936,madbuns,100,199,1,1
8079,GVD,Unrelenting,UR,1383932,Seedman123,45,183,5,0
8079,GVD,Unrelenting,UR,731119,BC-NiGhT_kNiGhT,47,183,1,0
8079,GVD,Unrelenting,UR,2040977,k3ryck,32,175,3,1
8079,GVD,Unrelenting,UR,1670030,Bernzzzie,49,164,1,3
8079,GVD,Unrelenting,R*1,429874,Rumple4skinz,97,154,1,9
8079,GVD,Unrelenting,UR,540130,Saliva,51,153,1,0
8079,GVD,Unrelenting,~WP~,464458,Kash,84,142,2,6
8079,GVD,Unrelenting,undefined,1201793,Zein0x,40,138,2,0
8079,GVD,Unrelenting,UR,1642528,-BV-,75,119,1,0
8079,GVD,Unrelenting,UR,2031027,Woytech,39,118,2,1
8079,GVD,Unrelenting,undefined,1435488,Manifest,35,106,1,0
8079,GVD,Unrelenting,UR,2147852,Evolved_Theroy,36,95,1,0
8079,GVD,Unrelenting,UR,512463,Stallion,52,82,1,0
8079,GVD,Unrelenting,~SA~,1927067,Champion,44,56,1,0
8079,GVD,Unrelenting,UR,1399239,Goltred,37,49,1,0
8079,GVD,Unrelenting,C.R,1955477,Rowdy_Rebel357,86,47,1,4
8079,GVD,Unrelenting,R*1,108862,Cirice,100,45,1,24
8079,GVD,Unrelenting,C.R,1988609,Dralcon,81,29,1,1
8079,GVD,Unrelenting,R*1,1060365,TORN_REAPER,92,20,1,8
8079,GVD,Unrelenting,UR,2114845,Jedlin,25,8,1,3
8079,GVD,Unrelenting,R*1,1900827,Bruce-LeeFFS,95,8,1,0
8079,GVD,Unrelenting,HeLa,1927267,Pepsi,54,0,0,1
8079,GVD,Unrelenting,~WP~,1865614,MissMary,84,0,0,2
8079,GVD,Unrelenting,R*1,1953860,RGiskard,100,0,0,28
8079,GVD,Unrelenting,R*1,900534,Dekloren,100,0,0,4
8079,GVD,Unrelenting,R*1,1629756,Lord_Gorgen,100,0,0,3
8079,GVD,Unrelenting,R*1,958018,uLtraZ,100,0,0,2
8079,GVD,Unrelenting,C.R,1601768,Mundo,90,0,0,11
8079,GVD,Unrelenting,R*1,1553363,Blistig,92,0,0,2