8237,GBF,Relentless,PIL1,1599136,winguard,90,51048,1,0
8237,GBF,Relentless,R*1,38031,Pascal,100,51033,1,1
8237,GBF,Relentless,R*1,1625417,Yurnero,91,50930,1,1
8237,GBF,Relentless,R*1,89388,hiphopsoldier,96,50805,1,0
8237,GBF,Relentless,undefined,1722547,DnBDarryl,88,50412,1,0
8237,GBF,Relentless,R*1,367758,Tokig,96,49863,1,0
8237,GBF,Relentless,R*1,1503918,PhaNToM,95,44934,1,0
8237,GBF,Relentless,R*1,84976,Jokar,89,44889,1,0
8237,GBF,Relentless,R*1,194822,Illusions,99,44088,1,0
8237,GBF,Relentless,R*1,1888994,Momo,96,42259,1,0
8237,GBF,Relentless,R*1,895688,Wicka,100,42246,2,3
8237,GBF,Relentless,R*1,1685702,Bezee,90,39797,1,0
8237,GBF,Relentless,R*1,1811936,madbuns,100,37564,1,0
8237,GBF,Relentless,R*1,705319,Scar,94,32334,1,1
8237,GBF,Relentless,R*1,511272,Seth,100,32138,1,0
8237,GBF,Relentless,R*1,784338,Crystalz,96,18615,1,0
8237,GBF,Relentless,R*1,1732212,Hank,100,17429,1,0
8237,GBF,Relentless,R*1,1474402,CorsiPukz,85,12748,1,0
8237,GBF,Relentless,R*1,1974874,PapaEmeritus,87,10261,1,0
8237,GBF,Relentless,R*1,958018,uLtraZ,100,8766,1,0
8237,GBF,Relentless,R*1,1666253,Erebus,89,5555,1,0
8237,GBF,Relentless,R*1,1553363,Blistig,92,5309,1,0
8237,GBF,Relentless,R*1,1739685,Habanero,95,5043,1,0
8237,GBF,Relentless,C.R,1967332,MBX,90,2714,1,1
8237,GBF,Relentless,R*1,1154897,Milosh,100,2438,1,0
8237,GBF,Relentless,~WP~,464458,Kash,84,2352,1,0
8237,GBF,Relentless,R*1,1705890,DarkMaid,97,206,1,0
8237,GBF,Relentless,C.R,1955477,Rowdy_Rebel357,86,186,1,3
8237,GBF,Relentless,R*1,1953860,RGiskard,100,0,0,5
8237,GBF,JFK,MnC,1499158,breezymyneezy,70,801,2,0
8237,GBF,JFK,JFK™,1568669,Boxer,100,586,1,0
8237,GBF,JFK,JFK™,1518389,MimeFaceKiller,99,542,1,0
8237,GBF,JFK,JFK™,1378809,HLH,100,474,1,0
8237,GBF,JFK,JFK™,270517,rjkc4,100,433,1,0
8237,GBF,JFK,JFK™,380980,Sky,100,354,1,0
8237,GBF,JFK,JFK™,345050,CindyFury,100,290,1,0
8237,GBF,JFK,JFK™,390615,Aeroroot,100,234,1,0
8237,GBF,JFK,JFK™,581715,Cuffs,97,191,1,0
8237,GBF,JFK,JFK™,1311691,PinzNneedlz,99,185,1,0
8237,GBF,JFK,JFK™,424998,UBIK,100,148,1,0
8237,GBF,JFK,JFK™,980075,Azrael,97,144,1,0
8237,GBF,JFK,JFK™,1544641,boo,91,127,1,0
8237,GBF,JFK,2.1,1022640,Izzanods,100,114,1,0
8237,GBF,JFK,undefined,654393,SlickRick,80,82,1,0
8237,GBF,JFK,JFK™,194889,Paige,81,65,1,0

8250,LSC,Chain Reaction,C.R,1982831,VinnyCarwash,89,50360,1,1
8250,LSC,Chain Reaction,~WP~,1922819,Michi,90,50213,1,1
8250,LSC,Chain Reaction,~WP~,1554256,DoinYaMom,98,50194,1,0
8250,LSC,Chain Reaction,C.R,2042332,jjinn,84,50125,4,0
8250,LSC,Chain Reaction,~WP~,2003190,kittenaround,85,47658,1,0
8250,LSC,Chain Reaction,C.R,1915023,CrazedOne,99,46282,1,3
8250,LSC,Chain Reaction,C.R,1712182,Muttley,86,38552,2,1
8250,LSC,Chain Reaction,C.R,1914682,-DEL-,93,37860,1,3
8250,LSC,Chain Reaction,C.R,249471,Decisive_Fire,90,29518,1,1
8250,LSC,Chain Reaction,C.R,360957,CaptainBiceps,99,19096,1,0
8250,LSC,Chain Reaction,C.R,1288134,Browe,99,12490,1,0
8250,LSC,Chain Reaction,C.R,1420465,Mujera,82,5545,1,0
8250,LSC,Chain Reaction,C.R,1918071,DeusVorpal,80,5407,2,0
8250,LSC,Chain Reaction,C.R,972654,Jacob,96,2084,3,0
8250,LSC,Chain Reaction,C.R,2036550,punchin,83,2048,1,0
8250,LSC,Chain Reaction,C.R,1865243,IamIke,79,1774,1,0
8250,LSC,Chain Reaction,C.R,1697426,BrewDog,100,1553,1,0
8250,LSC,Chain Reaction,C.R,1988609,Dralcon,81,86,1,0
8250,LSC,Chain Reaction,C.R,1525609,RefleX_,98,23,1,0
8250,LSC,Chain Reaction,C.R,1814138,Lilith,94,20,1,0
8250,LSC,JFR, JFR,83808,LeukyBear,77,199,1,0
8250,LSC,JFR, JFR,202687,Lethal,85,180,1,0
8250,LSC,JFR, JFR,1640970,forgey,89,179,1,0
8250,LSC,JFR, JFR,1457236,Andy_Social,85,163,1,0
8250,LSC,JFR, JFR,268095,DJ__,100,148,1,0
8250,LSC,JFR, JFR,44394,Deaf_Dog,83,141,1,0
8250,LSC,JFR,2.1,707073,STEALTH,75,102,1,0
8250,LSC,JFR, JFR,122369,Slevin,77,71,1,0
8250,LSC,JFR, JFR,138635,Code0,95,64,1,0
8250,LSC,JFR, JFR,490463,halcyon,77,60,1,0

8253,SSC,Subversive Alliance,~SA~,482424,Nabisco,94,57101,22,40
8253,SSC,Subversive Alliance,~SA~,779368,ShuKa,100,55364,61,72
8253,SSC,Subversive Alliance,~SA~,1689701,miro,100,49264,34,30
8253,SSC,Subversive Alliance,~SA~,176898,SaliD,100,45074,18,51
8253,SSC,Subversive Alliance,~SA~,1537440,dinky,100,40885,8,1
8253,SSC,Subversive Alliance,FTW,1542326,Krastinov,100,40596,11,9
8253,SSC,Subversive Alliance,C.R,89581,Htr,100,36825,71,29
8253,SSC,Subversive Alliance,~SA~,30264,TongLung,95,36030,13,5
8253,SSC,Subversive Alliance,~SA~,1192157,kuasa,100,35917,4,0
8253,SSC,Subversive Alliance,~SA~,256222,MmM,97,35825,4,2
8253,SSC,Subversive Alliance,FTW,915279,glados,98,35566,4,2
8253,SSC,Subversive Alliance,~SA~,41035,neo-twister,98,34812,5,1
8253,SSC,Subversive Alliance,~SA~,792035,Ashanie,100,30004,31,12
8253,SSC,Subversive Alliance,R*1,1785428,Td3h,99,27947,24,72
8253,SSC,Subversive Alliance,R*1,1953860,RGiskard,100,25501,16,29
8253,SSC,Subversive Alliance,~SA~,332505,Midknight,100,23803,31,28
8253,SSC,Subversive Alliance,~SA~,453122,-Ordinary-,86,21332,1,1
8253,SSC,Subversive Alliance,~SA~,1285682,J-C,36,21278,12,1
8253,SSC,Subversive Alliance,R*1,430598,-Plutonium-,95,19656,5,0
8253,SSC,Subversive Alliance,~SA~,983221,Nath,100,19019,51,48
8253,SSC,Subversive Alliance,FTW,1632988,N3m,100,18842,37,40
8253,SSC,Subversive Alliance,R*1,546989,Edge,100,16480,15,2
8253,SSC,Subversive Alliance,C.R,1592807,shak,97,14448,2,0
8253,SSC,Subversive Alliance,~SA~,315134,LESTAT,100,14443,1,2
8253,SSC,Subversive Alliance,~SA~,56492,RaNkOr,97,13102,18,1
8253,SSC,Subversive Alliance,~SA~,272331,Dave,96,12709,9,7
8253,SSC,Subversive Alliance,R*1,900534,Dekloren,100,12038,40,35
8253,SSC,Subversive Alliance,~SA~,226888,snap,100,11231,31,3
8253,SSC,Subversive Alliance,~SA~,557912,All_in_Ken,100,10005,1,0
8253,SSC,Subversive Alliance,~SA~,131289,Mia,99,9988,10,9
8253,SSC,Subversive Alliance,R*1,302973,lonewolf,100,9503,1,1
8253,SSC,Subversive Alliance,FTW,1315845,Billiken,97,9500,6,2
8253,SSC,Subversive Alliance,~SA~,692275,KjS,100,9152,3,2
8253,SSC,Subversive Alliance,R*1,108922,HT-Supermikk,100,7949,24,38
8253,SSC,Subversive Alliance,[ÐA],970946,Silje,99,7162,1,0
8253,SSC,Subversive Alliance,~SA~,204836,Slork,100,6853,14,5
8253,SSC,Subversive Alliance,39th,120362,WarAndPeace,86,6296,1,0
8253,SSC,Subversive Alliance,~SA~,1027599,UberMorlock,100,6153,22,13
8253,SSC,Subversive Alliance,~SA~,31567,NaX,97,4761,25,17
8253,SSC,Subversive Alliance,~SA~,1414372,Fortytwo,100,4618,1,1
8253,SSC,Subversive Alliance,FTW,177901,Gus,100,3927,22,10
8253,SSC,Subversive Alliance,~SA~,424017,Ohadik,99,3762,13,5
8253,SSC,Subversive Alliance,~SA~,499614,Iron_Cross,100,3173,2,3
8253,SSC,Subversive Alliance,~SA~,15397,blyk,100,2865,3,12
8253,SSC,Subversive Alliance,FTW,1815556,Nesa,100,2418,20,15
8253,SSC,Subversive Alliance,~SA~,1014664,2dogs,99,2389,16,4
8253,SSC,Subversive Alliance,~SA~,23707,Hate_Train,99,2263,16,2
8253,SSC,Subversive Alliance,R*1,1025410,Pops,99,2248,60,0
8253,SSC,Subversive Alliance,~SA~,343651,Melotto,94,2217,20,9
8253,SSC,Subversive Alliance,~SA~,1816368,NNWS,99,2174,28,16
8253,SSC,Subversive Alliance,~WP~,1716970,loveu2,94,2156,49,2
8253,SSC,Subversive Alliance,R*1,445884,sportyguy92,95,2133,1,0
8253,SSC,Subversive Alliance,~SA~,621230,MassiveWeapon,97,2116,12,3
8253,SSC,Subversive Alliance,~SA~,95749,zekas,100,2023,6,9
8253,SSC,Subversive Alliance,~SA~,28825,Belgarath,100,1843,1,0
8253,SSC,Subversive Alliance,~SA~,1486772,Smiles,100,1820,18,2
8253,SSC,Subversive Alliance,~SA~,5918,Sephiroth,100,1710,9,16
8253,SSC,Subversive Alliance,~SA~,927477,Oh_Dae-su,97,1320,11,1
8253,SSC,Subversive Alliance,FTW,1033180,JS_Rep,95,1238,26,13
8253,SSC,Subversive Alliance,~SA~,1373916,icedogg,90,1235,12,6
8253,SSC,Subversive Alliance,~SA~,116791,DirtyWarlock,91,1099,2,0
8253,SSC,Subversive Alliance,~SA~,227744,RumbLE,100,1078,14,8
8253,SSC,Subversive Alliance,~SA~,220641,Twigman,96,1032,7,2
8253,SSC,Subversive Alliance,C.R,1541749,Pandora,100,998,8,3
8253,SSC,Subversive Alliance,~SA~,710831,Veteran,93,945,11,3
8253,SSC,Subversive Alliance,~SA~,234103,Morcha,93,942,14,2
8253,SSC,Subversive Alliance,~SA~,1602158,Queequeg,95,865,9,5
8253,SSC,Subversive Alliance,R*1,503521,Babyte_Brone,100,822,3,6
8253,SSC,Subversive Alliance,~SA~,85088,Brian,90,724,15,1
8253,SSC,Subversive Alliance,~SA~,910863,Shod,98,688,16,8
8253,SSC,Subversive Alliance,C.R,239119,Veins,96,669,14,0
8253,SSC,Subversive Alliance,FTW,1335768,nerbas,93,569,16,0
8253,SSC,Subversive Alliance,~SA~,1729682,Shady_Lady,96,452,7,0
8253,SSC,Subversive Alliance,R*1,1034523,Tezwar,100,407,1,3
8253,SSC,Subversive Alliance,~SA~,424299,WindDancer,92,318,5,1
8253,SSC,Subversive Alliance,~SA~,487917,herself,91,266,4,1
8253,SSC,Subversive Alliance,~SA~,2020322,killin,74,227,6,0
8253,SSC,Subversive Alliance,HB1,1609308,Judea,100,221,3,1
8253,SSC,Subversive Alliance,~SA~,420062,flumpster,97,195,2,1
8253,SSC,Subversive Alliance,~SA~,347472,Asprin50,86,186,3,3
8253,SSC,Subversive Alliance,~SA~,208701,njprops,96,132,1,0
8253,SSC,Subversive Alliance,~SA~,622539,gintux,87,103,2,1
8253,SSC,Subversive Alliance,R*1,1197995,Euthanasia,98,101,1,0
8253,SSC,Subversive Alliance,~SA~,1474127,Stylin,100,77,1,0
8253,SSC,Subversive Alliance,~SA~,711590,ghostcell,95,30,1,1
8253,SSC,Subversive Alliance,~SA~,1639350,Rockem,92,28,2,0
8253,SSC,Subversive Alliance,~SA~,1910082,LoveFaithHope,86,28,1,0
8253,SSC,JFA,Bird,979003,deft,100,31168,31,78
8253,SSC,JFA,JFA,1517799,Penicillin,100,14195,31,70
8253,SSC,JFA,M&C,1556113,Goggeli,100,7655,55,38
8253,SSC,JFA,JFA,1598560,Ziusc,96,5101,74,15
8253,SSC,JFA,JFA,1846075,Stretch,95,3577,60,28
8253,SSC,JFA,JFA,687643,Vicarious,99,3524,47,31
8253,SSC,JFA,PT,997655,evilf9,99,3388,34,3
8253,SSC,JFA,PT,169777,daCampa,100,3260,24,27
8253,SSC,JFA,JFA,343124,M3G47HR0N,100,2825,27,17
8253,SSC,JFA,JFA,1496632,Reagan,95,2787,63,3
8253,SSC,JFA,M&C,74099,ttyper,100,2749,52,10
8253,SSC,JFA,M&C,192348,Gob,100,2571,32,8
8253,SSC,JFA,JFA,1591396,Blaze,100,2327,22,11
8253,SSC,JFA,JFA,1875132,Karen,85,2307,38,2
8253,SSC,JFA,JFA,1632322,HTTR,98,2270,23,7
8253,SSC,JFA,M&C,144651,UNRIVALED,100,2232,15,5
8253,SSC,JFA,PT,1321316,Cheekym0nkey,100,2211,13,23
8253,SSC,JFA,PT,177606,malamen,100,2035,27,28
8253,SSC,JFA,JFA,1461513,twak,99,1900,20,4
8253,SSC,JFA,PT,163143,Mentalist,99,1843,12,0
8253,SSC,JFA,JFK™,1570883,Nova,100,1778,26,19
8253,SSC,JFA,JFA,1573265,Shadowe1,96,1710,20,12
8253,SSC,JFA,M&C,1791283,Vinkuun,99,1684,32,4
8253,SSC,JFA,JFA,1558437,test90,91,1623,37,0
8253,SSC,JFA,M&C,732810,Michelle-420-,100,1595,22,13
8253,SSC,JFA,JFA,1862952,Psychotica,98,1593,55,17
8253,SSC,JFA,JFA,1617496,Intimidator,100,1419,8,11
8253,SSC,JFA,JFA,262593,Flander,97,1404,5,10
8253,SSC,JFA,JFA,259767,Big_Rico,100,1353,18,21
8253,SSC,JFA,JFA,1512694,Donandres,95,1338,29,22
8253,SSC,JFA,JFA,1124215,__monk__,94,1325,11,5
8253,SSC,JFA,JFA,1392638,SparkyMarky,100,1295,23,25
8253,SSC,JFA,JFA,2015134,Zachjuv,87,1247,28,3
8253,SSC,JFA,JFA,1966136,Armag3ddoN,83,1239,34,1
8253,SSC,JFA,M&C,500544,DonDantoni,96,1177,11,6
8253,SSC,JFA,JFA,1913313,Snowball,90,1126,20,0
8253,SSC,JFA,JFA,1870725,JimmyC,80,1096,17,1
8253,SSC,JFA,JFK™,206758,Thief,100,1060,7,1
8253,SSC,JFA,JFA,1414429,Slothex,100,1013,7,7
8253,SSC,JFA,M&C,172806,weebl,100,995,9,11
8253,SSC,JFA,MnC,423015,Moguai,99,925,13,9
8253,SSC,JFA,M&C,304440,skorp,99,919,8,1
8253,SSC,JFA,JFA,1863998,ofgortens,96,912,19,5
8253,SSC,JFA,JFA,518314,RidgeRunner,100,831,7,7
8253,SSC,JFA,JFK™,1939283,Saberwulf,75,818,31,1
8253,SSC,JFA,JFA,980873,Turtlobenzene,90,758,17,5
8253,SSC,JFA,undefined,24528,The_Storm,100,746,3,0
8253,SSC,JFA,JFA,1875013,Knuff,81,725,20,2
8253,SSC,JFA,JFA,1869119,prehensile,93,691,15,8
8253,SSC,JFA,JFA,1321910,Ceberix,90,635,9,5
8253,SSC,JFA,M&C,1646570,JohnCKL,98,614,8,3
8253,SSC,JFA,JFA,1635353,Knuckles,89,570,4,1
8253,SSC,JFA,JFA,1874922,JussiJernkuuk,90,558,12,9
8253,SSC,JFA,JFA,1598712,Tekkis,89,521,14,1
8253,SSC,JFA,JFA,1577887,Droxi,99,493,4,2
8253,SSC,JFA,JFA,1869274,Dredd,93,475,16,12
8253,SSC,JFA,JFA,1899758,Stente,84,459,5,1
8253,SSC,JFA,JFA,573947,Punch_Drunk,92,422,7,0
8253,SSC,JFA,JFA,1183749,Baka,100,411,5,10
8253,SSC,JFA,JFA,254727,four,95,398,5,0
8253,SSC,JFA,JFA,1311397,wc_how,97,379,1,0
8253,SSC,JFA,JFA,567927,Slashh,91,360,4,1
8253,SSC,JFA,undefined,1608221,MOBSTYLE,86,340,10,0
8253,SSC,JFA,JFA,1185073,Sergeant_Major,92,331,6,4
8253,SSC,JFA,[ÐA],70091,Snowman,92,279,5,2
8253,SSC,JFA,JFA,220855,kardel,93,267,8,1
8253,SSC,JFA,JFA,1933955,John,88,267,6,6
8253,SSC,JFA,JFA,663075,Adversary,100,260,4,4
8253,SSC,JFA,JFA,866181,Deansrule,80,259,3,2
8253,SSC,JFA,JFA2,315389,Spliffy,84,258,8,8
8253,SSC,JFA, JFR,1261819,g_ho,93,243,1,0
8253,SSC,JFA,JFA,1563953,DieHardGunner,90,239,3,2
8253,SSC,JFA,JFA,1993550,FidelCashflow,86,232,8,1
8253,SSC,JFA,JFA,376991,MrsMojoMofo,100,216,5,0
8253,SSC,JFA,JFK™,38747,Concrete_Shoes,100,212,1,0
8253,SSC,JFA,JFA,1866260,-prodigy-,86,211,3,1
8253,SSC,JFA,JFA,1952447,EKO-Cobra,75,208,2,0
8253,SSC,JFA,JFA,1536612,TheCanadianPunk,89,205,5,1
8253,SSC,JFA,JFA2,2125774,Invert,45,203,10,0
8253,SSC,JFA,BS,52696,Staphylococcus,87,165,2,0
8253,SSC,JFA,JFA,1904837,CapturerHulkmad,83,154,4,1
8253,SSC,JFA,JFA,119434,Clifford,91,143,3,0
8253,SSC,JFA,JFA,1324651,Foesz,91,136,3,0
8253,SSC,JFA,JFA,1795241,ZOMB13,89,129,2,0
8253,SSC,JFA,MnC,1582143,-FC-,39,128,2,2
8253,SSC,JFA,JFA,1580503,bloodbaine,91,118,4,3
8253,SSC,JFA,JFA,2095076,CRLF,45,103,8,0
8253,SSC,JFA,PT,112147,Maikye,96,84,4,4
8253,SSC,JFA,2.1,1598729,realistassasin,53,80,2,0
8253,SSC,JFA,JFA,1935006,Chronasseur,80,79,3,3
8253,SSC,JFA,JFK™,78403,CHunger,100,55,2,0
8253,SSC,JFA,JFA,1356715,Shagrath,98,53,2,2
8253,SSC,JFA,PT,345322,lost_soulx,96,49,2,2
8253,SSC,JFA,JFA,526512,Harris522,86,43,1,0
8253,SSC,JFA,JFA,496062,TED,90,40,1,1
8253,SSC,JFA,JFA2,1521418,Super88,81,28,1,1
8253,SSC,JFA,JFA,2046182,Kamical,72,14,1,0
8253,SSC,JFA,JFA,933244,FB-xLordx,92,14,1,1

8254,ORC,Forged Through War,FTW,99177,BodyBagger,100,191461,3,81
8254,ORC,Forged Through War,FTW,1455847,Para,100,147047,26,205
8254,ORC,Forged Through War,R*1,2050558,Hildegarde,100,104716,6,84
8254,ORC,Forged Through War,R*1,1523811,GoldenFeel,99,73126,7,12
8254,ORC,Forged Through War,~SA~,176898,SaliD,100,68931,13,115
8254,ORC,Forged Through War,FTW,541636,Pluto,100,67367,40,66
8254,ORC,Forged Through War,R*1,748022,Kookaburra,100,56963,11,60
8254,ORC,Forged Through War,FTW,451775,Chuck_Berry,94,51539,65,60
8254,ORC,Forged Through War,FTW,1451572,Tango20,97,47100,40,69
8254,ORC,Forged Through War,FTW,843586,Majsan,85,44820,84,61
8254,ORC,Forged Through War,FTW,507888,critch,100,42503,113,123
8254,ORC,Forged Through War,FTW,1815519,BraveKath,90,42281,67,20
8254,ORC,Forged Through War,FTW,457059,VeteranDemon,84,40962,85,17
8254,ORC,Forged Through War,FTW,1455642,BFM,100,40250,109,101
8254,ORC,Forged Through War,ELTI,1534164,Shibby,99,40134,47,46
8254,ORC,Forged Through War,undefined,1345609,bright,97,39016,24,2
8254,ORC,Forged Through War,FTW,463739,DeadKennedy,90,35840,87,31
8254,ORC,Forged Through War,FTW,944713,malamute1,100,31871,45,34
8254,ORC,Forged Through War,FTW,1057741,wolvie,90,30049,102,119
8254,ORC,Forged Through War,FTW,61828,Scary,90,29301,60,28
8254,ORC,Forged Through War,FTW,1337407,wayyeewooo,85,28798,21,20
8254,ORC,Forged Through War,R*1,1337627,Afwas,100,28103,14,28
8254,ORC,Forged Through War,FTW,463193,Old_Fart,100,27345,26,34
8254,ORC,Forged Through War,FLUX,479105,mOsSieFieD,78,26979,27,2
8254,ORC,Forged Through War,FTW,1730012,celticfan,95,25709,10,0
8254,ORC,Forged Through War,FTW,1959896,gotnoidea,66,25317,15,0
8254,ORC,Forged Through War,FTW,1831700,Saeger,85,24446,54,23
8254,ORC,Forged Through War,FTW,1577937,Asator,85,21594,120,8
8254,ORC,Forged Through War,FTW,1370503,BigD,96,21246,62,15
8254,ORC,Forged Through War,FTW,100814,j3r3,83,20308,26,5
8254,ORC,Forged Through War,FTW,169887,Lefthook,97,19791,48,24
8254,ORC,Forged Through War,FTW,1461511,Eagle_Eye,96,19369,74,33
8254,ORC,Forged Through War,FTW,982648,corpse-juice,90,18812,35,21
8254,ORC,Forged Through War,C.R,89581,Htr,100,18782,22,16
8254,ORC,Forged Through War,FTW,1338804,cockroach,100,18688,54,26
8254,ORC,Forged Through War,FTW,1591334,Miracle,86,18423,92,31
8254,ORC,Forged Through War,FTW,340367,Kelsie,60,18106,140,20
8254,ORC,Forged Through War,FTW,997335,Oni,82,15875,71,38
8254,ORC,Forged Through War,R*1,108922,HT-Supermikk,100,15473,3,21
8254,ORC,Forged Through War,FTW,488305,bloodninja,90,15399,81,68
8254,ORC,Forged Through War,FTW,986192,Janet,100,15333,63,38
8254,ORC,Forged Through War,FTW,1767972,Wulfric,96,14939,34,48
8254,ORC,Forged Through War,FTW,1496324,cowboyup,86,14639,14,3
8254,ORC,Forged Through War,FTW,1043426,ColdDeadFingers,99,14317,50,62
8254,ORC,Forged Through War,FTW,1881722,Scalper,90,13391,56,36
8254,ORC,Forged Through War,FTW,64901,Spooks,86,12848,7,2
8254,ORC,Forged Through War,FTW,1075643,Gun_Ru,89,11629,154,56
8254,ORC,Forged Through War,FTW,935631,sigas,97,11065,21,23
8254,ORC,Forged Through War,~SA~,315134,LESTAT,100,11021,4,7
8254,ORC,Forged Through War,FTW,134432,MataGelap,91,10604,26,17
8254,ORC,Forged Through War,FTW,71504,Fourty_Six,87,10176,14,9
8254,ORC,Forged Through War,~WP~,1716970,loveu2,94,9826,25,7
8254,ORC,Forged Through War,FTW,1403604,ieatcarpets,96,9179,25,59
8254,ORC,Forged Through War,FTW,2061662,Orca,70,8809,106,13
8254,ORC,Forged Through War,FTW,473887,__Jamie-_,96,8660,31,7
8254,ORC,Forged Through War,R*1,1785428,Td3h,99,8524,4,22
8254,ORC,Forged Through War,FTW,210594,Star_Blaze,93,8281,18,21
8254,ORC,Forged Through War,FTW,420120,VII,92,8024,50,52
8254,ORC,Forged Through War,FTW,1649855,LPA831,79,7733,29,1
8254,ORC,Forged Through War,~SA~,621230,MassiveWeapon,97,7458,8,19
8254,ORC,Forged Through War,FTW,2039424,windy,75,7212,47,11
8254,ORC,Forged Through War,FTW,347115,runekill163,86,7099,15,2
8254,ORC,Forged Through War,FTW,1691188,Six,76,6177,81,18
8254,ORC,Forged Through War,FTW,80648,Needles,93,5870,26,10
8254,ORC,Forged Through War,~SA~,792035,Ashanie,100,5289,21,67
8254,ORC,Forged Through War,FTW,425082,Adofoliverbush,84,5131,40,21
8254,ORC,Forged Through War,FTW,1601527,wavelength,89,5073,11,1
8254,ORC,Forged Through War,~SA~,1639350,Rockem,92,4864,16,14
8254,ORC,Forged Through War,FTW,1168036,Hogs4life,93,4729,19,35
8254,ORC,Forged Through War,FTW,1881906,GHAZAL,81,4705,14,1
8254,ORC,Forged Through War,FTW,1881017,Paul316,89,4508,40,44
8254,ORC,Forged Through War,FTW,531198,robbo2710,82,4475,26,9
8254,ORC,Forged Through War,FTW,915279,glados,98,4312,4,2
8254,ORC,Forged Through War,FTW,719629,ThaBishop,97,4199,10,13
8254,ORC,Forged Through War,FTW,2071751,Chael_Sorrow,55,4089,32,1
8254,ORC,Forged Through War,~SA~,1816368,NNWS,99,3853,13,26
8254,ORC,Forged Through War,UR,2066685,Pachico,61,3852,69,4
8254,ORC,Forged Through War,FTW,589436,queenofoctober,73,3571,30,0
8254,ORC,Forged Through War,UR,4309,Buzz,95,3502,20,18
8254,ORC,Forged Through War,R*1,900534,Dekloren,100,3384,3,32
8254,ORC,Forged Through War,FTW,310511,Ceupocemia,82,3309,16,0
8254,ORC,Forged Through War,FTW,288576,KissedbyFire,56,3138,32,6
8254,ORC,Forged Through War,FTW,1831767,OneBigDummy,97,3106,43,10
8254,ORC,Forged Through War,FTW,308961,ACE_,76,2995,19,8
8254,ORC,Forged Through War,FTW,1371879,Raviie,60,2568,21,0
8254,ORC,Forged Through War,FTW,1701802,Bullgreat,86,2482,34,25
8254,ORC,Forged Through War,FTW,1925338,Sicario,56,2444,9,0
8254,ORC,Forged Through War,FTW,239285,wilko,83,2087,8,2
8254,ORC,Forged Through War,FTW,1888870,daangox,55,1709,24,0
8254,ORC,Forged Through War,FTW,993345,ForrestGump,87,1419,15,17
8254,ORC,Forged Through War,FTW,453694,IseeDeadPPL,89,1317,6,6
8254,ORC,Forged Through War,FTW,937630,consfearacy,72,917,3,0
8254,ORC,Forged Through War,~WP~,208206,TranQuilizer,99,907,17,21
8254,ORC,Forged Through War,FTW,222785,TheViking,94,860,8,5
8254,ORC,Forged Through War,R*1,1025410,Pops,99,749,1,0
8254,ORC,Forged Through War,C.R,1446761,frostedclaws,90,625,6,3
8254,ORC,Forged Through War,HAKA,1930262,Gnarley,56,554,1,0
8254,ORC,Forged Through War,FTW,1725903,Toxic,75,549,7,0
8254,ORC,Forged Through War,FTW,1673230,Deadman,75,447,7,5
8254,ORC,Forged Through War,FTW,1984831,Evil_Clown,50,259,6,0
8254,ORC,Forged Through War,FTW,1579644,AFluffyPenguin,67,123,4,0
8254,ORC,JFK 2.1,JFK™,318855,Skeletron,90,97468,296,123
8254,ORC,JFK 2.1,M&C,560161,DiamondAce,100,96501,101,106
8254,ORC,JFK 2.1,2.1,52055,Longbow,100,91966,81,99
8254,ORC,JFK 2.1,JFK™,180202,SenSational,100,86558,29,115
8254,ORC,JFK 2.1,M&C,878252,Naryus,95,75254,18,52
8254,ORC,JFK 2.1,NOOB,2726,T-Rex,96,72528,72,65
8254,ORC,JFK 2.1,2.1,868716,Anolith,95,66166,22,18
8254,ORC,JFK 2.1,2.1,1609122,Ampsul,90,63425,30,6
8254,ORC,JFK 2.1,2.1,1064389,RevLitterbox,98,62119,58,69
8254,ORC,JFK 2.1,JFK™,1187920,XIII,98,60837,76,216
8254,ORC,JFK 2.1,2.1,641520,Ilmatar,94,53575,36,25
8254,ORC,JFK 2.1,JFK™,1407331,Huzaifah,93,52853,126,183
8254,ORC,JFK 2.1,undefined,1599856,Makod,96,52609,3,4
8254,ORC,JFK 2.1,JFK™,1662311,Livingdedgirl,86,51415,113,45
8254,ORC,JFK 2.1,2.1,328231,Bingbonghippy,86,50932,13,0
8254,ORC,JFK 2.1,JFK™,191408,Madame_Tussaud,92,50763,48,24
8254,ORC,JFK 2.1,MMCP,883184,Spectre,98,50112,35,94
8254,ORC,JFK 2.1,2.1,642144,oO_sniper_Oo,80,49630,34,18
8254,ORC,JFK 2.1,M&C,148386,eveo,95,48288,78,103
8254,ORC,JFK 2.1,M&C,1307523,Drieke,100,45512,46,153
8254,ORC,JFK 2.1,JFK™,988807,HairyHarry,89,42293,45,71
8254,ORC,JFK 2.1,2.1,1961735,Fenrir,72,40340,69,14
8254,ORC,JFK 2.1,DoA,865748,Shindig,71,39512,258,43
8254,ORC,JFK 2.1,2.1,424208,BoneMachine,91,35756,11,4
8254,ORC,JFK 2.1,M&C,74099,ttyper,100,35686,19,7
8254,ORC,JFK 2.1,JFK™,1772814,zig,92,35233,34,32
8254,ORC,JFK 2.1,2.1,517092,Karalynn,95,34061,56,53
8254,ORC,JFK 2.1,2.1,253041,Sinkhan,93,33508,19,26
8254,ORC,JFK 2.1,M&C,968180,Whaleter,96,31289,62,44
8254,ORC,JFK 2.1,JFK™,979994,Madmiketyson,100,30024,35,52
8254,ORC,JFK 2.1,undefined,1480987,Eternal,95,29831,36,84
8254,ORC,JFK 2.1,2.1,578191,DEVIL,80,27987,10,0
8254,ORC,JFK 2.1,JFK™,887159,FSTWRX,100,27674,22,54
8254,ORC,JFK 2.1,HERO,464386,zorroxtreme,95,27510,27,39
8254,ORC,JFK 2.1,JFK™,422033,Esper,100,27365,12,20
8254,ORC,JFK 2.1,JFK™,74835,Aries21,100,27239,13,56
8254,ORC,JFK 2.1,2.1,1734270,Times,77,26330,12,0
8254,ORC,JFK 2.1,M&C,1290526,G-STAR01,92,26129,64,33
8254,ORC,JFK 2.1,M&C,1396225,LucyDiamonds,96,26127,20,69
8254,ORC,JFK 2.1,JFK™,912780,Flat,99,25624,25,36
8254,ORC,JFK 2.1,2.1,879721,sir_real,80,25409,7,0
8254,ORC,JFK 2.1,JFK™,250755,SeaLion,96,24640,38,27
8254,ORC,JFK 2.1,MMCP,550363,Bayinnaung,91,22871,52,11
8254,ORC,JFK 2.1,M&C,130690,Venz,97,22149,22,34
8254,ORC,JFK 2.1,JFK™,294501,PRichy,94,18314,33,73
8254,ORC,JFK 2.1,2.1,453063,Hani,70,17458,10,0
8254,ORC,JFK 2.1,PT,169777,daCampa,100,16360,31,49
8254,ORC,JFK 2.1,MMCP,919365,GreeDy,99,15468,16,9
8254,ORC,JFK 2.1,JFK™,132296,Pand0ra,100,15449,10,47
8254,ORC,JFK 2.1,2.1,864830,Pingu4ever,15,14559,11,0
8254,ORC,JFK 2.1,PT,1132337,LumbricuS,90,13355,33,30
8254,ORC,JFK 2.1,M&C,1617456,Shot_Ta_Bitz,79,12998,69,5
8254,ORC,JFK 2.1,eVø,354206,vertigo,93,12939,20,4
8254,ORC,JFK 2.1,M&C,1324531,McLaurens,90,11242,66,58
8254,ORC,JFK 2.1,MnC,1740703,Relayer,99,11204,22,13
8254,ORC,JFK 2.1,undefined,1389080,Collete,100,10580,36,54
8254,ORC,JFK 2.1,MnC,1643018,MagicDust,90,10473,24,18
8254,ORC,JFK 2.1,M&C,1030698,Graphite,98,10267,21,41
8254,ORC,JFK 2.1,2.1,1653406,Accumulated,80,10141,36,10
8254,ORC,JFK 2.1,MnC,1170226,Lift,81,10051,43,9
8254,ORC,JFK 2.1,2.1,1538531,LaDy_LoLLi,80,9819,15,0
8254,ORC,JFK 2.1,M&C,1791283,Vinkuun,99,9117,40,68
8254,ORC,JFK 2.1,undefined,219886,Jeff_the_Clot,50,9091,16,0
8254,ORC,JFK 2.1,2.1,247787,PANDILLERO,80,8549,10,8
8254,ORC,JFK 2.1,2.1,807411,Everglide,88,8454,2,0
8254,ORC,JFK 2.1,2.1,493795,DarkAce,46,8418,12,0
8254,ORC,JFK 2.1,M&C,1841988,razzaonpc,99,7933,47,17
8254,ORC,JFK 2.1,2.1,1598729,realistassasin,53,7117,39,0
8254,ORC,JFK 2.1,MnC,1586263,EzraRaihan,56,6945,42,18
8254,ORC,JFK 2.1,undefined,467642,Scorpious,99,6030,3,5
8254,ORC,JFK 2.1,2.1,337027,THEN00B,65,5877,47,1
8254,ORC,JFK 2.1,2.1,1536895,Ozz,47,5317,22,21
8254,ORC,JFK 2.1,PT,452527,MolonLab308,75,5134,23,4
8254,ORC,JFK 2.1,2.1,369658,Skullface,79,5084,20,3
8254,ORC,JFK 2.1,2.1,88497,MrJohnnyTorrio,75,5071,18,0
8254,ORC,JFK 2.1,M&C,442441,Minorpath,95,5055,11,25
8254,ORC,JFK 2.1,MnC,1612389,Gerhalt,91,4729,8,3
8254,ORC,JFK 2.1,M&C,75827,Kati,91,4533,24,16
8254,ORC,JFK 2.1,MnC,623223,BnNSpirit,55,4302,19,2
8254,ORC,JFK 2.1,undefined,15457,fly_guy,82,4200,22,1
8254,ORC,JFK 2.1,2.1,1758760,Pete,86,3813,23,15
8254,ORC,JFK 2.1,2.1,1715986,G3n3515,87,3495,21,39
8254,ORC,JFK 2.1,MnC,1668100,Xuthas,60,3294,40,0
8254,ORC,JFK 2.1,2.1,163981,EXecutioner1,86,2911,9,4
8254,ORC,JFK 2.1,2.1,1516680,MeanSaltShaker,80,2705,10,7
8254,ORC,JFK 2.1,2.1,576128,chesapeak,82,2701,18,23
8254,ORC,JFK 2.1,MnC,1865291,Nebu,31,2680,21,9
8254,ORC,JFK 2.1,aX,2016267,Kylar,76,2305,11,0
8254,ORC,JFK 2.1,PT,2106420,Rema_,31,2220,16,0
8254,ORC,JFK 2.1,aX,2193697,justmike44,22,2178,7,0
8254,ORC,JFK 2.1,2.1,1755703,GlitchedZombie,63,2008,12,0
8254,ORC,JFK 2.1,M&C,1857498,Admiral-Ol,45,1788,53,0
8254,ORC,JFK 2.1,MnC,2003412,Vikenstein,63,1558,36,0
8254,ORC,JFK 2.1,2.1,177889,gurfling,85,1489,5,0
8254,ORC,JFK 2.1,aX,2173789,ThirteenMD,30,1402,14,0
8254,ORC,JFK 2.1,MnC,2038846,sawfish,77,1290,8,0
8254,ORC,JFK 2.1,aX,2188883,Libbiely,25,1218,9,0
8254,ORC,JFK 2.1,PT,2184612,Chef_Liam,30,1144,28,0
8254,ORC,JFK 2.1,undefined,2209086,Frikeer,25,1044,9,0
8254,ORC,JFK 2.1,aX,2186744,tripmaen,31,1021,9,0
8254,ORC,JFK 2.1,MnC,2016736,Dutchie,73,1007,12,1
8254,ORC,JFK 2.1,aX,2195500,travisteck,30,937,11,0
8254,ORC,JFK 2.1,BOX ,1948542,Valar_Morghulis,68,899,7,0
8254,ORC,JFK 2.1,M&C,530518,Timoteo32,66,847,13,0
8254,ORC,JFK 2.1,MnC,1941743,mogambo,66,822,6,5
8254,ORC,JFK 2.1,undefined,1326851,ToyotaSupraTT,94,798,6,15
8254,ORC,JFK 2.1,PT,2174915,Itza_me_MARIOO,28,736,11,0
8254,ORC,JFK 2.1,aX,2187330,Sweetiest,31,708,15,0
8254,ORC,JFK 2.1,MnC,2029248,Aelius,51,700,25,3
8254,ORC,JFK 2.1,aX,2227662,RunningRhino,20,631,14,0
8254,ORC,JFK 2.1,MnC,1865083,AmonCyn,40,563,9,6
8254,ORC,JFK 2.1,M&C,2063435,Abdullah,73,446,15,9
8254,ORC,JFK 2.1,MnC,1957485,Alinon,62,432,17,0
8254,ORC,JFK 2.1,M&C,1707129,Hawksmere,71,321,5,0
8254,ORC,JFK 2.1,aX,2193683,s0me1ne,20,268,4,0
8254,ORC,JFK 2.1,MnC,1858955,Chadwick369,61,260,6,0
8254,ORC,JFK 2.1,MnC,1778268,Quan,79,233,3,0
8254,ORC,JFK 2.1,aX,2229570,Rudotel,20,221,8,0
8254,ORC,JFK 2.1,2.1,1097960,straya,67,206,2,1
8254,ORC,JFK 2.1,aX,2222928,BuckSatan,22,55,7,0
8254,ORC,JFK 2.1,aX,2223760,FoxyBitch,21,34,6,0
8254,ORC,JFK 2.1,2.1,273777,Remy,66,0,1,0

8255,HBF,Forged Through War,FTW,1455847,Para,100,33677,3,8
8255,HBF,Forged Through War,FTW,507888,critch,100,33461,8,3
8255,HBF,Forged Through War,FTW,488305,bloodninja,90,31138,8,0
8255,HBF,Forged Through War,ELTI,1534164,Shibby,99,30484,6,0
8255,HBF,Forged Through War,FTW,1370503,BigD,96,27864,9,0
8255,HBF,Forged Through War,FTW,843586,Majsan,85,26672,7,1
8255,HBF,Forged Through War,FTW,1579644,AFluffyPenguin,67,22960,1,0
8255,HBF,Forged Through War,FTW,1057741,wolvie,90,22581,1,0
8255,HBF,Forged Through War,FTW,589436,queenofoctober,73,22552,1,0
8255,HBF,Forged Through War,FTW,340367,Kelsie,60,21501,3,0
8255,HBF,Forged Through War,undefined,1345609,bright,97,20851,4,0
8255,HBF,Forged Through War,R*1,1337627,Afwas,100,18645,4,0
8255,HBF,Forged Through War,FTW,2039424,windy,75,16328,21,0
8255,HBF,Forged Through War,FTW,1461511,Eagle_Eye,96,15594,3,0
8255,HBF,Forged Through War,FTW,1403604,ieatcarpets,96,15371,2,0
8255,HBF,Forged Through War,FTW,451775,Chuck_Berry,94,14816,2,0
8255,HBF,Forged Through War,C.R,1446761,frostedclaws,90,14026,2,0
8255,HBF,Forged Through War,FTW,1591334,Miracle,86,12607,3,0
8255,HBF,Forged Through War,FTW,1455642,BFM,100,12371,6,0
8255,HBF,Forged Through War,FTW,541636,Pluto,100,10421,1,0
8255,HBF,Forged Through War,FTW,1337407,wayyeewooo,85,10012,3,0
8255,HBF,Forged Through War,FTW,1451572,Tango20,97,9279,1,0
8255,HBF,Forged Through War,FTW,1881017,Paul316,89,8946,6,0
8255,HBF,Forged Through War,FTW,1043426,ColdDeadFingers,99,7875,1,0
8255,HBF,Forged Through War,FTW,1075643,Gun_Ru,89,6498,10,0
8255,HBF,Forged Through War,FTW,457059,VeteranDemon,84,5760,7,0
8255,HBF,Forged Through War,FTW,473887,__Jamie-_,96,5643,1,0
8255,HBF,Forged Through War,FTW,99177,BodyBagger,100,5091,2,1
8255,HBF,Forged Through War,FTW,1649855,LPA831,79,4399,4,0
8255,HBF,Forged Through War,FTW,463193,Old_Fart,100,3474,1,1
8255,HBF,Forged Through War,FTW,169887,Lefthook,97,3351,2,0
8255,HBF,Forged Through War,R*1,1523811,GoldenFeel,99,2970,1,1
8255,HBF,Forged Through War,FTW,997335,Oni,82,2416,1,0
8255,HBF,Forged Through War,FTW,425082,Adofoliverbush,84,2264,3,0
8255,HBF,Forged Through War,FTW,100814,j3r3,83,1999,1,0
8255,HBF,Forged Through War,FTW,420120,VII,92,1727,3,0
8255,HBF,Forged Through War,FTW,308961,ACE_,76,1674,3,0
8255,HBF,Forged Through War,FTW,1881722,Scalper,90,1561,3,1
8255,HBF,Forged Through War,FTW,2061662,Orca,70,1559,4,0
8255,HBF,Forged Through War,FTW,134432,MataGelap,91,1450,1,0
8255,HBF,Forged Through War,FTW,1577937,Asator,85,1433,14,0
8255,HBF,Forged Through War,FLUX,479105,mOsSieFieD,78,1106,1,0
8255,HBF,Forged Through War,FTW,61828,Scary,90,918,1,0
8255,HBF,Forged Through War,FTW,1691188,Six,76,624,4,0
8255,HBF,Forged Through War,FTW,944713,malamute1,100,567,1,1
8255,HBF,Forged Through War,FTW,463739,DeadKennedy,90,458,1,0
8255,HBF,Forged Through War,FTW,1831700,Saeger,85,268,3,0
8255,HBF,Forged Through War,FTW,2071751,Chael_Sorrow,55,254,2,0
8255,HBF,Forged Through War,FTW,64901,Spooks,86,186,2,0
8255,HBF,Forged Through War,FTW,1338804,cockroach,100,115,1,0
8255,HBF,Forged Through War,FTW,1984831,Evil_Clown,50,97,1,0
8255,HBF,JFK,JFK™,247674,Z_junior,100,2729,1,5
8255,HBF,JFK,2.1,1637653,Apo,95,412,3,0
8255,HBF,JFK,JFK™,1568669,Boxer,100,185,1,0
8255,HBF,JFK,JFK™,868334,Tiller,100,161,1,0
8255,HBF,JFK,JFK™,380980,Sky,100,129,1,0
8255,HBF,JFK,2.1,1022640,Izzanods,100,124,1,0
8255,HBF,JFK,JFK™,980075,Azrael,97,106,1,0
8255,HBF,JFK,MnC,1703824,LoneGunman,95,97,3,7
8255,HBF,JFK,JFK™,424998,UBIK,100,88,1,0
8255,HBF,JFK,JFK™,345050,CindyFury,100,78,1,0
8255,HBF,JFK,MnC,1530413,RD_,93,78,1,1
8255,HBF,JFK,M&C,1290526,G-STAR01,92,49,1,1
8255,HBF,JFK,JFK™,270517,rjkc4,100,47,1,0
8255,HBF,JFK,JFK™,1544641,boo,91,45,1,0
8255,HBF,JFK,2.1,1762095,Kallesoee,86,16,1,0
8255,HBF,JFK,undefined,465462,doms,72,15,1,0
8255,HBF,JFK,MnC,1499158,breezymyneezy,70,0,0,1
8255,HBF,JFK,PT,60666,alguem,100,0,0,1
8255,HBF,JFK,JFK™,1022655,Zziox,61,0,0,1
8255,HBF,JFK,MnC,420044,pingkings,26,0,0,1
8255,HBF,JFK,JFK™,1854679,Daisy_Lynn,88,0,0,4

8257,MTC,MediCare,Pony,1590427,ScootaIoo,99,30728,1,0
8257,MTC,MediCare,MnC,187808,Salvatore87,90,25714,1,0
8257,MTC,MediCare,M&C,42179,A_B34R,99,25179,1,2
8257,MTC,JFR, JFR,768116,Twist3dInferno,64,259424,1,0
8257,MTC,JFR, JFR,1457236,Andy_Social,85,259424,1,0
8257,MTC,JFR, JFR,67769,Sarem,72,259424,1,0
8257,MTC,JFR, JFR,1293957,_13_,88,259424,1,0
8257,MTC,JFR, JFR,1198956,Ninja29,73,259424,1,0
8257,MTC,JFR, JFR,122369,Slevin,77,259424,1,0
8257,MTC,JFR, JFR,692719,t0ffa,91,173222,1,0
8257,MTC,JFR, JFR,469324,smartj,65,139635,3,0
8257,MTC,JFR, JFR,136084,britishbulldog,75,132321,1,0
8257,MTC,JFR, JFR,138635,Code0,95,128297,2,0
8257,MTC,JFR, JFR,1708715,Mcdooglebrown,71,120815,1,0
8257,MTC,JFR, JFR,1414266,Wibber2959,67,119010,1,0
8257,MTC,JFR, JFR,329461,BjornAgain,77,112962,1,0
8257,MTC,JFR, JFR,673647,L0Ni_BaBYY,58,83866,2,0
8257,MTC,JFR, JFR,959750,RenegadeMsTres,65,77526,1,0
8257,MTC,JFR, JFR,202687,Lethal,85,77526,1,0
8257,MTC,JFR,2.1,707073,STEALTH,75,74729,2,0
8257,MTC,JFR, JFR,382815,YoBigDaddy,81,70587,1,0
8257,MTC,JFR, JFR,914520,cakesy,67,49171,1,0
8257,MTC,JFR, JFR,490463,halcyon,77,40651,1,0
8257,MTC,JFR, JFR,105083,Owyeah,71,32666,1,0
8257,MTC,JFR, JFR,1640970,forgey,89,30729,1,0
8257,MTC,JFR, JFR,44394,Deaf_Dog,83,26168,1,0
8257,MTC,JFR, JFR,268095,DJ__,100,21534,1,0
8257,MTC,JFR, JFR,90007,Tal,72,19580,1,0
8257,MTC,JFR, JFR,387969,Voices,87,12478,1,0
8257,MTC,JFR, JFR,461831,cappucino,71,4240,1,0
8257,MTC,JFR, JFR,83808,LeukyBear,77,2226,1,0
8257,MTC,JFR, JFR,887289,Hotshots,90,930,1,0

8258,LTC,Chain Reaction,C.R,1879587,Proxima,100,54581,24,35
8258,LTC,Chain Reaction,C.R,428286,AlleyCat,100,45875,13,18
8258,LTC,Chain Reaction,C.R,1915023,CrazedOne,99,44473,27,58
8258,LTC,Chain Reaction,~WP~,1317237,Touch,100,42697,16,32
8258,LTC,Chain Reaction,C.R,1958969,Mania,90,39859,24,8
8258,LTC,Chain Reaction,C.R,590839,-BC-Pagee,100,39634,3,4
8258,LTC,Chain Reaction,C.R,77011,DFC,100,37007,27,21
8258,LTC,Chain Reaction,C.R,1712182,Muttley,86,32542,44,13
8258,LTC,Chain Reaction,C.R,1010587,myshoeshurt,100,32120,25,3
8258,LTC,Chain Reaction,C.R,1998312,MrLovePants,86,31798,8,0
8258,LTC,Chain Reaction,C.R,1525609,RefleX_,98,28519,14,9
8258,LTC,Chain Reaction,C.R,1352251,ChristmasBazaar,100,28290,15,46
8258,LTC,Chain Reaction,C.R,512975,Scuba,90,28233,1,1
8258,LTC,Chain Reaction,~WP~,1922819,Michi,90,27661,77,13
8258,LTC,Chain Reaction,C.R,1579270,PsycWard,91,25847,34,13
8258,LTC,Chain Reaction,~WP~,2003190,kittenaround,85,25168,57,5
8258,LTC,Chain Reaction,~WP~,1554256,DoinYaMom,98,25028,15,40
8258,LTC,Chain Reaction,C.R,360957,CaptainBiceps,99,24944,9,6
8258,LTC,Chain Reaction,C.R,1814138,Lilith,94,24816,7,1
8258,LTC,Chain Reaction,C.R,1491264,Aldous_Snow,91,24052,3,0
8258,LTC,Chain Reaction,C.R,1648788,_7_,94,23226,24,9
8258,LTC,Chain Reaction,C.R,1420465,Mujera,82,21376,68,9
8258,LTC,Chain Reaction,C.R,1868288,Cartis,83,21247,9,2
8258,LTC,Chain Reaction,C.R,388263,iLL0GiCaLL0GiC,87,20651,3,0
8258,LTC,Chain Reaction,C.R,1884314,MeanMike,95,18559,51,11
8258,LTC,Chain Reaction,C.R,1288134,Browe,99,17672,21,21
8258,LTC,Chain Reaction,C.R,1697426,BrewDog,100,17088,5,3
8258,LTC,Chain Reaction,R*1,1825532,Alexstrasza,100,16998,2,48
8258,LTC,Chain Reaction,C.R,2042332,jjinn,84,15865,37,11
8258,LTC,Chain Reaction,C.R,1914682,-DEL-,93,15564,33,10
8258,LTC,Chain Reaction,C.R,450820,Hydra,95,15383,3,1
8258,LTC,Chain Reaction,C.R,1899531,zaje,88,15076,10,2
8258,LTC,Chain Reaction,C.R,1763067,Somebody,86,14319,3,0
8258,LTC,Chain Reaction,R*1,748022,Kookaburra,100,14248,10,28
8258,LTC,Chain Reaction,C.R,249471,Decisive_Fire,90,14121,34,6
8258,LTC,Chain Reaction,C.R,202258,piney,100,13775,10,40
8258,LTC,Chain Reaction,C.R,496570,hustl3r,93,13658,4,2
8258,LTC,Chain Reaction,R*1,900534,Dekloren,100,13593,1,0
8258,LTC,Chain Reaction,C.R,209070,Tascon,100,13557,7,7
8258,LTC,Chain Reaction,~WP~,1716970,loveu2,94,11904,23,17
8258,LTC,Chain Reaction,C.R,1865243,IamIke,79,10991,40,1
8258,LTC,Chain Reaction,C.R,148961,Thrie,100,10840,45,29
8258,LTC,Chain Reaction,C.R,871983,YOUROWNER,95,10793,4,1
8258,LTC,Chain Reaction,C.R,2001661,DrunkPunk,83,9143,2,0
8258,LTC,Chain Reaction,C.R,1921594,Norm,90,8606,15,13
8258,LTC,Chain Reaction,C.R,1982831,VinnyCarwash,89,7721,39,23
8258,LTC,Chain Reaction,C.R,125079,No-Stress,99,6403,4,4
8258,LTC,Chain Reaction,C.R,1339003,Perioda,91,6171,2,1
8258,LTC,Chain Reaction,R*1,1337627,Afwas,100,5929,7,24
8258,LTC,Chain Reaction,C.R,1996277,Metaldog,80,5448,18,0
8258,LTC,Chain Reaction,C.R,1988609,Dralcon,81,5257,7,0
8258,LTC,Chain Reaction,C.R,439035,BullsCry,90,4599,6,3
8258,LTC,Chain Reaction,C.R,361121,Breadfan,95,4550,3,9
8258,LTC,Chain Reaction,C.R,1857028,CerealKillaKyle,93,4481,9,4
8258,LTC,Chain Reaction,C.R,1553098,HV-Soldier,98,4454,9,4
8258,LTC,Chain Reaction,C.R,575512,shwibbing,80,4029,6,0
8258,LTC,Chain Reaction,C.R,2013640,Johnny_G,90,4008,3,0
8258,LTC,Chain Reaction,C.R,1265909,TGA_DeViL,95,3567,20,5
8258,LTC,Chain Reaction,C.R,1967379,Tyrion,85,3350,1,0
8258,LTC,Chain Reaction,C.R,1918071,DeusVorpal,80,2903,12,4
8258,LTC,Chain Reaction,C.R,88656,the_gunners2004,88,2779,3,0
8258,LTC,Chain Reaction,~WP~,1978428,Yautja,83,2630,7,1
8258,LTC,Chain Reaction,C.R,1015037,TEEJ,97,2324,13,12
8258,LTC,Chain Reaction,C.R,674660,Gogeta_SSJ4,85,2278,17,12
8258,LTC,Chain Reaction,C.R,972654,Jacob,96,2136,3,3
8258,LTC,Chain Reaction,C.R,750078,Captive,92,2015,6,12
8258,LTC,Chain Reaction,C.R,2011902,CrimsonXray,89,1703,6,5
8258,LTC,Chain Reaction,~WP~,1868765,Justine,89,1456,8,0
8258,LTC,Chain Reaction,C.R,2017141,TxGemini,85,1177,11,0
8258,LTC,Chain Reaction,R*1,1732212,Hank,100,1077,2,6
8258,LTC,Chain Reaction,C.R,460247,Hippopotamus,95,972,1,0
8258,LTC,Chain Reaction,C.R,1920851,0tt3r,83,925,4,0
8258,LTC,Chain Reaction,HB1,1609308,Judea,100,897,1,1
8258,LTC,Chain Reaction,C.R,1416950,Love_Muffin,78,868,2,0
8258,LTC,Chain Reaction,C.R,12469,Tygra,91,713,3,6
8258,LTC,Chain Reaction,R*1,108922,HT-Supermikk,100,618,1,6
8258,LTC,Chain Reaction,C.R,2001304,RealityShift,86,595,2,0
8258,LTC,Chain Reaction,C.R,1667842,Jokur,94,395,1,0
8258,LTC,Chain Reaction,C.R,1885249,Tinybubble,90,391,1,0
8258,LTC,Chain Reaction,C.R,1601768,Mundo,90,295,6,0
8258,LTC,Chain Reaction,C.R,2021279,Raynie_,84,159,1,0
8258,LTC,Chain Reaction,C.R,942591,MaxMekker,95,0,0,2
8258,LTC,JFA,JFA,1517799,Penicillin,100,30392,13,38
8258,LTC,JFA,Bird,979003,deft,100,27421,17,64
8258,LTC,JFA,M&C,732810,Michelle-420-,100,14106,31,16
8258,LTC,JFA,PT,169777,daCampa,100,9796,27,18
8258,LTC,JFA,JFA,687643,Vicarious,99,6619,37,25
8258,LTC,JFA,JFA,1591396,Blaze,100,5844,36,39
8258,LTC,JFA,M&C,1461614,Blackbear,95,4399,43,42
8258,LTC,JFA,JFA,1875132,Karen,85,3815,26,24
8258,LTC,JFA,JFA,1536612,TheCanadianPunk,89,2580,14,5
8258,LTC,JFA,JFA,1461513,twak,99,2404,15,17
8258,LTC,JFA,M&C,356821,neozombie,99,2379,29,29
8258,LTC,JFA,JFA,1993550,FidelCashflow,86,2323,50,35
8258,LTC,JFA,JFK™,107946,BangNapi,97,2152,9,12
8258,LTC,JFA,JFA,1846075,Stretch,95,1995,26,14
8258,LTC,JFA,JFA,254727,four,95,1951,19,36
8258,LTC,JFA,JFA,343124,M3G47HR0N,100,1845,3,0
8258,LTC,JFA,JFA,1821671,Otter,86,1733,15,0
8258,LTC,JFA,M&C,1646570,JohnCKL,98,1692,15,36
8258,LTC,JFA,JFK™,78403,CHunger,100,1671,6,0
8258,LTC,JFA,JFA,1913313,Snowball,90,1639,14,3
8258,LTC,JFA,JFA,358730,Abrams,99,1626,6,6
8258,LTC,JFA,M&C,1162351,budo_scarecrow,89,1598,12,17
8258,LTC,JFA,JFA,980873,Turtlobenzene,90,1512,15,31
8258,LTC,JFA,JFA,119434,Clifford,91,1451,18,21
8258,LTC,JFA,JFA,1598712,Tekkis,89,1419,25,2
8258,LTC,JFA,JFA,1185073,Sergeant_Major,92,1391,6,2
8258,LTC,JFA,JFA,376991,MrsMojoMofo,100,1364,7,1
8258,LTC,JFA,JFA,944515,Private,87,1345,8,2
8258,LTC,JFA,JFA,2015134,Zachjuv,87,1253,20,36
8258,LTC,JFA,JFA,1952447,EKO-Cobra,75,1098,23,12
8258,LTC,JFA,MnC,1644935,anghel,99,1095,8,12
8258,LTC,JFA,JFA,1512694,Donandres,95,1054,10,10
8258,LTC,JFA,BS,52696,Staphylococcus,87,1040,16,8
8258,LTC,JFA,JFA,496062,TED,90,1032,23,21
8258,LTC,JFA,PT,163143,Mentalist,99,938,2,0
8258,LTC,JFA,M&C,172806,weebl,100,935,6,23
8258,LTC,JFA,JFA,526512,Harris522,86,922,9,1
8258,LTC,JFA,JFA,1573265,Shadowe1,96,900,3,0
8258,LTC,JFA,JFA,1617496,Intimidator,100,883,9,24
8258,LTC,JFA,JFA,1392638,SparkyMarky,100,840,9,13
8258,LTC,JFA,JFA,1598560,Ziusc,96,833,4,1
8258,LTC,JFA,JFA,1321910,Ceberix,90,827,7,2
8258,LTC,JFA,JFA,1496632,Reagan,95,780,14,8
8258,LTC,JFA,JFA,1632322,HTTR,98,770,5,5
8258,LTC,JFA,JFA2,2136731,AnnieGwish,45,740,45,0
8258,LTC,JFA,JFA,1863998,ofgortens,96,703,7,15
8258,LTC,JFA,JFA,1558437,test90,91,662,2,0
8258,LTC,JFA,JFA,220855,kardel,93,636,4,3
8258,LTC,JFA,JFA,995650,RowdyRedneck,81,635,10,5
8258,LTC,JFA,BS,2119592,imSkyler,35,623,27,0
8258,LTC,JFA,JFA,1899758,Stente,84,618,2,1
8258,LTC,JFA,JFA,1414429,Slothex,100,614,7,31
8258,LTC,JFA,JFA,1183749,Baka,100,583,2,1
8258,LTC,JFA,JFA,1869274,Dredd,93,581,5,9
8258,LTC,JFA,JFA,866181,Deansrule,80,555,6,5
8258,LTC,JFA,JFA,259767,Big_Rico,100,551,3,0
8258,LTC,JFA,JFA,1874922,JussiJernkuuk,90,548,5,4
8258,LTC,JFA,JFA,1311397,wc_how,97,546,1,0
8258,LTC,JFA,undefined,1608221,MOBSTYLE,86,495,7,2
8258,LTC,JFA,JFA2,208697,cuddy,51,487,15,0
8258,LTC,JFA, JFR,1778428,Fox,90,472,7,8
8258,LTC,JFA,JFK™,206758,Thief,100,467,4,10
8258,LTC,JFA,JFA,1613784,IN_COLD_BLOOD,85,425,8,10
8258,LTC,JFA,JFA,1935006,Chronasseur,80,422,7,5
8258,LTC,JFA,JFA2,2003693,Hcom3,76,411,7,0
8258,LTC,JFA,JFA,1580503,bloodbaine,91,408,4,8
8258,LTC,JFA,JFA,2095076,CRLF,45,391,18,0
8258,LTC,JFA,JFA,1635353,Knuckles,89,388,1,0
8258,LTC,JFA,M&C,304440,skorp,99,386,4,5
8258,LTC,JFA,JFK™,1570883,Nova,100,384,7,17
8258,LTC,JFA,JFA,567927,Slashh,91,356,3,3
8258,LTC,JFA,JFA,1563953,DieHardGunner,90,319,3,4
8258,LTC,JFA,JFA,573947,Punch_Drunk,92,318,1,1
8258,LTC,JFA,JFA,518314,RidgeRunner,100,314,5,6
8258,LTC,JFA,JFA,262593,Flander,97,297,1,0
8258,LTC,JFA,JFA2,2149351,Lilypop,32,246,9,0
8258,LTC,JFA,JFA,1933955,John,88,235,1,2
8258,LTC,JFA,PT,345322,lost_soulx,96,209,3,3
8258,LTC,JFA,M&C,144651,UNRIVALED,100,183,1,0
8258,LTC,JFA,UP,2086034,EagleScream,40,178,11,0
8258,LTC,JFA,JFA2,1065848,Hospitalize,50,174,3,0
8258,LTC,JFA,JFA,1869119,prehensile,93,170,2,3
8258,LTC,JFA,JFA,1966136,Armag3ddoN,83,159,8,0
8258,LTC,JFA,JFK™,38747,Concrete_Shoes,100,140,1,1
8258,LTC,JFA,JFA,1862952,Psychotica,98,137,2,4
8258,LTC,JFA,PT,112147,Maikye,96,126,2,3
8258,LTC,JFA,JFA,1866260,-prodigy-,86,119,3,2
8258,LTC,JFA, JFR,1261819,g_ho,93,117,1,0
8258,LTC,JFA,MnC,1582143,-FC-,39,87,3,2
8258,LTC,JFA,M&C,231334,Kanzu,96,86,2,3
8258,LTC,JFA,PT,997655,evilf9,99,71,1,0
8258,LTC,JFA,JFA,1870725,JimmyC,80,62,2,0
8258,LTC,JFA,M&C,74099,ttyper,100,42,3,5
8258,LTC,JFA,undefined,24528,The_Storm,100,38,1,0
8258,LTC,JFA,JFA,1577887,Droxi,99,22,1,1
8258,LTC,JFA,JFA2,1521418,Super88,81,21,1,1
8258,LTC,JFA,JFA,865822,-Ryan,89,20,1,1

8260,OKD,Relentless,R*1,1811936,madbuns,100,54362,6,20
8260,OKD,Relentless,R*1,511272,Seth,100,46199,4,10
8260,OKD,Relentless,C.R,1955477,Rowdy_Rebel357,86,39268,30,23
8260,OKD,Relentless,R*1,1127528,Fanatic,100,38355,7,7
8260,OKD,Relentless,R*1,1109901,ZaumonL,95,38313,5,0
8260,OKD,Relentless,R*1,108862,Cirice,100,35061,2,1
8260,OKD,Relentless,R*1,1888994,Momo,96,34028,10,13
8260,OKD,Relentless,R*1,1847600,Baldr,98,33487,4,2
8260,OKD,Relentless,R*1,812478,MightyGoober,100,32534,4,2
8260,OKD,Relentless,R*1,1154897,Milosh,100,29881,10,9
8260,OKD,Relentless,R*1,38031,Pascal,100,28832,5,3
8260,OKD,Relentless,R*1,958018,uLtraZ,100,28356,6,11
8260,OKD,Relentless,R*1,1148150,natty1066,98,28270,11,4
8260,OKD,Relentless,R*1,895688,Wicka,100,27469,2,11
8260,OKD,Relentless,R*1,1887093,pops333,98,27386,5,5
8260,OKD,Relentless,JUX,420116,brendan106,98,24424,3,0
8260,OKD,Relentless,R*1,442254,Montana,100,24158,4,5
8260,OKD,Relentless,R*1,194822,Illusions,99,22772,3,5
8260,OKD,Relentless,R*1,1832759,CrookedPaper,93,22448,3,7
8260,OKD,Relentless,R*1,1420951,bulldog1,99,21133,3,1
8260,OKD,Relentless,R*1,1825532,Alexstrasza,100,19755,2,4
8260,OKD,Relentless,R*1,89388,hiphopsoldier,96,19306,16,10
8260,OKD,Relentless,R*1,1503918,PhaNToM,95,19125,6,1
8260,OKD,Relentless,undefined,1580868,Monkeymia,97,18334,1,0
8260,OKD,Relentless,R*1,1153517,Shutter,100,16093,4,4
8260,OKD,Relentless,R*1,50716,Honey-Badger,94,16063,2,3
8260,OKD,Relentless,PIL1,1599136,winguard,90,16060,12,0
8260,OKD,Relentless,R*1,429874,Rumple4skinz,97,15898,8,7
8260,OKD,Relentless,R*1,1629756,Lord_Gorgen,100,15383,7,10
8260,OKD,Relentless,R*1,1793493,Rocmann,92,14636,4,3
8260,OKD,Relentless,R*1,295516,Navahoes,100,13954,10,11
8260,OKD,Relentless,R*1,1713565,Yeezy,89,12718,15,4
8260,OKD,Relentless,R*1,1974874,PapaEmeritus,87,12671,7,1
8260,OKD,Relentless,R*1,1798354,KaguroX,95,12175,3,1
8260,OKD,Relentless,R*1,1685702,Bezee,90,12040,5,5
8260,OKD,Relentless,R*1,1602605,Joxer,100,11808,4,3
8260,OKD,Relentless,R*1,1953860,RGiskard,100,11017,1,1
8260,OKD,Relentless,R*1,1625417,Yurnero,91,10910,6,0
8260,OKD,Relentless,R*1,1900827,Bruce-LeeFFS,95,10218,10,3
8260,OKD,Relentless,C.R,329437,Teddybears,94,8746,12,3
8260,OKD,Relentless,39X,1880839,Hedas,94,8439,2,0
8260,OKD,Relentless,R*1,1705890,DarkMaid,97,7695,2,1
8260,OKD,Relentless,R*1,1740595,BadDutchie,95,7601,2,1
8260,OKD,Relentless,R*1,1970958,Echo,89,7545,10,1
8260,OKD,Relentless,C.R,1967332,MBX,90,7137,9,1
8260,OKD,Relentless,R*1,295553,Lek,85,6671,12,2
8260,OKD,Relentless,R*1,705319,Scar,94,6294,6,0
8260,OKD,Relentless,R*1,1867608,decap101,90,6049,4,1
8260,OKD,Relentless,undefined,1803901,Spaghetti360,89,5802,1,1
8260,OKD,Relentless,C.R,1541749,Pandora,100,5662,1,0
8260,OKD,Relentless,R*1,784338,Crystalz,96,5384,4,5
8260,OKD,Relentless,R*1,845601,Shapke,90,5250,9,11
8260,OKD,Relentless,NUKE,36875,AzTeCsCaRfAcE,90,4861,5,5
8260,OKD,Relentless,R*1,367758,Tokig,96,4566,6,0
8260,OKD,Relentless,R*1,1921540,keego73,88,4563,10,5
8260,OKD,Relentless,R*1,1547659,Ubique,99,4230,4,0
8260,OKD,Relentless,~SA~,204836,Slork,100,4157,1,1
8260,OKD,Relentless,HeLa,1889531,thelovelymoon,90,3891,7,3
8260,OKD,Relentless,R*1,1573549,f0rk,94,3877,4,1
8260,OKD,Relentless,undefined,1722547,DnBDarryl,88,2794,4,0
8260,OKD,Relentless,R*1,1901801,metalkarmak,88,2352,5,1
8260,OKD,Relentless,R*1,1765291,Chigurh,96,2175,3,1
8260,OKD,Relentless,undefined,1962958,Dollhouse,84,1944,10,1
8260,OKD,Relentless,R*1,1843716,Whittlinman,92,1807,1,0
8260,OKD,Relentless,R*1,1060365,TORN_REAPER,92,1799,3,2
8260,OKD,Relentless,R*1,1739685,Habanero,95,1725,4,1
8260,OKD,Relentless,R*1,1666253,Erebus,89,1567,4,1
8260,OKD,Relentless,R*1,1025410,Pops,99,1097,1,0
8260,OKD,Relentless,R*1,1044213,Imrahil,100,891,1,0
8260,OKD,Relentless,R*1,671797,sexxysweety,92,822,1,1
8260,OKD,Relentless,~SA~,1639350,Rockem,92,643,1,0
8260,OKD,Relentless,R*1,1882094,GeorgeCostanza,89,334,2,0
8260,OKD,Relentless,R*1,238634,Mover,85,298,1,0
8260,OKD,Relentless,R*1,82801,ShadowStriker,85,280,1,0
8260,OKD,Relentless,R*1,420053,Agent327,95,213,1,0
8260,OKD,Relentless,R*1,1920048,William_Joker,83,108,1,1
8260,OKD,Relentless,R*1,2033210,OSA,84,92,1,2
8260,OKD,JFK 2.1,undefined,1480987,Eternal,95,7487,12,23
8260,OKD,JFK 2.1,2.1,52055,Longbow,100,7119,6,21
8260,OKD,JFK 2.1,M&C,75827,Kati,91,6791,31,25
8260,OKD,JFK 2.1,M&C,560161,DiamondAce,100,4609,14,31
8260,OKD,JFK 2.1,MMCP,919365,GreeDy,99,4368,4,4
8260,OKD,JFK 2.1,M&C,1307523,Drieke,100,3402,2,12
8260,OKD,JFK 2.1,undefined,1599856,Makod,96,2524,3,1
8260,OKD,JFK 2.1,JFK™,250755,SeaLion,96,2299,8,2
8260,OKD,JFK 2.1,HERO,464386,zorroxtreme,95,2010,3,17
8260,OKD,JFK 2.1,2.1,88497,MrJohnnyTorrio,75,1965,12,0
8260,OKD,JFK 2.1,JFK™,191408,Madame_Tussaud,92,1952,6,2
8260,OKD,JFK 2.1,MnC,623223,BnNSpirit,55,1816,16,0
8260,OKD,JFK 2.1,JFK™,74835,Aries21,100,1777,2,7
8260,OKD,JFK 2.1,M&C,968180,Whaleter,96,1742,11,15
8260,OKD,JFK 2.1,MnC,1858955,Chadwick369,61,1607,20,0
8260,OKD,JFK 2.1,MnC,1586263,EzraRaihan,56,1427,8,5
8260,OKD,JFK 2.1,MMCP,550363,Bayinnaung,91,1422,4,0
8260,OKD,JFK 2.1,2.1,1758760,Pete,86,1386,3,0
8260,OKD,JFK 2.1,JFK™,180202,SenSational,100,1316,1,5
8260,OKD,JFK 2.1,aX,2193683,s0me1ne,20,1197,12,0
8260,OKD,JFK 2.1,2.1,517092,Karalynn,95,1188,3,12
8260,OKD,JFK 2.1,MnC,1643018,MagicDust,90,1167,5,2
8260,OKD,JFK 2.1,JFK™,912780,Flat,99,1153,8,6
8260,OKD,JFK 2.1,JFK™,979994,Madmiketyson,100,1151,1,0
8260,OKD,JFK 2.1,DoA,865748,Shindig,71,1128,8,0
8260,OKD,JFK 2.1,M&C,1324531,McLaurens,90,1128,1,1
8260,OKD,JFK 2.1,PT,1132337,LumbricuS,90,1124,7,3
8260,OKD,JFK 2.1,JFK™,1407331,Huzaifah,93,1061,7,13
8260,OKD,JFK 2.1,undefined,1389080,Collete,100,990,1,1
8260,OKD,JFK 2.1,undefined,219886,Jeff_the_Clot,50,987,10,0
8260,OKD,JFK 2.1,JFK™,422033,Esper,100,963,1,0
8260,OKD,JFK 2.1,M&C,878252,Naryus,95,916,1,0
8260,OKD,JFK 2.1,JFK™,887159,FSTWRX,100,882,1,11
8260,OKD,JFK 2.1,JFK™,988807,HairyHarry,89,819,3,2
8260,OKD,JFK 2.1,PT,452527,MolonLab308,75,813,9,0
8260,OKD,JFK 2.1,2.1,337027,THEN00B,65,759,5,0
8260,OKD,JFK 2.1,2.1,642144,oO_sniper_Oo,80,739,3,4
8260,OKD,JFK 2.1,2.1,369658,Skullface,79,710,3,0
8260,OKD,JFK 2.1,2.1,247787,PANDILLERO,80,663,6,1
8260,OKD,JFK 2.1,JFK™,294501,PRichy,94,579,2,0
8260,OKD,JFK 2.1,M&C,1841988,razzaonpc,99,568,6,1
8260,OKD,JFK 2.1,M&C,530518,Timoteo32,66,553,2,0
8260,OKD,JFK 2.1,MnC,1170226,Lift,81,520,2,0
8260,OKD,JFK 2.1,2.1,1598729,realistassasin,53,505,7,0
8260,OKD,JFK 2.1,MMCP,883184,Spectre,98,485,1,0
8260,OKD,JFK 2.1,MnC,1740703,Relayer,99,470,3,3
8260,OKD,JFK 2.1,2.1,1538531,LaDy_LoLLi,80,445,8,0
8260,OKD,JFK 2.1,JFK™,1662311,Livingdedgirl,86,420,4,1
8260,OKD,JFK 2.1,2.1,253041,Sinkhan,93,412,3,2
8260,OKD,JFK 2.1,JFK™,318855,Skeletron,90,402,2,3
8260,OKD,JFK 2.1,2.1,1961735,Fenrir,72,397,6,0
8260,OKD,JFK 2.1,undefined,1326851,ToyotaSupraTT,94,378,3,7
8260,OKD,JFK 2.1,PT,2174915,Itza_me_MARIOO,28,373,2,0
8260,OKD,JFK 2.1,BOX ,1948542,Valar_Morghulis,68,373,7,2
8260,OKD,JFK 2.1,2.1,163981,EXecutioner1,86,357,2,2
8260,OKD,JFK 2.1,MnC,2003412,Vikenstein,63,288,6,0
8260,OKD,JFK 2.1,aX,2229570,Rudotel,20,253,3,0
8260,OKD,JFK 2.1,PT,2184612,Chef_Liam,30,248,3,0
8260,OKD,JFK 2.1,MnC,1612389,Gerhalt,91,232,2,1
8260,OKD,JFK 2.1,MnC,1865291,Nebu,31,226,2,1
8260,OKD,JFK 2.1,2.1,641520,Ilmatar,94,205,3,4
8260,OKD,JFK 2.1,2.1,453063,Hani,70,166,1,0
8260,OKD,JFK 2.1,M&C,148386,eveo,95,162,2,1
8260,OKD,JFK 2.1,MnC,1668100,Xuthas,60,154,2,0
8260,OKD,JFK 2.1,aX,2186744,tripmaen,31,140,1,0
8260,OKD,JFK 2.1,aX,2193697,justmike44,22,119,2,0
8260,OKD,JFK 2.1,aX,2227662,RunningRhino,20,110,1,0
8260,OKD,JFK 2.1,2.1,1536895,Ozz,47,103,2,3
8260,OKD,JFK 2.1,M&C,74099,ttyper,100,98,1,2
8260,OKD,JFK 2.1,2.1,177889,gurfling,85,93,1,0
8260,OKD,JFK 2.1,undefined,15457,fly_guy,82,90,2,1
8260,OKD,JFK 2.1,M&C,1617456,Shot_Ta_Bitz,79,89,1,0
8260,OKD,JFK 2.1,PT,2106420,Rema_,31,86,4,0
8260,OKD,JFK 2.1,JFK™,132296,Pand0ra,100,83,1,0
8260,OKD,JFK 2.1,MnC,1941743,mogambo,66,80,1,1
8260,OKD,JFK 2.1,aX,2016267,Kylar,76,78,2,0
8260,OKD,JFK 2.1,2.1,807411,Everglide,88,59,1,0
8260,OKD,JFK 2.1,M&C,130690,Venz,97,38,1,3
8260,OKD,JFK 2.1,aX,2195500,travisteck,30,34,1,0
8260,OKD,JFK 2.1,2.1,328231,Bingbonghippy,86,15,1,0
8260,OKD,JFK 2.1,2.1,864830,Pingu4ever,15,12,1,0
8260,OKD,JFK 2.1,M&C,1791283,Vinkuun,99,10,1,4
8260,OKD,JFK 2.1,2.1,1755703,GlitchedZombie,63,3,1,0
8260,OKD,JFK 2.1,2.1,1064389,RevLitterbox,98,0,0,4
8260,OKD,JFK 2.1,JFK™,1187920,XIII,98,0,0,4
8260,OKD,JFK 2.1,NOOB,2726,T-Rex,96,0,0,6
8260,OKD,JFK 2.1,undefined,467642,Scorpious,99,0,0,8
8260,OKD,JFK 2.1,M&C,1030698,Graphite,98,0,0,1

8262,FPF,Chain Reaction,C.R,1339003,Perioda,91,48004,1,0
8262,FPF,Chain Reaction,C.R,2019440,Nefarious_,87,41239,1,0
8262,FPF,Chain Reaction,C.R,1491264,Aldous_Snow,91,37622,1,0
8262,FPF,Chain Reaction,C.R,12469,Tygra,91,33914,1,0
8262,FPF,Chain Reaction,C.R,1697426,BrewDog,100,31693,1,0
8262,FPF,Chain Reaction,C.R,1814138,Lilith,94,29856,4,0
8262,FPF,Chain Reaction,C.R,1958969,Mania,90,28163,5,0
8262,FPF,Chain Reaction,C.R,512975,Scuba,90,27133,1,0
8262,FPF,Chain Reaction,C.R,1763067,Somebody,86,21752,1,0
8262,FPF,Chain Reaction,C.R,1805217,Devoid,84,16915,1,0
8262,FPF,Chain Reaction,C.R,1868288,Cartis,83,16901,3,0
8262,FPF,Chain Reaction,C.R,1857028,CerealKillaKyle,93,12074,1,0
8262,FPF,Chain Reaction,C.R,2011902,CrimsonXray,89,12062,2,4
8262,FPF,Chain Reaction,C.R,575512,shwibbing,80,9546,2,0
8262,FPF,Chain Reaction,~WP~,1922819,Michi,90,8389,2,0
8262,FPF,Chain Reaction,C.R,972654,Jacob,96,7858,1,2
8262,FPF,Chain Reaction,~WP~,1317237,Touch,100,6737,3,0
8262,FPF,Chain Reaction,C.R,1288134,Browe,99,6243,1,0
8262,FPF,Chain Reaction,C.R,1914682,-DEL-,93,5982,6,0
8262,FPF,Chain Reaction,C.R,1010587,myshoeshurt,100,5950,4,0
8262,FPF,Chain Reaction,C.R,942591,MaxMekker,95,5778,1,0
8262,FPF,Chain Reaction,C.R,1420465,Mujera,82,5737,4,0
8262,FPF,Chain Reaction,C.R,1865243,IamIke,79,5482,2,0
8262,FPF,Chain Reaction,C.R,209070,Tascon,100,5138,1,0
8262,FPF,Chain Reaction,C.R,1921594,Norm,90,4490,1,0
8262,FPF,Chain Reaction,C.R,1996277,Metaldog,80,4206,3,0
8262,FPF,Chain Reaction,C.R,1918071,DeusVorpal,80,4014,2,0
8262,FPF,Chain Reaction,C.R,1915023,CrazedOne,99,3987,2,0
8262,FPF,Chain Reaction,C.R,1884314,MeanMike,95,2405,2,0
8262,FPF,Chain Reaction,C.R,1988609,Dralcon,81,1720,1,0
8262,FPF,Chain Reaction,C.R,1265909,TGA_DeViL,95,1066,2,0
8262,FPF,Chain Reaction,C.R,249471,Decisive_Fire,90,958,2,0
8262,FPF,Chain Reaction,C.R,750078,Captive,92,831,1,0
8262,FPF,Chain Reaction,~WP~,2003190,kittenaround,85,779,2,0
8262,FPF,Chain Reaction,C.R,439035,BullsCry,90,640,1,0
8262,FPF,Chain Reaction,C.R,2013640,Johnny_G,90,470,1,0
8262,FPF,Chain Reaction,C.R,674660,Gogeta_SSJ4,85,351,3,0
8262,FPF,Chain Reaction,C.R,1352251,ChristmasBazaar,100,275,1,0
8262,FPF,Chain Reaction,C.R,1525609,RefleX_,98,248,1,2
8262,FPF,Chain Reaction,C.R,450820,Hydra,95,208,1,0
8262,FPF,Chain Reaction,C.R,1959944,NoGood,82,179,1,0
8262,FPF,Chain Reaction,C.R,1701390,Master3z,92,49,2,0
8262,FPF,Chain Reaction,C.R,77011,DFC,100,26,1,0
8262,FPF,Chain Reaction,C.R,1579270,PsycWard,91,23,1,0
8262,FPF,Chain Reaction,C.R,2017141,TxGemini,85,8,1,0
8262,FPF,Chain Reaction,C.R,1879587,Proxima,100,0,0,1
8262,FPF,MediCare,MnC,1927463,sharx,88,321,1,0
8262,FPF,MediCare,MnC,1580396,Piff,59,308,1,0
8262,FPF,MediCare,MnC,1394025,BrenDaRuckus,85,281,1,0
8262,FPF,MediCare,JFK™,583823,STEVE_HOLT,97,269,1,0
8262,FPF,MediCare,MnC,1397085,GuerillaMonsoon,79,255,1,0
8262,FPF,MediCare,M&C,1751079,closed,93,250,1,0
8262,FPF,MediCare,MnC,1319711,Tool,75,240,1,0
8262,FPF,MediCare,M&C,1485341,Trole,38,160,1,0
8262,FPF,MediCare,MnC,317444,calibretto,88,31,1,0
8262,FPF,MediCare,MnC,2026969,-ROY,30,30,1,0

8263,EPF,MediCare,M&C,1841988,razzaonpc,99,11174,2,0
8263,EPF,MediCare,MnC,650580,Axiborg,61,2831,8,0
8263,EPF,MediCare,MnC,1580396,Piff,59,2535,1,0
8263,EPF,MediCare,Pony,1590427,ScootaIoo,99,2473,1,0
8263,EPF,MediCare,M&C,1556113,Goggeli,100,2381,1,0
8263,EPF,MediCare,JFA,1869119,prehensile,93,2155,1,0
8263,EPF,MediCare,PT,1965595,MilkMommy,88,1963,4,0
8263,EPF,MediCare,MnC,1877282,wilbewscewter,50,1903,7,0
8263,EPF,MediCare,MnC,575559,OLLiE81,41,1758,1,0
8263,EPF,MediCare,MnC,1655708,Firefox,49,1631,1,0
8263,EPF,MediCare,MnC,200077,Gaffer,80,1603,2,0
8263,EPF,MediCare,MnC,1927463,sharx,88,1045,1,0
8263,EPF,MediCare,MnC,187808,Salvatore87,90,1002,1,0
8263,EPF,MediCare,MnC,902478,Neo_Wells,80,831,1,0
8263,EPF,MediCare,MnC,1903064,Tote_Paw,29,815,2,0
8263,EPF,MediCare,MnC,2026969,-ROY,30,537,1,0
8263,EPF,MediCare,MnC,1133783,Flipi,59,508,1,0
8263,EPF,MediCare,MnC,560745,lil5yeng,35,344,1,0
8263,EPF,MediCare,MnC,2026909,Vybz_Kartel,56,328,1,0
8263,EPF,MediCare,MnC,1987440,Depresi0n,36,286,1,0
8263,EPF,MediCare,MnC,420899,Jamrok,63,272,1,0
8263,EPF,MediCare,MnC,1188059,jurebaao,57,166,2,0
8263,EPF,MediCare,MnC,500436,Book,53,141,1,0
8263,EPF,MediCare,MnC,2078858,Noblesse,32,131,1,0
8263,EPF,MediCare,MnC,1816005,CrazyDairy,18,106,1,0
8263,EPF,MediCare,MnC,2162190,tHeGoLdEnEgg,39,98,1,0
8263,EPF,MediCare,MnC,109970,_x3_,36,75,2,0
8263,EPF,MediCare,MnC,794777,Solaire,50,52,1,0
8263,EPF,MediCare,MnC,2120884,VIP-MEN,20,40,1,0
8263,EPF,MediCare,MnC,1412126,Crimson,35,31,1,0
8263,EPF,MediCare,MnC,2054226,Viperina,35,14,1,0
8263,EPF,MediCare,MnC,1848092,JohnnyGreed,57,12,1,0
8263,EPF,Chain Reaction,C.R,942591,MaxMekker,95,212539,2,0
8263,EPF,Chain Reaction,,1551642,SSB,92,184817,1,0
8263,EPF,Chain Reaction,IA,1456558,-CaptainAmerica,99,183015,1,0
8263,EPF,Chain Reaction,C.R,448404,ChaosCat,93,175123,2,0
8263,EPF,Chain Reaction,C.R,1701390,Master3z,92,168919,4,0
8263,EPF,Chain Reaction,C.R,1416950,Love_Muffin,78,129088,5,0
8263,EPF,Chain Reaction,C.R,1805217,Devoid,84,96582,3,1
8263,EPF,Chain Reaction,C.R,1992055,JoeSomethin,73,94221,4,0
8263,EPF,Chain Reaction,C.R,460247,Hippopotamus,95,90224,2,0
8263,EPF,Chain Reaction,C.R,1907489,Tramadol,84,72575,1,0
8263,EPF,Chain Reaction,C.R,1814138,Lilith,94,69553,5,0
8263,EPF,Chain Reaction,C.R,439035,BullsCry,90,68801,2,0
8263,EPF,Chain Reaction,C.R,575512,shwibbing,80,61333,6,0
8263,EPF,Chain Reaction,C.R,1918071,DeusVorpal,80,52148,12,1
8263,EPF,Chain Reaction,C.R,1553098,HV-Soldier,98,43550,4,0
8263,EPF,Chain Reaction,C.R,249471,Decisive_Fire,90,42370,9,0
8263,EPF,Chain Reaction,C.R,1899531,zaje,88,41103,3,0
8263,EPF,Chain Reaction,C.R,1265909,TGA_DeViL,95,39417,2,0
8263,EPF,Chain Reaction,C.R,361121,Breadfan,95,35158,1,0
8263,EPF,Chain Reaction,C.R,1977742,NOLAW,86,31508,2,0
8263,EPF,Chain Reaction,~WP~,2003190,kittenaround,85,31210,1,0
8263,EPF,Chain Reaction,C.R,2013640,Johnny_G,90,29223,5,0
8263,EPF,Chain Reaction,C.R,1967379,Tyrion,85,28222,3,3
8263,EPF,Chain Reaction,C.R,2021279,Raynie_,84,26894,1,0
8263,EPF,Chain Reaction,C.R,88656,the_gunners2004,88,26626,14,1
8263,EPF,Chain Reaction,C.R,1648736,lewis_makumba,100,26046,1,0
8263,EPF,Chain Reaction,C.R,674660,Gogeta_SSJ4,85,25540,4,0
8263,EPF,Chain Reaction,C.R,1857028,CerealKillaKyle,93,23710,2,0
8263,EPF,Chain Reaction,C.R,125079,No-Stress,99,23430,1,0
8263,EPF,Chain Reaction,~WP~,1978428,Yautja,83,22333,2,0
8263,EPF,Chain Reaction,C.R,2001304,RealityShift,86,21798,1,0
8263,EPF,Chain Reaction,C.R,750078,Captive,92,21592,1,3
8263,EPF,Chain Reaction,~WP~,1317237,Touch,100,18036,3,0
8263,EPF,Chain Reaction,C.R,1697426,BrewDog,100,17784,4,2
8263,EPF,Chain Reaction,C.R,1868288,Cartis,83,17203,6,3
8263,EPF,Chain Reaction,~WP~,1922819,Michi,90,17084,4,2
8263,EPF,Chain Reaction,C.R,12469,Tygra,91,15645,2,0
8263,EPF,Chain Reaction,C.R,1712182,Muttley,86,15280,2,0
8263,EPF,Chain Reaction,C.R,450820,Hydra,95,14288,2,0
8263,EPF,Chain Reaction,C.R,972654,Jacob,96,14072,1,0
8263,EPF,Chain Reaction,C.R,209070,Tascon,100,13795,2,0
8263,EPF,Chain Reaction,~SA~,256222,MmM,97,13070,2,0
8263,EPF,Chain Reaction,C.R,1996277,Metaldog,80,12525,2,0
8263,EPF,Chain Reaction,C.R,872103,Scampi,100,12343,1,0
8263,EPF,Chain Reaction,C.R,1601768,Mundo,90,11625,4,1
8263,EPF,Chain Reaction,C.R,2011902,CrimsonXray,89,9051,4,1
8263,EPF,Chain Reaction,C.R,1884314,MeanMike,95,8457,1,0
8263,EPF,Chain Reaction,C.R,1648788,_7_,94,6097,2,0
8263,EPF,Chain Reaction,C.R,2042332,jjinn,84,6045,4,0
8263,EPF,Chain Reaction,C.R,1339003,Perioda,91,5899,2,0
8263,EPF,Chain Reaction,C.R,2017141,TxGemini,85,5425,2,0
8263,EPF,Chain Reaction,C.R,1914682,-DEL-,93,4396,1,0
8263,EPF,Chain Reaction,C.R,1352251,ChristmasBazaar,100,3700,1,0
8263,EPF,Chain Reaction,R*1,1337627,Afwas,100,3386,2,0
8263,EPF,Chain Reaction,~SA~,424299,WindDancer,92,3234,1,1
8263,EPF,Chain Reaction,39th,1668319,bacon,100,3118,2,0
8263,EPF,Chain Reaction,C.R,1010587,myshoeshurt,100,2840,3,0
8263,EPF,Chain Reaction,~WP~,1554256,DoinYaMom,98,2614,3,0
8263,EPF,Chain Reaction,C.R,1446761,frostedclaws,90,1851,3,0
8263,EPF,Chain Reaction,C.R,1998312,MrLovePants,86,1793,1,0
8263,EPF,Chain Reaction,~SA~,272331,Dave,96,1388,1,0
8263,EPF,Chain Reaction,C.R,1865243,IamIke,79,1095,3,0
8263,EPF,Chain Reaction,C.R,148961,Thrie,100,1030,4,1
8263,EPF,Chain Reaction,~WP~,1716970,loveu2,94,1023,2,0
8263,EPF,Chain Reaction,C.R,1879587,Proxima,100,971,1,0
8263,EPF,Chain Reaction,C.R,1915023,CrazedOne,99,462,1,0
8263,EPF,Chain Reaction,C.R,1420465,Mujera,82,401,1,0
8263,EPF,Chain Reaction,FTW,1033180,JS_Rep,95,342,3,0
8263,EPF,Chain Reaction,R*1,1900827,Bruce-LeeFFS,95,155,1,0
8263,EPF,Chain Reaction,C.R,2001661,DrunkPunk,83,81,2,0
8263,EPF,Chain Reaction,C.R,1579270,PsycWard,91,57,1,0
8263,EPF,Chain Reaction,R*1,1953860,RGiskard,100,12,2,0
8263,EPF,Chain Reaction,~SA~,131289,Mia,99,0,0,1